user_idx,combined_text
0,"東西是好吃的，只不過鬆餅每次一來就會覺得有點膩  但還是會一直想要吃的欲望那感覺，焗烤類感覺很不錯希望下一次去能點點看 還有千層麵一開始以為會吃不飽但是吃過才知道真正的分量是足夠的，很適合當早午餐一起吃！早餐沒吃吃這個就好滿足胃也是哈哈哈哈 ~~氣氛挺喜歡的！貓咪也很可愛 期待下次再去 點了一杯名字很好聽的質感咖啡🥰味道剛剛好不會苦澀或者很甜 非常的咖啡味~超級喜歡的 老闆人也很好！！第一次遇到是要親自設定價錢然後去付錢，時間也很不限定 就很完美 一個人靜下來讀書是個不錯的環境 一大早就來一杯咖啡精神就充足了😍 … 很喜歡現場的感覺，一進門就有在韓國釜山的咖啡廳😍好愛好愛 如果今天天氣再好一點那感覺會更讚但是天氣部分導致拍張有點還好~~東西幾乎都是有關羊奶的 喝了一杯無糖羊奶咖啡，個人感覺還好 味道很濃郁，坐在靠窗的位置好喜歡！！旁邊就是七星潭了，好愛那感覺 一進來的小巷也很好拍📸📸氛圍感拉滿了 … 戶外的座位很好看！有機會晚上再去消費一次😍😍環境很喜歡～～ … 特調咖啡很好喝~很喜歡❤️檸檬的味道也重 很愛❤️可頌的口感非常好 吃一次就會愛上！
點的是：馬告可頌+浮室特調咖啡 環境也好太喜歡了✨✨也有遇到外國人 看來都很喜歡😆期待下次再點不一樣的招牌😗 … 之前都在Google和IG看到 看著很好吃 想說這次有機會來試試看！果然！很符合 每天的甜點雖然都不一樣 但還是很適合下午茶點心～有機會還會再來二訪的👍🏻不會太甜 蜜香紅茶很推 … 宇治抹茶冰淇淋很喜歡😍😍還有竹炭鬆餅~~店裡的貓咪也超可愛的 很親人超愛的~~服務人員人很親切 鬆餅的上面奶油不會太甜配上竹炭鬆餅很剛好~吃下午茶很可以 不會很飽 分量也很剛好 有機會會再去吃一次正餐~ …"
1,"看起來樸實無華
但其實超好吃
跟一般鬆餅不一樣 … 貓咪超可愛😻😻😻 …"
2,"食材新鮮豐富，簡單調味吃的安心又滿足，滿室的綠意還有老闆友善的好態度，都讓人很舒服自在，是一家值得推薦的用心好店！ 書籍都很棒，店內咖啡手沖很順口，甜點好吃，空間非常舒服，感受的到老闆的用心～ 回來都在想念闆娘用可愛的腔調告訴我們
No latte No cappuccino No cake，
一間只賣單品咖啡的店，用咖啡原有的風味口感讓自己品嚐口味上表現的層次及美感。 … 環境很漂亮～"
3,好喝👍 … 貓咪很可愛
4,悠閒、空間大😍 … 古老的日式建築、日式庭園，加上好喝的飲料、好吃的甜點，值得一訪再訪
5,老闆對咖啡豆的專業及品質都非常棒，值得再訪的小店 環境👌好氣氛佳，餐點好吃😍😍 …
6,推薦淺培，80/杯，喝的出來烘培功力，咖啡豆的特殊味道都有，超值。 咖啡豆烘培過頭了
7,沒開也沒告示，估計倒了 貓貓五星 貓貓五星
8,"司康都是當天現做的！ 司康質地很棒，烤的也剛好很好吃，不過司康抹醬要另外買！
手沖單品 衣索比亞-這支很好喝，酸度舒服，花香果香都有出來！店內無廁所有些不方便！ 今天喝巧克力情人（單品手沖）
很好喝！！而且才90元
下次想試試看拿鐵
不過很可惜可麗露賣完了QQ 太扯了，東西好吃就算了，店員人還超好，不知道想怎樣，小狗好摸，但小狗狗跟店員比還是差太多，店員都把小狗的鋒芒蓋住了，建議再多養ㄧ隻小狗～ 貓咪可愛"
9,蛋糕很美味，嘗試了伯爵茶芝士蛋糕，超級推薦。咖啡很好，不會太黑或太酸。氣氛很好，貓很可愛（他們甚至在菜單中放了它們的簡介） 這裡的咖啡很好喝，他們自己烘焙咖啡。
10,卡布奇諾和熱巧克力製作精良。布朗尼非常棒！ 冰咖啡和熱巧克力製作精良。這是我們第一次嘗試如此美味的法式吐司。華夫餅香脆蓬鬆，搭配冰淇淋極緻美味。值得等待。如果您需要片刻安靜，這就是花蓮的最佳去處。
11,貓很可愛 咖啡很美味，提拉米蘇也很美味。老闆也很友善。
12,"餐點都很好吃很豐盛很有飽足感，而且都特別大又多
適合與朋友聚餐 ，晚上也有魔術師 特別驚奇
服務態度都很不錯
還有可愛的店狗 😆 … 雖然座位不多，但裡面的氣氛不錯，貓咪很可愛很親人
喝的跟吃的都不錯，服務也很好 😊 …"
13,"好喝 ☕️美式咖啡
-豆子的風味有點點果香味，口感輕薄
☕️咖啡拿鐵 …"
14,"好坐的地方 非常不錯的咖啡
但可能要穿長褲來喔
因為有幾隻小黑蚊>< …"
15,"入口差點就進不去了XD
充滿驚奇的咖啡屋，簡餐也不錯吃，推個喔~ 燈光好氣氛佳~~~~:)"
16,"品項眾多
適合聚餐
餐點普通 很舒服的咖啡店，佈置文青雅緻舒服，拿鐵好喝，蜜香紅茶、蜜香綠茶也很好喝，極簡風格的日系茶具襯托茶色很美。"
17,"位於小巷內的一家甜點店，甜點甜而不膩，甜點好吃飲品好喝，放鬆的好地方，若是軍、警、義消、護士還有特別小優惠！ 今天是公休日，因老板剛烤好咖啡豆，所以老板說可以營業，老板很熱心介紹咖啡豆如何選擇，磨好豆子試聞香味，再沖泡咖啡，沖泡後因水溫不同，喝起來的味道也不同。
有花香.果香.酒香
鬆餅剛上桌先吃原味，外脆內鬆軟，在搭配鮮奶油，最後淋上蜂蜜在鬆餅上別有一番風味。"
18,"真的是隱藏小巷弄裡😆
看到的第一眼我遲疑是不是找錯地方
但是老闆很親切的出來招呼 … 真材實料的美味大力推薦
招牌鬆餅等你來品嚐
老闆的另一特色是各式精品手沖咖啡 …"
19,是一個很賢靜的咖啡館，闆娘對咖啡有著豐富的見解。果茶也相當的有風味，第一次的檸檬扎片體驗，相當驚奇。店內也有插頭，很適合學生、朋友來這裏聊天使用筆電。 這是一個很chill的地方，好吃的鬆餅、獨特且充滿韻味的咖啡、醇厚的抹茶、恰到好處的氛圍，再加上老闆對食物、咖啡的堅持與心，讓本來只是不經意踏入此處的我流連不已。來到這裡請一定要吃吃看他們的鬆餅，驚奇的口感，真的可稱之為台灣獨一無二。 …
20,"好喝的咖啡！ 非常好吃 ！咖啡也好喝
鬆餅甜而不膩！
一個人也很適合來 非常推薦的一家！
義大利麵非常好吃，白醬出乎意料的濃卻不膩！
鬆餅也是第一次吃到這樣的口感，真的很鬆！ …"
21,"真心大推薦鬆餅 真的是台灣最好吃的鬆餅
天然的麵粉香 自制不加發泡劑的奶油
還有一定要喝白蘭地咖啡 跟泡泡一起喝就真的像喝白蘭地一樣 香氣久久不散在口中化開 … 巴斯克蛋糕非常的好吃綿密！"
22,鬆餅獨特的口感搭配老闆的手沖咖啡，非常棒的體驗。老闆很有熱誠地介紹每一樣產品，也會讓客人聞咖啡豆和磨出來的咖啡粉味道，很用心。最後還招待了有玉蘭花和白蘭地香氣的咖啡，平常就有自己做手沖咖啡的習慣，非常佩服老闆的功力。 老闆與闆娘非常認真對待每一杯咖啡，且非常親切！ 這是我喝過全世界最好喝的拿鐵，就在花蓮！味道簡直絕了！我要把行李箱裝滿這些咖啡豆！
23,CP值非常高的咖啡廳！餐點美味，氣氛佳！花蓮在地人真心推薦！ 很適合聊天的地方～
24,"鬆餅的口感很特別，要遵照老闆的指示才能吃到最好的滋味唷！
奶酒冰淇淋三種吃發三種感受，沒拍照就完食了😅 … 咖啡很好喝 蛋糕很好吃 😋
貓咪非常親人
環境很棒👍推推哦！ …"
25,"位在街頭邊間，空間不大但是採光因此非常好！
對面有公園可以停車，停車算方便。 … 鬆餅超好吃 不愧是全台最強
奶油超好吃 入口即化😋
貝里斯奶酒冰淇淋激推🌟 …"
26,"其實，只是經過，哈哈哈。老闆就衝出來說下午已經額滿。

第二次再訪，老闆熱心介紹+珍心款待=真的是特別的口味，老闆棒棒。心意無價 喵星人國王+貓咪皇后的童話世界！網美的咖啡星球之旅。做貓咪~好像比做人還幸福呢"
27,鬆餅外酥內軟，有空氣感，有特色，鮮奶油吃起來很順口，咖啡也非常香 咖啡好喝，甜點也好吃，店內的貓完全不怕人
28,"老闆對咖啡非常專業👀
可以喝到很多
不同風味的咖啡☕️ … 很舒服的地方 剛剛買兩杯拿鐵，非常好喝，且咖啡口感品質高"
29,餐廳風格很特別，貓咪很可愛親人 好吃好喝服務親切，拍照打卡好景點。
30,環境很棒，甜點很棒，美式跟布朗尼很搭，五星推。 手沖咖啡品質很好，價格合理，喝的出老闆的堅持XD，鬆餅也很棒，環境舒適整潔，整體五星推薦。 咖啡還不錯，環境清優，服務態度亦佳
31,清爽的鬆餅配上奶味濃厚的自製奶油，很喜歡加了蝶豆花的冰檸咖啡，味道很特別好喝 單品咖啡好喝，老闆會詢問喜好推薦，黑咖啡不用加糖順口，卡士達草莓派也超好吃
32,這是離飯店最近步行可以到的一家下午茶餐廳，內部空間不大但很溫馨，前往的朋友要注意營業時間只到18:00。 若是純品咖啡來這就對了，雖然沒有網紅景點但咖啡真的很到位，記得一定要吃鬆餅。
33,"鬆餅世界好吃,老闆還會介紹吃法.咖啡有特色 咖啡好喝"
34,很喜歡的店家，尤其是金佶冰釀咖啡我最愛喝了👍🏽很推唷! … 老闆很認真的做鬆餅，很仔細地講解鬆餅的吃法，真的沒有吃過這麼好吃的鬆餅！！！！！外酥內軟已經無法形容了！原來這才是名副其實的鬆餅！！！我來不及拍照就被我秒殺了！！歡迎大家一定要來吃❤️❤️❤️❤️❤️
35,"禮拜天隨性出遊，在花蓮火車站租了機車之後，想找一間咖啡館慢慢享受，沒想到網路上評價高的老屋咖啡沒開，這裡附近的某家咖啡館被包場，誤打誤撞走進了這裡； … 按照老闆的SOP吃鬆餅 是外面吃不到的口感
😋😋😋
手沖咖啡必喝 多人點不同的 可以品嚐不同風味 👍👍👍 …"
36,"鬆餅跟蛋糕都非常好吃！！
今天剛好沒點飲料，不過聽友人說咖啡和飲品都很好喝～
店家對寵物友善，可以牽繩就進入 … 在網路上搜尋到這間店
昨天去吃了果然沒讓我失望
老闆很熱心、專業介紹咖啡種類 …"
37,狂推奶油鬆餅🥞，奶油入口即化，不會甜膩！鬆餅有別於一般軟綿，咬下去是脆脆的，勘稱全台最好吃鬆餅不為過！😋😋 … 雞腿有入味，沙拉大份，完全不怕妳吃，哈哈😄 …
38,"好吃 好拍 擺設真的是充滿驚奇ಠ_ಠ
餐點都很平價，味道還不錯，蠻乾淨的食材。
來之前建議要訂位，桌上都有附設起司粉、番茄醬還要辣椒醬的醬料。
目前吃到都沒有什麼大缺點，推薦來這邊玩的朋友可以去吃吃看。 手沖咖啡很好喝(⁎⁍̴̛ᴗ⁍̴̛⁎)
貓貓可愛 自製優格很好吃喔(⁎⁍̴̛ᴗ⁍̴̛⁎)～
蛋糕也是超級好吃 重點是老闆&老闆娘人都超好的～～ 還有可愛的店貓 老闆很好聊天，咖啡很美味 氣氛很好 非常可愛的小店！（可惜我這次是外帶）
有禮盒可以做挑選～好喜歡洛神的🥰 … 美式咖啡分成多種口感 非常好喝
手沖的部分還算不錯會給同行的人share
甜點部分首推檸檬塔 第二是抹茶戚風 店員姊姊人很好店裏氣氛不算吵雜適合帶朋友來小聊"
39,"先說負評的主要原因，提供的飲用水有很重的消毒水味，很難喝。

前幾週跟朋友一起造訪，友人們有點鬆餅，他們有吃的說好吃，我自己沒吃就不評論了。 … 可惜半寓1.0結束，期待半寓2.0的開始 家住北濱街的我這幾年不知道經過了幾百次，因為半寓暫時收店的緣故使我走了進去。寒冷的東北季風、溫暖熟悉的手沖咖啡。因為庫存的單品豆實在有點太多所以不敢狠下心來再多買，改天會再光顧買豆子的！ 很日式很日式，少見的手沖手法，下次有機會的話想問看看有沒有虹吸壺加上陶瓷濾棒的沖煮可以喝"
40,"不管是夜間還是下午

非常適合來耍廢的地方 … 鬆餅真的是太好吃了

就算剛吃完午餐的你我 … 太鼓餅：

滿滿的松露氣恰到好處 … 老闆人超好

喝過這邊咖啡 … 濕涼的週日午後

肚子微微的飢餓 … 牛肉非常好吃

能在中午吃到牡蠣真的很爽 …"
41,"咖啡、甜食真的很頂，可以強烈感受到老闆的職人精神 我的天啊，這間店除了飲品專業好喝，布丁爽口不會太甜膩，貓貓叫大老爺也算敬業上班。
最讚的是這間店冷氣開《舒眠》我直接在座位區睡死，整間店都太舒服了。
如果你有玩寶可夢，這裡有兩個補給站，讚。"
42,"拿鐵好喝👍 服務親切  肉桂捲也超好吃 😋 … 每次 來花蓮 都一定必來吃的 超好吃鬆餅
真的 超級好吃  ❤️👍 …"
43,很適合用電腦的咖啡店，檸檬塔跟咖啡都很棒! 鬆餅真的好好吃，吃了之後好感動🐟🐟🐟 …
44,"很有品味的咖啡廳，裡面很多老闆娘做的陶器很厲害 東西非常好吃 很推薦 老闆很熱心
非常推薦自己所做的食品
表達出自己的餐點的專業 …"
45,"老闆娘漂亮大方！
氣氛很好空間很美，很適合待在這發呆休息一下～
放鬆的好地方😌 … 今天到店時服務人員說厚鬆餅已經搬家到公正街包子旁邊了，沒關係還有麻糬鬆餅～這次點限定草莓口味的，口感非常好吃，沾著奶油、冰淇淋，😋
銀絲卷是烤過的，熱熱吃沾著煉乳，甜到爆表，跟我一樣是螞蟻人一定愛不釋手。
最後麵食類點個蛤蠣麵/白醬，海鮮味超級濃，一份才$220元，附飲料，味道不馬虎！超有誠意的啦 … 第一次嘗試達克瓦茲，口感很喜歡，蛋糕也好吃。下次會去內用：） 點半份的水果鬆餅，吃完後後悔了！太好吃了，下次要點整份正常份量的，附贈的冰淇淋也好吃！

附停車位很貼心！下次會再來～"
46,"1. 裝潢美，氣氛佳，設計有巧思（大門的門把）。
2. 拿鐵好喝！ 飲料四位沒有一位喝完的，水果茶喝起來很澀很酸，很夠味的“羊”奶咖啡，重點是冷氣根本不涼，室內空氣悶，無法久坐。"
47,"東西好吃，氣氛佳❤️值得推薦的好餐廳🍴 … 咖啡及蛋糕都好吃 甜點、飲料、環境、氣氛真的都是滿分！很少見的日式復古情懷，站在門口就被深深吸引，好吃又好拍！超喜歡門口角落靠窗這個位置，完全不會被其他客人打擾，也不會打擾到其他客人，早點來才可以坐到哦！ 地點位在台十一的海邊
距離花蓮市區車程大概20分鐘
離海洋公園很近！附近很多民宿 … 非常喜歡店內擺設~~~
不論牆上、樓梯間 連桌椅都很有fu 喜歡老物的人一定要來！
更重要的是連食物也很讚😍 … 店內氣氛佳，很多品項能換燕麥奶~
地點靠近車站，適合等車時避暑！
店內貓咪！無敵！ 店內空間很大很舒適
甜點很好吃！
大推巧克力蛋糕一致好評 …"
48,"竹炭鬆餅還不錯~
老闆媽很親切
一樓位置不多 雖然比超商的貴，不過有他的價值，老闆很認真的泡每一杯咖啡，推~ 蛋糕好吃
貓貓肉肉的好嚕 鬆餅的口感真的好，價位又不高，不過建議假日預約，因為好像只有老闆一個在出菜的。"
49,"每次都會帶朋友來吃
鬆餅大推特推 餐點很棒，環境很棒，貓咪很親人，我很少寫評論，但覺得評論區裡的白貓長的潦草到不行😂所以我想放一些他能看的照片。 …"
50,"喜歡店內的植栽，可愛到需要動手畫下來。

還有店內的牆壁配色，內外都有不同風情， … 真的好好吃！連我這種不愛鬆餅的人都被征服了～鬆餅怎麼如此酥香！好好吃😋 …"
51,"鬆餅好吃～很脆口跟一般的不一樣，老闆很用心！ 餐點🥘（北非烘蛋、素食炊飯）好好好好吃😊🥰🥰🥰
咖啡（義式）
花蓮很舒服的一間餐廳🥰🥰🥰愛了
值得一來🌟🌟🌟🌟 …"
52,"個人蠻喜歡鬆餅的鮮奶油，是少數不會吃了很膩的鮮奶油喔！ 十分舒適的店，適合午後來享受下午茶，店內的貓兒們非常療癒！法式吐司一份90元，但絕對值得一試！飲品的部分則多為咖啡，綴上雅緻的拉花！可從Google提供的照片先看看環境及菜單。 老闆非常親切，要休息去吃晚餐卻仍不願意趕我們走，我喝的是：轉大人，看花甲男孩轉大人後，一看見這名稱就立馬點了，絲毫沒有辜負期待，好喝且味道獨特，其他各類飲品也各有千秋，喜好咖啡的人有機會不妨去咖啡月品嚐看看！ 富有日式禪意的味道，老闆會親切地介紹咖啡的只是，店內有自製的貓咪咖啡杯，非常療癒，毛小孩也是非常溫和好親近！ 半開放的空間
伴著一首首充滿畫面的歌，十分舒服
點了一杯【黑，男子漢】 …"
53,"真的是全台灣最好吃鬆餅
九天玄女唯一指定
超喜歡老闆介紹鬆餅跟咖啡
Super super super 齁甲！ 有一隻可愛傲嬌的喵咪：） 很好喝👍🏻 …"
54,西西里咖啡+鬆餅=絕配 冰釀咖啡好喝、磅蛋糕好吃
55,我發誓這是我吃過最好吃的鬆餅 ；不會再去別家。 老闆、老闆娘都很親切，會仔細的和每一位客人介紹飲品和甜點🍮，巧克力布朗尼很好吃！ …
56,麻糬鬆餅必吃 空間舒適有特色，咖哩和蜜香紅茶都很棒
57,"用餐環境佈置相當有美感，怎麼拍怎麼好看，當然餐點也優。

PS.今天帶著canon單眼去店裡給老婆拍網美照，也給貓貓拍了，希望沒有嚇到他們。他們真的好乖，完美解了我的吸貓癮。 鬆餅很扯~扯到我會再來N次。酥到飛天"
58,很有質感的餐點 很用心的經營 鹿角蕨圍繞的空間 溫馨 非常好吃的鬆餅 咖啡飲品也處理得很用心
59,專業 單品相當好喝 真的無敵好吃，還有隱藏版的餐點，記得問老闆就可以吃到！
60,"鬆餅相當好吃
外酥內嫩 感謝闆娘贈送的肉桂捲
晚餐好吃
環境優美"
61,氣氛很好，適合朋友、情侶一起來！ 很舒服很chill ，老闆很會聊天，還會播電影供大家一起觀賞。 牛排及鬆餅真的一絕！深夜好去處
62,在花蓮的香謝大道傍，位置適適中很有文創風格，適合全家老少。 位在七星潭旁邊，很有特色，文創氣息。 鬆餅真的超級讚！！！
63,"鬆餅非常好吃 咖啡跟奶茶不錯
不過有點小杯
布丁根本沒有大家說的那麼好吃⋯"
64,好吃，但量不多，紅茶跟優格很好吃，後面還有大後花園跟洗手間 鬆餅超好吃
65,"濃郁的咖啡香配上香甜可口甜點
是值得再次品嚐咖啡小館 鬆餅很美味"
66,有可愛貓貓 好ㄔ 蜂蜜加奶油鬆餅
67,很好喝，不貴 鬆餅很強
68,品嚐咖啡好所在，離火車站近 鬆餅好吃
69,店內氣氛佳，桌椅不好坐，司康很好吃，焦糖咖啡非常淡，咖啡、焦糖味不足 老闆很熱情
70,超讚 極限好吃
71,"單品手沖嗆感及風味不錯，值得來品嚐。鬆餅加奶油也蠻特別的，大推。 咖啡風味及口感不錯, 老闆也僥倖熱情交談咖啡的大小事 每次到花蓮一定會去的地方，輕食口感及味道不錯，還有現打果汁。店內招牌貓是其特色。 咖啡好喝, 老闆也很親切！ 甜點好吃又不僥倖很甜 甜點及手沖都不錯, 二隻店貓親和力很強, 店內气氛佳 店內氣氛很不錯, 適合放鬆休憩！"
72,很好 列
73,位於七星潭旁邊的咖啡廳，生意非常好，當天侯位了半小時左右，很開心等到座位。當天其他甜點都賣完了，但很幸運還有最想吃的肉桂捲！這裡的肉桂捲是檸檬口味，上面還有一個冰淇淋，口味是比較清爽，和外面一般重口味又甜又辛辣的口味比較不一樣，喜歡清爽酸甜口味的人會喜歡。飲料非常推薦黑糖奶茶，很好喝！ 在花蓮火車站附近的咖啡廳，等火車的空檔時間想找個地方休息放鬆一下，非常適合！老闆非常親切，店裡有販賣甜點飲品及餐點，當天點了熱拿鐵及黑糖牛奶、藍莓肉桂捲，十分美味！
74,"店小小的其實一下位置就滿了，美式咖啡還沒感受到太多就喝完了。生乳酪女生應該會滿喜歡的，比較適合喜歡安靜的人。
廁所的部分真的很棒希望能持續下去。光廁所就值得給五星了。 咖啡多樣且都好喝，總共喝了三種口味。老闆的南美豆確實品質都不錯。值得專程來chill一段午後時光。"
75,"位在七星潭附近舒適的咖啡廳
低消：一杯飲料
環境：採光足夠，優美，適合下午茶、聊天 … 整體而言挺不錯的店家，環境很適合悠閒吃飯聊天。
我吃的是鮪魚洋蔥總匯，三明治的料很豐富，餐點還有沙拉和優格，是可以吃飽的一餐。
唯一比較要注意的，是價位和同類型餐廳相比貴了不少，很容易就到400-500，最低價位的餐點也接近300。如果預算有限可能要考慮一下。
然後，在餐廳後方有花園，內有超可愛的兔子😂 … 位在海岸線旁邊的特色咖啡廳，窗戶外頭就能看到湛藍的太平洋

環境：很多木頭建築，給人舒適、自然的感覺。裡面有三隻可愛的貓貓，讓環境充滿樂趣。因為外頭就接著太平洋，在這裡看書、休息非常適合。且沒有用餐時間限制。 …"
76,"環境很舒適
不管是裝潢還是空間都讓人覺得很舒心
地點就在七星壇旁邊 … 食材新鮮，服務非常貼心與親切"
77,貓咪可愛、老闆親切～小小的店卻非常溫馨，飲料也很不錯，適合待一下午的地方，非常療癒😍 … 人潮眾多～建議訂位後在前往，店內舒適。咖啡還ok~個人覺得肉桂捲有點太乾，有檸檬味，不是我喜歡的口味。櫃檯小姐在忙碌時態度比較不太好。
78,"七星潭旁的咖啡☕️廳。氛圍超棒，咖啡店內的小細節我都很喜歡，從選品到廁所的佈置、店員的氣質到店裡播放的音樂。絕對會在回訪的一間店。
-
低消是一杯飲品，喜歡承裝咖啡的容器。可以看本書在美好的環境度過假期真的是超幸福 冰美式比想像中的淡上許多。 咖啡很不錯，味道跟口感都很細緻。店家很熱心的介紹咖啡豆特色等。喜歡秋漬！"
79,"到東華讀書，和樹林來發老闆閒聊，問他推薦的咖啡店，趁著在花蓮，一一走走。點了豐盛的早餐，雖然稍稍貴了點，的確稱的上是精品咖啡。
靜靜享受著潤潤的空間，窗外透進的陽光與綠，襯著，朋友工作著，我四處走走，玩著貓，細細品著店裡微小的美，配置的金屬門把設計，廁所的盆栽、配置⋯隨意翻著一疊疊書籍，歐美的空間設計、獨立出版的詩集、個性唱片的小冊⋯在這，似乎走出了國界，閒盪在歐洲、日本⋯卻也不矛盾，緩緩的花蓮，慢慢地，才長得出漫漫的咖啡店。 很喜歡裡面的氛圍，咖啡分享的方式，拉近了彼此的距離，兩人點了不同的咖啡，可以再各獲得對方的小杯品味，或分享鄰桌不同的豆款，有意外的驚喜感，溫暖的分享與默默的流動著人情味...混搭新舊，日台風格毫不違和。細心的老闆與店員，真的是一家店的靈魂啊～"
80,#趣旅行 民宿老闆推薦，果真是職人咖啡，點了蕭邦單品與拿鐵都喝得出好味道！ 七星潭住宿旁的龍宮，店內怖置很氣質，可能是鐵皮屋的關係，冷氣真的不太冷，店員有個性，每次到七星潭聽海看山，五感都被打開，期許每年都能來一趟花蓮
81,"氛圍舒服愜意的咖啡廳，在民宿睡到自然醒後走到龍宮吃完早午餐再散佈到七星潭聽海、觀浪、疊石頭，是花蓮獨有的浪漫💕 … 環島旅行時在花蓮發現的咖啡廳
老闆很親切，是非常特別的一個地方，讓我印象相當深刻
有機會一定會再回訪☺️"
82,日式木構建築的老宅咖啡廳，甜點品項很多，價位普遍稍微高一點，在晚上到訪，昏暗的空間感氣氛很好，保留原始日式建築的氛圍 位在七星潭旁的小巷，靜謐美好的咖啡廳，品質也相當不錯，有意思的空間佈置讓人放鬆寧靜，天棚灑落的陽光穿透布幔，柔光滿佈的氛圍很棒
83,"店很漂亮
長得很酷的老闆們 都很親切
食物也出乎意料的好吃 … 附近咖啡店好多
最後選擇了空間看起來比較大 也簡單舒服的它
超級溫暖 沒有限時 很多人都拿書來看 或是電腦來工作 … 無意見發現的小店
在很小的巷子裡面
專門烘豆的老闆 現在也提供外帶咖啡 價格實在 …"
84,"環境乾淨舒服,店裡的歌單好聽🎵,最喜歡肉桂捲💖💖💖搭配老闆調的咖啡☕️好放鬆☁️ … 在花蓮三天已經喜歡到連兩天都去😍環境很舒服，最喜歡檸檬磅蛋糕🍋（連兩天都點）真的好喜歡好喜歡這裡～～已經變成去花蓮必去的地方❤️‍🔥✨ …"
85,店內乾淨、有可愛貓貓，甜點好吃！ 店內環境氣氛佳！
86,"很有特色的小店，看的出很用心，一踏上 有龍鱗斑的地面，門上的玻璃，如其名龍宮一樣，室內擺設舒服😌

甜點 咖啡 能安靜的享受美味 … 隱身在巷弄 咖啡好喝"
87,"七星潭附近
很有質感的咖啡店
布丁好好吃綿密 … 早餐時間去的（盲吃 因為裝修美）
早餐只有西式跟中式兩種選擇
中式就是稀飯+四個配菜（6選四） …"
88,"闆娘好親切！磅蛋糕怎麼那麼好吃😭 … 七星潭區域很有名氣的咖啡廳，提拉米蘇蛋糕很讚🍰🤤 … 除了裝潢設計還不錯之外其他都不怎麼樣，菜單店家沒有提供，要自己去google找，雖然老闆娘說有放在google，但還是很不方便；蛋糕的部分價錢偏高，如果好吃就算了，但以千層蛋糕來說非常奶⋯我們點的是抹茶草莓口味，卻沒有抹茶味道。焙茶拿鐵也是奶味非常重，幾乎沒有茶味ಥ_ಥ
最後是結帳竟然有服務費⋯雖然說是過年期間才有收服務費，但水也要自己倒、菜單也要自己查，真的不懂為什麼要收⋯"
89,"舒服 不錯喝，這裡烘豆機非常棒。烘的不錯，加上不錯的手沖咖啡，相輔相成。值得在來喝。 環境很棒, 靜謐舒適, 甜點和飲料都有不錯水準, 沒有到很令人驚艷, 但可以了.
如果再來花蓮玩, 經過仍會再訪."
90,"以平價咖啡來說 算是相當讓人驚豔的好喝
推！ #橘子熱焦糖磅蛋糕 過甜
#嘎吧茶 不含咖啡因 味道似紅茶
#檸檬冰美式 #燕麥熱拿鐵 皆很普通"
91,"很不錯的咖啡、擺盤及食材皆有用心，台北價格。
離七星潭很近！ 有水準的咖啡，環境不錯，佈置有特色，台北的價位！"
92,"闆娘親切有趣，咖啡、茶飲、甜點別緻好吃，下次會在來喝好喝的咖啡 餐點好吃，超喜歡磅蛋糕～
店內裝潢很美，整體空間舒適～會願意再次前來拜訪❤️"
93,"老闆酷酷的卻很好聊天
熱心大推花蓮在地名店
咖啡非常好喝連去兩天 … 花蓮咖啡朝聖店
戶外庭院的位子
咖啡香氣很Chii … 七星潭旁的咖啡廳 很Chill
陽光灑落下的光影 很美
肉桂捲布丁沒吃到 很氣
才有下次回來的藉口🤣🤣🤣 …"
94,"先說結論: 非常推薦👍
美崙坡上日式風格咖啡館，點了冰美式咖啡及熱拿鐵及脆脆戚風蛋糕。
咖啡非常好喝順口，蛋糕上的奶霜尤其令人驚豔😋
咖啡杯及蛋糕盤都是出自陶藝名師之手，味覺與視覺兼具，雙重享受❤️ … 最初是被店內坐在門旁看風景的喵喵吸引，才發現這間隱藏版咖啡館。
咖啡很好喝，店裡到處都有木做作作品，充電插頭超有創意。非常推薦🥰 … 隱身在七星潭旁的文青咖啡館，原本想品嚐的肉桂捲佐冰淇淋已完售，改點撒上檸檬皮的紅茶布丁好吃👍。 …"
95,"舒服的咖啡廳空間
老闆音樂品味好好
很多客人在這邊用電腦 … 甜點普普 店內陳列很可愛
是舒服的環境
廁所有循環一個臭味出來"
96,"和平路上的寧靜角落，座落一幢滿室咖啡香的Cafe’，在這兒，可以烘豆、可以學習沖淬…
循著咖啡香，就能尋到我了～ 氛圍超棒的安娜咖啡，大面窗景與窗外綠意，
很有英式下午茶的體驗！
一直誤以為老闆娘英文名字是「安娜」，後來發現，原來「安娜」是老闆娘常說的台語口頭禪！ 食物好吃、店內氣氛也滿好的！
菜單上的主食也很多樣化可以選擇！
值得推薦… 許久沒有來了，這次再次蒞臨品嚐！
點選肉桂捲套餐，感覺好吃有香氣！ 海岸風景確實很優美，即使外面風很大，屋內也能一覽無遺！羊奶咖啡、羊奶蛋糕、羊奶奶昔、羊奶吐司都是有店家特色的品項！
窗邊座位建議提早預訂！ 宜預先訂位…。店家氛圍很棒，很好拍照！
食物也很好吃，選擇正餐或下午茶都很合適！
值得推薦的市中心靜巷好店！ 七分熟牛排也切片擺盤，方便入口，
整體來說還滿好吃的，CP值頗高…
堅果碎優格也滿有層次口感的！值得推薦～ 綿密細緻的奶泡用表面張力挺著，佐上喉韻舒服的配方豆萃取液，濃郁香氣撲鼻而來，小啜一口，口齒留香，但多了牛奶鬍子🧔 … 甜點好吃不甜膩，闆娘持續精進甜點烘焙的功夫，非常好吃…
義式咖啡的價格也不高⋯⋯
下次再來嘗試單品手沖！ 奧莉咖啡(Olive Cafe)是一個令人愉悅的咖啡館，融合了獨特的甜點與清新的飲品。特別推薦他們的西西里檸檬冰咖啡，清爽的酸甜滋味令人驚艷，瞬間提振心情。搭配巴斯克乳酪蛋糕，更讓人感受到濃郁與幸福的滋味。
除了咖啡，無酒精飲品、主食正餐、輕食點心的品項豐富！無論是享用午茶或朋友聚會，這裡都是美崙區域的最佳選擇！"
97,"美美的，但和網美一樣缺乏個性
咖啡、音樂、環境都算不錯，但也沒特別好
沒有提供白開水 … 布朗尼外酥內軟不錯吃，小貴 今天風蠻大的氣溫也降了許多，坐在室外不是很舒適，也許下次天氣好些再來吧
喜歡這裡陶器和插花的擺設，很美，貓跑來跑去的，音樂也不錯
廁所比較簡陋些，牆壁上方是直通外面的，如果有人在外面等或大便會有點尷尬 … 佈置極富巧思，細細探索富饒韻味
店貓長得超級可愛又很酷
燈光很暗，如果要看書或寫字眼睛會很吃力 喜新厭舊如我，龍宮是我少數目前去過還會想再去的咖啡廳
佈置非常有意思，品味獨到
咖啡有水準，音樂宜人"
98,"美味又好吃 點了三道鹹食 會願意為了咖哩飯再訪！
肉桂捲也很棒 可惜沒吃到其他甜點🥲😭 … 花蓮最愛的咖啡館 第一名
搬了新家更愛 氛圍很棒✨🤍〰️ … 飛魚香腸擺盤很美，但份量有點可惜🥺🥺🥺
飲品甜點都好吃！！ …"
99,"老宅，調豆咖啡，Cold Brew Coffee ,非常好喝，非常好的氛圍，聊天聚會的好場所。 小小一家不顯眼的店，沒有漂亮景觀、沒想到人真多！
飲料好喝、寵物友善，店員也非常認真友善，值得再訪！"
100,"空間很棒！喜歡空間的佈置巧思，選件也具獨特眼光！
是可以舒服度過悠哉時光的小店，
咖啡獨特風味，可以點兩款比較看看
我點了山里及黑霧，個人喜歡山里的風味😋～甜點檸檬塔也夠酸好吃！！😂😂 … 很棒的空間❤️
咖啡好喝、食物好吃、貓可愛😻
想賴著不走的好地方！ …"
101,"很低調的一間好店，咖啡師很讚，但煮出來的咖啡真的沒話說，花蓮最強，拿鐵夠濃夠厚，比例抓的剛剛好，手沖也很強，店內有賣豆子
下次去花蓮一定還會再次拜訪 … 店內的氛圍很棒，甜點跟咖啡也很厲害，感謝Sean推薦"
102,"司康烤過後再吃非常的酥，香氣也非常濃郁，兩位店員的態度也非常好，推薦大家去吃！ 蠻貴的 香腸好吃 黑糖奶茶好喝其他很普通
算是典型的網美愛店 裝潢滿漂亮就是了"
103,手沖很讚！甜點也是！ 餐點、蜜香紅茶、服務及環境都很優質！
104,即使店裡坐滿人，還是可以維持寧靜的舒適空間，甜點都非常出色。非常適合放空。 舒適的空間，活潑可愛的貓咪們陪伴。鬆餅好吃，水果茶微酸不甜我很喜歡。
105,放鬆心情的好地方，咖啡、氣泡飲都不錯，停車要到海邊比較多車位！ 巧克力每個都好吃，核桃最好吃
106,"東西好吃 服務很好❤️
且不會打擾客人的店家 很適合來放鬆
適合情侶 朋友來 … 咖啡香醇好喝，老闆也很和善"
107,店內氛圍相當舒適，發現餐點有誤能馬上處理，相當感謝，飲品都非常好喝～ 花蓮少有特色舒適安靜咖啡店，食物9成都好吃，疏菜健康樣樣精緻，由其喜歡油雞跟紅燒肉，朋友都說好吃好飽好舒服，咖啡微酸看個人喜好，西西里不錯，如果配一本好書，真的可以久窩，好地方ㄧ定會再回訪，老闆有用心喔！ 老闆親切友善，咖啡好喝，空間舒適，推推🥰 … 可麗露超讚這次終於搶到了
108,從google找到的，布丁和飲品還可以，但價格上真的滿高的，一次性的店囉！ 咖啡很好喝，很寧靜很喜歡這地方。
109,店員親切 貓貓可愛 蛋糕咖啡也都很讚 平日人就很多，不適合坐很久。但咖啡確實好喝～
110,"覺得餐點跟飲料普普 店內裝潢很舒服 咖啡好喝
偶爾可以看到列車經過"
111,"磅蛋糕跟美式都還不錯，但整體體驗是不好的。
1. 2點才剛過2-3分鐘，隨即拒絕供應午餐餐點（請不要說過2點就是2點這種沒有彈性的理由，並不是在趕飛機/火車）當時除了我們外還有幾組客人同時想用餐，但店家還有食材但拒絕供應。 … 質感跟專業並存！想感受文青或享受專業的咖啡介紹，都可以得到想要的滿足。"
112,"很舒服的氛圍，
慵懶的坐在這裡，
聽聽音樂， … 我真的打從心底喜歡在植物圍繞的餐廳用餐，更重要的是，我吃過的幾個餐點，都非常好吃，服務態度極佳，感受很好👍 …"
113,"看他的評分過去 但不知道為何高分  咖啡及飲品普通   不過座位有附插座及Wifi. 所以可能適合來做事的人吧 店內員工態度真的不好 👎
我們到店家時 看到隔壁門前有停機車 我們就一樣在此店門口停車 沒想到一進店 店員就很冷淡的說「門口不能停車」叫我們停對面全家門口 我看全家門口畫了紅線 這家店沒有畫紅線 ！所以是要我們停在紅線被開單嗎 =.=｜  我們後來還是有移車後再進店內 … 這一家就位在鐵路旁邊的咖啡店，店內用大量的木頭擺飾、木頭桌椅和木頭裝潢，給人非常舒適自然的感覺，在店內的氛圍很放鬆舒服😌
點了熱拿鐵（$130）及黑糖拿鐵 （$150）咖啡很濃郁，拉花也很漂亮、自然，黑糖拿鐵不會太甜，甜度剛剛好！甜點都是加熱後才上桌，熱熱吃口感很不錯，老闆看我們人數，還貼心幫我們分切好，真好！我們點了磅蛋糕和蘋果派，個人是比較喜歡微熱的磅蛋糕，味道和口感都很棒👍 …"
114,"手沖很好喝！ 層次分明 將每種味道都一一帶出值得再訪
肉桂捲不是肉桂味很重的 普通人應該都能接受 但如果是重度肉桂愛好者 可能會覺得沒味道 還有榴蓮蛋糕 留著下次再來嚐
質感100分的店 連廁所的衛生紙都有挑選過XD好愛好愛 … 其實是為了肉桂捲去的 但剛好換新菜單 希望之後會繼續賣 當天吃了別的蛋糕也是很讚 手沖也好喝 好店必須來❤️❤️❤️❤️❤️
小小一間店但五臟俱全 手沖.豆子.耳掛包樣樣都有 點內也很多豆子價格合理 喜歡的人可以來參考看看 老闆很專業&熱情 可以和你大聊特聊也可以跟你詳細介紹咖啡 幫你找到最適合你的口味👌🏻 …"
115,喝個咖啡 歇歇腳 不錯的地方 可惜常常爆滿 座位比較少 手調咖啡很好喝 停車比較麻煩
116,環境很好，糕點普通 細心講解手沖咖啡，甜點也噷棒
117,有內涵的人和空間，有品味的陶器和咖啡。 優雅的環境，精緻的餐點
118,陽光系 舒服咖啡廳 七星潭附近的有趣咖啡廳 花蓮早晨的好夥伴
119,"奶剛剛好☕️
奶多一點☕️ 榛果拿鐵
阿芙佳朵
(香菜冰淇淋+濃縮咖啡) 抹茶鮮奶、黑糖鮮奶、拿鐵😋 … 好吃😋 … 下午茶😊
#拿鐵
#莓果氣泡飲
#檸檬棒蛋糕 … 好吃😋 … 好吃😋 …"
120,很舒服的空間、肉桂捲好吃！ 非常舒服的一間店😌💖 …
121,"一切恰巧地離開龍宮，出水芙蓉 許久未喝到風味如此出色完整的手沖...

環境復古...貓老大...懷舊書香..."
122,純粹賣海景，東西還可以囉~ 氣氛空間營造不錯，食物也有一定品質
123,"咖啡外帶店，老闆娘親切幽默笑容也甜，整體咖啡拿鐵配方豆好喝，手沖稍嫌水感，外頭等待滑板與店LOGO非常街頭有趣。 位於海岸邊的咖啡館，店內裝潢舒適得宜，與自然跟老屋結合出空間感，咖啡中間質，店內佈置有許多小巧思十分有趣。 咖啡豆款式多單品技巧好喝也有特色，店家風格溫潤，店貓也十分肥美愜意。
進入店裡一開始溫度空氣稍嫌不流通，但氣氛與燈光環境適應後捨不得離開，咖啡杯子那有貓咪泡澡造型，整體來說直接滿分。 老闆親切笑容溫柔，店只有戶外半開放式風格舒服獨樹一格，既令人自在又沉穩，杯子與小物是自製販售，陶藝美感十分清新，咖啡中間質，拿鐵配方豆不錯。"
124,"非常好的餐廳
服務很好
餐點更讚 早午餐不錯  很有特色  環境舒服 非常推薦的一家❤️ 風景真的很美，坐在海邊看海吹風，喝點飲料吃點點心，真的非常舒服愜意，但是建議前往的人噴點防蚊液，不要像我被不知名的小蟲咬，兩隻腳都被叮咬，結果惡化了😭，真的建議穿長褲，或噴防蚊液！！！ …"
125,"店內佈置氣氛很好 前院裡的咖啡廳
環境雅緻
氣氛悠閒
適合天氣涼涼的下午"
126,溝仔尾蠻具特色的小店，店內環境溫馨，熱巧克力很濃郁好喝但拿鐵就比較淡一點了。二樓有不定時的展覽，空間充滿藝文的氣息。 店內氣氛不錯，是文青店中少數覺得不雜亂的，提供很多書籍閱讀，是能放鬆的好地方。
127,"為了貓咪而來的🌚
環境舒適 而且咖啡好喝又不貴
很幸運假日下午來還有位子
整體來說很滿意 … 工業懷舊風的咖啡廳
拿鐵滑順好喝也不貴
可惜假日來 人潮多 有點破壞店內的安靜與暇意"
128,"很漂亮的網美咖啡店，餐點漂亮又好吃😋
老闆和老闆娘都好熱情喔，大推👍👍 … 寵物有善，環境舒適"
129,"回訪好幾次
非常喜歡肉桂捲以及檸檬氣泡咖啡
來花蓮一定會去的店 環境很不錯👌🏽
咖啡與甜點都正常發揮！ …"
130,外帶手沖、咖啡豆都很棒! 咖啡好喝，價位有點高，店內適合拍照。
131,咖啡好喝，環境清幽的好地方 普通吧，餐飲沒什麼特別之處，價格倒是特別高昂
132,五星神麵 讚 開店遲到態度差，售價與品質相差甚遠
133,可麗露中規中矩，非脆的口味 手沖咖啡很好喝 氛圍很棒
134,"很喜歡這間店悠悠寧靜的感覺
東西很好吃! 超讚的咖啡！ 很好的空間，可以好好享受悠閒寧靜的時光 提拉米蘇很讚，口感很creamy，酒味也剛好，拿鐵正常，沒有特別的味道，是一杯剛好的拿鐵。"
135,"感覺是（寵物）餐廳,
餐點就是簡餐的定位，
吃的不餓，談不上美食， … 羊奶咖啡超特別，海景無敵，花蓮必來咖啡廳 -「環境」應該是花蓮最寬敞的咖啡
廳，在裡面好大好放鬆。
-「服務」男服務員很友善！！ … 友善的服務，
專業的咖啡，
愉悅的咖啡時光， …"
136,貝禮斯奶酒可可大推 裝潢很有氣氛，而且性別友善
137,下午茶店選擇不多 氣氛悠閒好拍照 沒開（明明不是星期二店休）
138,老牌咖啡廳，檸檬塔好吃！但價格都偏高。 非常有風格的小店，全部都是木製藝品。點杯飲料，吃個下午茶，極為舒適。 可愛的七星潭海邊咖啡廳！
139,店內佈置溫馨，餐點在水準之上 甜點不錯吃
140,這個舒芙蕾真的是蒿吐露絲，有夠好吃，然後也有點其他的主餐，松阪豬、鱸魚、燒肉、醉雞，這些沒有一項雷的都超好吃，環境也很舒服，值得一來！ 覺得焗烤千層的份量稍小，且醬有點稀 餐點和整體氛圍都很舒服，價格也很甜～ 紅茶布丁蛋香味濃，焦糖甜度剛好，提拉米蘇酒香充足，也不過甜，咖啡和巧克力味也很平衡，下次想試試看內用～
141,"大推
老闆真的會烘豆
好喝 … 生意興隆等好久"
142,"氣氛很是不錯 有一定價格
不過狗很可愛
東西味道也還行"
143,"白人同意了。 👍🏻 👍🏻

比台灣的一般價格高，但以西方國家的錢來看還是很划算的。 … 這裡的空間令人放鬆，咖啡也很棒。"
144,喝咖啡的好地方。沙拉還不錯，但蘑菇吐司真的很棒。 店面佈置得非常好，我很喜歡這裡的設計，咖啡也不錯，但服務有點慢。
145,"很漂亮的咖啡店，布丁和咖啡還可以，沒有太多印象，如果去花蓮旅遊沒有時間的話，很適合在這裡悠閒地度過一下午 維納很友好，熱情地分享花蓮餐廳，優格和甜點很美味。
還有很棒的咖啡，可以放鬆一下下午"
146,"點了兩杯飲料，拿鐵和莓果汽水，味道都很棒。

室內設計很有品味，雜誌上也有各式各樣的選擇。 點了一杯茶和咖啡"
147,鬆餅超好吃，想像不到的口感，環境也超棒 咖啡非常好喝
148,咖啡好喝 咖啡很好，氣氛愉快。
149,"普通飲食、尚對的起價位，平日也會趕人，很不推 很舒服的一個空間，可惜只開到1800 很舒服的小店
巧克力好食"
150,"滿不錯的簡餐店，燉飯、義大利麵都很入味，而且店內很用心裝潢，而且有店長‘’朵飛‘’四處巡視，是一件蠻推薦的店家，未來有再來花蓮會再度拜訪。

唯獨美中不足的地方是餐點都會配紅茶，只能折抵一杯飲品，假如一個人點好幾份餐點，就必須喝好幾杯紅茶，假若能折抵餐點金額，會更加完美。 份量很足夠，出餐也快速，而且咖啡不錯喝。 好吃,但有點貴 老闆很親切，肉桂捲正點，價位合理"
151,"檸檬塔好吃，貓貓可愛 完美 服務好氣氛好多1顆星
不推薦沙朗牛排... 提醒一下 : 只有露天座位"
152,悠閑的午後適合帶著家裡最愛的狗狗一起來享用一杯熱咖啡 在這邊認識了伯恩山的好朋友
153,"炭吉 小黑貓是當天挑大樑的公關，有著坎坷的身世卻無比親人，給摸給抱誘惑眾客官，甘願（吉）都被（炭）走
100元 單品咖啡與烘烤過的燕麥餅乾（推），組成療癒人的體驗（4.3/5）
90元 檸檬塔 酸度夠整體偏甜，塔皮很香，塔上有整片糖漬檸檬（3.7/5） … 店內氣氛良好 餐點健康 份量對女生剛好 松露雞肉燉飯大愛 雞肉柔嫩多汁又很夠
青醬味濃 適合的是 純享受咖啡香、喜靜不走動的朋友

店家有提供插座供讀書/討論報告 …"
154,"店舖在小巷裡面，空間不大，但裝修很文青，打卡一流。主要賣手沖咖啡跟小甜點，蛋糕也可以跟老闆娘訂。可麗露跟市場上的完全不同，是冰的，口感就像雪糕似的。吃下去的時做還會霧上白煙。手沖咖啡可以選果香或花香，都有不同烘焙度或是否水洗的。 … 這家咖啡店是寵物友善的，店長是一隻胖胖但很乖也可以摸的橘貓，乖到客人帶狗，周圍走都不會攻擊。

有最低收費是一杯咖啡。店面不大，但很有格調，一直聞著香香的咖啡豆味，也主要賣淺中焙咖啡豆。點了杯冰茉莉雅檸檬咖啡，很香、不會太濃。 … 好喜歡這個咖啡館，很舒服，很安靜，喜歡慢生活的都哥以到這邊來享受一下。另外還有貓店長mini迎接！！！看到菜單寫了有3隻貓貓，但都不同性格，應該另外兩隻貓貓比較害羞吧！！ … 地方不大，但很舒服，有些學生會坐一天在溫習功課，食物也不錯。他們的招牌浮室咖啡加了檸檬汁跟秘密材料，跟自身在香港喝到的大牌子不一樣，清清的。"
155,薩拉米巧克力第一次嘗還不錯，老闆很有氣質，和我們介紹薩拉米巧克力是什麼。 朋友喜歡西西里咖啡，店內空間寬敞明亮，坐在窗邊可以享受藍天，有少量書籍，花一點時間把〈棄貓〉看完了。
156,"路過時被肉桂香味吸引走入，入座後嚐到的肉桂捲並沒有再復熱，整體偏乾，不是個人喜愛的外脆內軟口感。
金桔冰釀咖啡味道非常優秀🤍咖啡是很對胃口的。
二樓有開冷氣，但靠近最裡面的位置很熱，冷氣吹不到的感覺，大太陽的午後挑選最靠近冷氣的位置還算舒適，店內的藏書很不錯，在這邊看書很悠哉。 … 咖啡跟甜點都是嚇一跳的好
尤其是誇送，超好吃，吃了會開心的跳舞😌
下次有機會來花蓮還想再吃馬告口味的。 …"
157,"老闆娘的態度超nice ，咖啡讓我很有讓我很驚艷，是有深度的店，值得懂「喝」的人來品嚐吉野咖啡，雖然是一個人來，但聽老闆娘跟別人聊天也是很有趣的體驗😂 … 木質桌面、白牆、大窗，光線充足，植物擺放剛好，不刻意卻很準確。

我點了藍莓乳酪蛋糕和一壺烏龍茶。 …"
158,"西西里清爽好喝，酸度足又沁涼，滿分💯
拿鐵可加價換燕麥奶，也有多種口味可選～
可麗露有恰好的嚼勁及焦香氣👍🏼 … 咖啡好喝甜點好吃、空間質感好、氣氛輕鬆的花蓮咖啡店👍🏻

☕️浮室特調咖啡好喝，似西西里風味，可惜冰塊不可調整，放一下再喝也不至於很冰🧊 … 感受到滿滿用心的咖啡店～手工木製品構築出整體空間，氣氛輕鬆寧靜，店貓自由穿梭其間，若是晴天拜訪必能享受滿窗景色"
159,"有次無意經過，就被這間店的風格吸引
這次點的是招牌的特調，是類似西西里咖啡的風格，算是我喝過數一數二的
還有馬告鹹奶油可頌，清爽的鮮奶油配上鹹鹹的馬告奶油，再加上烤的鬆軟的可頌，十分的有水準 … 藏身在巷弄裡的甜點工作室
外皮酥脆內裡濕潤可麗露跟口感很有層次的達克瓦茲
最後還忍不住加點了布丁
非常推薦大家過來消費👍 …"
160,"意大利麵不錯，牛排很不推，是間有氣氛的店 看著地圖閒晃，很不錯的店耶
裝潢大方簡單，餐點非常有說服力，鬆餅不愧是這間店的招牌，果然有別於其他。
自己是還滿喜歡口感及味道的，下次來試試不同的飲料及餐點"
161,可頌口感味道都不錯，金萱的桂花香很濃，喝起來還算順口 原本點的品項沒了，又連換了好幾個才總算換到還有的蘋果汁跟檸檬派。東西是好吃的，環境服務普通。
162,"東西算好吃～
店內氣氛非常棒！
還有可愛的貓貓♥️
店員服務態度也很好～ 老闆人非常nice
咖頌還可以
但檸夏味道真的不太ok🥹 …"
163,"咖啡順口、奶泡綿密、香氣又濃郁，入口後很豐厚的感受，真的很好喝！ 到花蓮必訪的咖啡廳！！！

不喝咖啡的我 …"
164,"美式才50～超便宜
老闆人很好
有去花蓮的話可以過去外帶咖啡
店門口也很好拍照😂 … 9.開始營業，但當天9:15去的時候老闆才說正要熱機😅
所以等了蠻久，快10.才拿到咖啡。
位置在小巷子裡，路不大，開車適合請同行者下去外帶咖啡再繼續旅程喔～
價錢便宜，CP高，味道也很棒！ … 超愛這家店！！！
店裡的氛圍讓人很放鬆
門口超好拍照的！ …"
165,"坡上 ｜ 花蓮市

每次回花蓮都有好多驚喜 … 小巧的店面，有兩隻貓貓陪伴。
少女心卡士達草莓塔及蘋果乳酪塔都推薦！
手沖咖啡耶加雪菲也還不錯 … 肉桂捲還不錯，價格合理
整理來說是偏乾的肉桂捲，所以不會過濃郁的肉桂味 … 浮室 soave plan | 花蓮

收藏了一陣子的咖啡店 …"
166,"司康回烤後非常香 每次到花蓮都會回到giocare咖啡依舊好喝 ！
雖然外面天氣很熱但很享受～ 老闆娘人很好
酥酥的少女很香也不會太甜
黑醋栗乳酪蛋糕很濃郁 是我近期吃過最濃郁的乳酪蛋糕 吞下去以後嘴巴裡還回味無窮的味道 …"
167,"裝潢很漂亮 服務人員很用心
會先問你平時喝什麼甜度來去調整飲料甜度
太妃糖牛奶 太妃糖的味道很重很推薦✨
巴斯克蛋糕屬於紮實的那種 乳酪味很重！ 好難得吃到軟綿綿的巴斯克！！！
店裡很溫馨 兩隻狗狗也很熱情>< 在小巷裡面的復古咖啡廳✨
裝潢很用心很可愛 光線很好 拍照很好看！
茶布丁茶味很重但不會苦🍮 …"
168,"看了好久第一次進來這間咖啡廳

店內的氣氛很好，不論是想要找咖啡廳辦公、或是好朋友聚會都很適合～ … 二訪，老闆&老闆娘都是很熱情善良的人，也耐心的向我解釋水洗/日曬的差異！

第一次遇到會提供檸檬片的咖啡廳，老闆娘說搭配檸檬再喝一口咖啡，別有一番風味，這是真的！整個咖啡的層次風味都提了上來😊 …"
169,"環境佈置舒服的小店！從一開始介紹菜單就能感受到老闆的用心，糕點跟咖啡非常順口療癒，用餐體驗佳！老闆也很可愛親切～下次來花蓮一定會再回來❤️‍🔥 … 非常有特色的咖啡廳
內裝上大量使用木頭裝飾，一進店裡還能聞到木頭香
甜點只有兩樣，但都很好吃 …"
170,"白色美麗藝術氣息濃厚的咖啡廳 裡面剛好在展研石造物的大理石作品 覺得奶剛剛好的熱拿鐵好喝 可惜我坐的老木椅壞掉 一坐上去椅腳斷就坐地 傷到骨頭 商家雖然給我冰敷袋或詢問要去醫院否 但總覺得沒因此被打折有點可惜（哈這只是我內心os, 還是推一個美麗店可去） 杏仁蜂蜜拿鐵有淡淡杏仁茶的味道 甜度剛好 手沖的貝多芬 無酸苦味只有香氣 焦糖海鹽磅蛋糕 外圍酥脆內層柔軟 沾著濕奶油一起吃 完美無敵 這裡只有戶外小庭空間的位置 整體藝術氣息豐富 主人養的黑貓溫馴可愛"
171,"為了杏仁脆片而去，可惜剛到就售完了
應該命中注定要我再去一趟吧🥰
當天點了浮室咖啡、檸檬塔、黑醋栗乳酪蛋糕 … 👍👍 … 員工都很客氣，貓咪超大超可愛，點了可可牛奶及布丁都不錯，只可惜停留時間太短，下次再好好坐～ 裝潢很美很好拍照～
檸檬美式不是我的菜
但熱黑糖牛奶很讚～～ …"
172,"沒有單品
拿鐵（店裡叫咖啡加奶泡）一杯不到200cc, 120元
甜點百元起跳 … 目前所喝過花蓮最佳單品，老闆自製甜點亦有極佳水準。
老闆好客愛分享，咖啡知識豐富，但又不是像比賽型店主，輕鬆的店家"
173,鬧區裡難得幽靜的環境，餐食精緻美味 餐點多樣化，美味可口，但要記得訂位
174,"咖啡好喝，氣氛很適合工作看書，有陽光的日子很棒。 氣氛古樸靜謐，覺得步調都慢了下來，氣氛超級棒，沒有wifi，可以遠離手機打擾。

咖啡非常好喝，布丁也好吃。咖啡師很優雅：）"
175,"一吃就會愛上的店😋
店員活潑熱情～ … 司康好好吃喔😋店裡簡單乾淨～
還有可愛的柯吉 …"
176,"非常棒，服務及風景都是一流的。 夜晚睡不著覺，這是一個很不錯的地方，可以跟朋友或情侶或閨蜜一起來這裏chill的地方，有時候會是唱歌的活動，有時候會是看電影的活動，有提供鬆餅冰淇淋跟一些飲品的購買。 110.10.03
這是第一次到訪用餐，
以前就有聽過這件餐廳的評價不錯， …"
177,"很舒服放鬆的環境，咖啡甜點都不錯😊❤ … 日適老屋庭院裡的咖啡店
喜歡這裡安靜舒適的空間
單品咖啡跟拿鐵都很順口好喝 …"
178,浮室咖啡好喝，甜點很棒! 很安靜~ 氣氛佳，咖啡甜點讚！ 氣氛佳，咖啡甜食好吃
179,"是很有誠意的正統咖啡館，選擇甜點套餐可以任選飲品，當然選一隻單品手沖。

咖啡跟甜點都中規中矩，還營業到晚上八點，真的比市區的文青咖啡店親切一點。 … 豆單很文青，窗景很有氣質，冰咖啡份量有點秀氣。 點了杯加了杏桃酒的轉大人，咖啡飲品好喝，音樂好聽，只是店面雜物有點多XD 一杯360的紅標藝妓，頗有水準。
檸檬塔很好吃，四吋90。 … 比較像放映室的深夜咖啡店，馬卡龍餡還不錯，外殼口感可以再細膩一點，但是一顆70又蠻大顆的，應該算是花蓮好吃的(目前也沒看到還有哪邊有)

店貓親人，但是晚上太有氣氛，燈光很暗，所以拍不起來。 …"
180,"看了花蓮同學po的限動，回花蓮一定要來，想說趁下午回台北以前，來衝一下這間網美咖啡店，真的名副其實，也太美了，咖啡也很順口，非常推薦V tree
Cafe👍 … 重乳酪黑醋栗好吃，乳酪味很香
很有質感的咖啡廳，環境很喜歡"
181,"自家烘焙咖啡 濃醇香
餐點 擺盤可口好吃
店員 服務態度極佳 … 除了拿鐵有奶多一點、奶少一點的貼心選項🤍也超級愛酥酥少女跟黑醋栗生乳酪！！店裡販售的季節特選咖啡豆也是廚櫃必補貨的選項🤎🤎🤎🤎 …"
182,"剛好遇到老闆在上日文課（小小旁聽一下
老闆真是多才多藝呢！
拿鐵喝起來很順，奶泡很細膩，舒服😌 … 好愛這家店喔～
闆娘和可愛的店員都十分親切，
可以很舒服愉快的聊天：）
下次再來🤍 …"
183,"店內環境寬敞舒適
氣氛相當棒，咖啡不錯喝
而且老闆很CHILL很NICE … 用餐環境舒適，很有氛圍
店員態度非常親切
草莓檸檬氣泡飲清爽可口 … 環境很舒適，冷氣很涼
有一個黑糖牛奶的飲品很好喝
不會太甜，甜度很剛好
是個適合午後放鬆的好地方！ 老闆很NICE
店內環境舒適安靜
百香果冰美式很讚 …"
184,"無意間在google map上看到這家店，一時興起而來。
我到的時間點剛好沒有其它客人，只有外帶等候的人。店面不大，硬坐滿應該不到十人；但店內的裝潢不會讓人感到擁擠。
老闆一人負責店內大小事，包括貓咪任務，似乎是和善的人。 … 老闆娘很親切，也很仔細介紹餐點。

店本身空間不大，正如其名成為城市生活的一方浮光掠影的空間。適合一人前來沈思、工作、讀書、寫字，不太適合作為久別重逢大家族聚會之所。"
185,"我在花蓮最喜歡的咖啡廳🥰
各方面都超讚（連廁所裡洗手乳的味道都很有品味～）， 絕對會繼續回訪 … 闆娘用心介紹,很熱情～
整體環境簡約文青，咖啡也很好喝！
下次會回訪！"
186,這裡的咖啡 真的非常好吃 老闆又 好客 從外表看還不錯 有機會累進去一 消費 非常好 藝術氣氛很高 老闆為人不錯
187,"老闆娘品味很好很溫柔
手沖很棒 若是選擇障礙也會介紹推薦
麵包大推薦 抹醬真的好吃😋 … 詢問關於飲品的相關資訊就一臉不耐跟敷衍
如果好吃也就算了 核桃派份量小又乾 …"
188,"第一次來花蓮的咖啡廳
風格真的很喜歡，是下次會再來的店
闆娘真的好口愛🫶🏻 … 第一次來花蓮的咖啡廳，真的很推🫶🏻
闆娘漂亮又很口愛！是下一次還會再來的店 …"
189,"喜歡店內的氛圍，老闆也非常風趣，甜點跟咖啡也沒話說的好吃，推薦啦！ 與其說是咖啡店，倒不如說是藝廊更是貼切，整體的空間感很舒服，每個角落都有巧思，咖啡也都能感受到老闆的用心，結合了咖啡，藝廊，花藝的空間 在一個巷弄之間，到訪的時候，老闆熟稔的向到來的客人打招呼，與其說是客人，到像是鄰居般那樣自然的互動

天氣炎熱，點了杯西西里，搭配一顆可麗露，美好的時刻就誕生了，西西里完美的比例，讓我一口氣就幾乎喝完"
190,鐵盤真的不忍直視，在咖啡廳看到這種盤子很扣分 咖啡沖的乾淨好喝，很用心的巷弄咖啡廳
191,"臨時經過，咖啡很好喝，整個醒來 讚👍 … 經典肉桂捲很香、很好吃 推薦一定要嚐嚐看！還有狗狗很可愛😊
回到花蓮要帶家人來品嚐！ …"
192,"芒果優格飲令人驚艷的濃郁好喝，外帶拿鐵也會拉花，相當用心
整體用餐環境氣氛好
火車站步行過來不到10分鐘 牛排很乾，濃湯太淡，牛肉捲餅、薯條、沙拉好吃。
店內佈置用心，美式風格。第一次遇到給餐後漱口水的店家，很特別。 食物都很好吃
配菜的豆腐也很棒
免費水果浸泡的水 … 餐點很好吃
奶酪很特別，好吃
用餐環境很棒 …"
193,去了好幾次了，很喜歡咖啡與司康🧡 … 咖啡好喝、蛋糕好吃、環境舒服漂亮♥️ 能舒服享用咖啡或茶飲的空間，離火車站步行距離。闆娘有氣質、親切友善。
194,冷氣很涼，咖啡不錯喝，蛋糕好吃 位置不多，咖啡現沖不錯喝，甜點有水準
195,低消不貴，設計有巧思，營業時間夠晚，很放鬆，悠閒 很溫馨甜甜的小店喔
196,厚蛋鹹香美味！紅茶布丁也扎實好吃～ 環境氣氛佳，適合週末悠閒的早午餐或下午茶 特調很好喝，夏熱了起來很清爽✨🤍 …
197,很可愛的店 下次一定會再來☺️ 安靜好地方
198,乾淨、令人感到舒服 氣氛超好
199,舒服漂亮讚讚 想快速喝杯咖啡嗎？這家外帶咖啡店是個好去處，你可以選擇任何你喜歡的咖啡，他們還有其他非咖啡飲品，像是桑葚蘇打水🥤。服務快捷，整體來說是個不錯的體驗！ …
200,大概沒有餐飲經驗，那天一個人走進去站在門口等了好久都沒人招呼，空間也不大，裡面只有兩組客人，照理誰進出都可以掌握，但是兩位工作人員（老闆？）似乎只忙著弄飲品，站了一回才拿來菜單。 後來改外帶，外帶甜點只用紙盒裝，也不詢問我需不需要手提塑膠袋，也沒附餐具。甜點很普通，用料很小氣，點的覆盆莓酥粒起司塔跟酒香蘋果杏仁派，味道好像 感覺兩樣都是一樣的起司派，只差上面放了不同的配料。 吃裝潢的，嗯。。。。
201,"除了我喝的精緻咖啡（加了百利甜酒）和美味的台灣茶之外，最精彩的莫過於舒適的環境和店裡的貓咪！這隻貓咪非常友好，甚至允許我撫摸它。 沿著花蓮的「香榭麗舍大道」坐落著這家具有瑞典氛圍的現代咖啡館。我吃了熱焦糖山核桃派和拿鐵咖啡。它們的味道都非常好，而且相得益彰。考慮到這個部分，它有點貴。我的感覺是他們正在為氛圍和優質食材收費。總的來說，這是一個安靜的好地方，也很寬敞，可以閱讀、思考或完成一些工作。 用外賣咖啡點了兩杯冰拿鐵，一杯無糖、ㄧ杯微糖；後來接到店家打來說他們的咖啡都是無糖，沒有提供糖包，要不要直接取消訂單。

整個電話溝通的感受很差，打來的應該是老闆？語氣不友善、一副好像我們ㄧ定要知道他的「咖啡一律沒有糖」，直接問要不要取消訂單的態度也是有夠傲慢。 …"
202,"古色古香的小咖啡館，氣氛溫馨舒適；燈光柔和，非常適合寫作和閱讀。

店主熱情友好，會根據你的口味推薦合適的咖啡。 … 這是一家裝潢精美的咖啡館。氣氛溫馨舒適，讓你可以窩在椅子裡，捧著一本書，陶醉其中。

咖啡很普通，「山核桃派」也一樣，但味道不太像山核桃派。 …"
203,"裝飾得真漂亮。我覺得烤好/加熱過的司康餅太乾了。直接吃（稍微濕潤一點）味道好很多（個人意見）。 這家小咖啡館溫馨舒適（還有一隻常駐貓咪）。所有甜點都是老闆親手製作的。 （我的檸檬塔餡是下單後才加的，上面還撒了新鮮的檸檬皮屑。）我喜歡純抹茶和焙茶（在台灣，抹茶和焙茶通常只做成拿鐵）。店面有點小，裡面通常很安靜（非常適合學習），但和朋友聊天也很合適。 咖啡味道棒極了！

（而且價格非常實惠！）"
204,好吃，氣氛佳，一定要點驚奇咖啡 台客燒肉飯，豬肉不太油，炸的又酥脆，出乎意料的好吃。
205,溫馨安靜的咖啡館，由一位友善害羞的咖啡師經營。咖啡豆種類豐富 檸檬口味的蘇阿維咖啡很有趣，很清爽:-) 音樂也很有品味
206,拿鐵好喝，布朗尼好吃 氣氛很好，有空調，空間簡潔卻不失美感。勞累一天後放鬆的好地方。
207,"烤餅很好吃，美式冰也不錯。  謝謝你的盛情款待 喜歡陶器跟咖啡因的結合
老闆人好 文青風卻沒有文青的做作風格
手沖咖啡很好喝又新鮮
值得一去再去的咖啡店"
208,二樓不大的空間，卻有溫馨放鬆的氛圍。 有wifi可以坐著，夏天尤其需要。插頭的座位不多，只有一桌。但有喵喵就是棒！
209,"咖啡很好喝 餐點和蛋糕也都很棒 非常愜意～
超喜歡後花園的兩隻雞 超可愛！本來很期待看到兔子 不過兔子好像去當小天使了😢 … 來過兩次的體驗都很棒 巴斯克跟提拉米蘇都好好吃！😋 推推 …"
210,"香氣迷人的手沖咖啡。溫馨舒適的空間。 單價稍高，氣氛好，佈置用心。食物的份量不大，但是蠻好吃的，咖啡跟紅茶都很好喝。
環境乾淨、安靜，適合朋友聚會、聊天。"
211,一個在鬧區卻有著市外花園的特殊咖啡廳，值得來訪坐一坐。 手沖咖啡有非常多種選擇
212,"咖啡和甜點都很棒的一間店
肯定會再來 麻糬鬆餅好吃 氛圍不錯，蒙布朗個人覺得偏甜了點，但泡芙皮口感很好
下次想嘗試昭和之心"
213,"是一間很有風格
輕聲細語的咖啡廳
環境舒適乾淨，很適合獨享自己的時光☕️ … 提拉米蘇非常美味 謝謝老闆娘的手藝
花蓮造型蛋糕真的要選金湯達人
品質品味都是最棒的👍🏻 … 避開假日的人潮，就是要平日午後泡在咖啡廳裡，店內小物都好值得欣賞一遍😍擺設用心精緻，座位舒適不擁擠
雖然書不多，但都是好書推薦
其中厚蛋吐司🍞一定要點，口感滑順，會一口氣吃好幾個👍🏻
是值得回訪的好店😍 … 會再帶朋友來的咖啡廳系列
景、食物都很喜歡
舒適，乾淨，看得到店家的用心 … 咖啡請專業老闆介紹單品，好好喝
拿鐵更不用說☕️👍🏻👍🏻👍🏻
舒服的環境，也好停車（門口很多停車格 … 舒服又自在，
一景一物 都好喜歡😍 … 布丁好吃一定要點布丁，空間舒適廁所也香香的"
214,"店內乾淨舒適，氣氛輕鬆自在，無論是否喜歡貓咪的客人都能造訪的店。餐點價格中等，料理調味得宜用心，飲料紅茶加有蜂蜜，別有一番風味。 烤過的司康很香濃好吃，口感上也更有層次（酥～軟）；沒加熱的也好吃，但會少了點香氣，也比較不會有酥酥的口感，可以根據個人喜好選擇～
附近不是很好停車（對遵守交通規則的人而言😅），建議在大馬路上停好車，再沿著日出大道步行過來。 … #有機沙拉 #雞腿沙拉 $298（附紅茶或美式咖啡）
整理照片才發現它是有機，難怪不便宜～
沙拉裡面食物種類不少，除了各種草之外，還有水煮蛋、堅果、乳酪丁、南瓜⋯⋯ … 參加網路活動兌換禮品而造訪，服務人員很親切專業，即使是無消費的服務，熱情也完全沒打折，非常開心的一次經驗😀 …"
215,空間舒適，有沙發椅，不是硬梆梆的木椅，咖啡很香，蛋糕大部分都還不錯，價格比星巴克便宜 玫瑰蜜桃北海道生乳酪濃香軟嫩，口感像快融化的冰淇淋，乳酪帶鹹甜酸，一般乳酪蛋糕很少會帶鹹味，帶鹹反而解膩，餅乾底沒有因為吸滿上面乳酪的濕氣而變得軟爛，反而有酥鬆的口感，餅乾底裡面還有細細的核桃顆粒，咬起來滿口生香。 …
216,今天剛好幸運碰到店家有分享杯的活動，而且老闆也非常用心介紹今天用的盤子/容器是什麼老師做的陶器、器具設計亮點為何。 … 優格碗很豐盛，口感還不錯，咖啡偏普通，很少觀光客，看起來都是在地人才會去的咖啡廳，環境氣氛很放鬆
217,早午餐很好吃～ 真的是“驚奇”咖啡，喜歡奇特的人，值得推薦👏 …
218,"耗一整天的好地方，東西好吃😋
0727 今天改吃雞腿排有機沙拉，沙拉好吃，但是雞腿排很咸，大蒜吐司也像表面有一層鹽，破壞了沙拉的清爽啊⋯⋯可惜 … 飲料咖啡用心，超推紙包雞"
219,謝謝給予17人一個獨立的空間用餐，人員的服務很周到，鮪魚總匯好好吃☺️，謝謝工作人員♥️ 超好吃！！！氣氛很好 愛死了
220,這家咖啡廳最大的賣點就是後面的庭院，實在太棒了，如果咖啡座區能夠與後院相鄰就更棒了😊 … 環境幽雅位於民國路跟明禮路交叉口，室內有一部三腳鋼琴，店裡放的音樂也相當好聽，整個咖啡館的擺設相當的舒服 好美的室內空間，搭配著巴哈的Patita ，優美的巴洛克音樂在這個空間迴盪，香醇的咖啡，一個悠哉的午後🎈 …
221,"餐點好吃咖啡好喝 花蓮最好的親子餐廳 提供各式玩具書籍及手作課程👍 … 點完餐覺得很熱很悶，麻煩請店員開冷氣，結果跟我們說冷氣壞掉不能開，只好要求坐到前方有冷氣處，一開始店員還不願意，說要梅花座，原本餐點還沒做要走人，才說要幫我們移位
傻眼的來了，後來又進來兩位年紀長的客人，冷氣就能開了？店員自己備料的地方超涼，中間超熱，這是在欺負我們嗎？以後不來了"
222,"精緻、食尚 §前提是咖啡廳無用餐時限§
因逛街逛累了，想說進去吹個冷氣喝咖啡+吃個甜點休息一下，沒想到悠哉的喝咖啡約莫休息了近2個小時，突然服務生過來表示：等一下有人訂位，看你是不是可以先行離開？ …"
223,悠閒舒適的環境，好喝的單品咖啡～ 舒適的用餐跟喝咖啡環境
224,"在小巷子內 很溫馨的小店
點了香草拿鐵&蜂蜜拿鐵
蜂蜜拿鐵覺得有點甜原本想說加冰塊就好 … 推薦鬆餅👍🏻👍🏻是一家很有特色的咖啡廳 …"
225,鬆餅超好吃!!!! 地點好美食讚氣氛佳
226,原木座椅、褟褟米座位，佈置清雅的環境，很舒服！食材天然可口，可可與咖啡都很讚！ 很新鮮、專業的好咖啡。店內舒爽且時有書畫攝影展，書報雜誌也多，可以很舒服放鬆靜靜閱讀或談心的好地方。
227,"環境舒適，咖啡餐點都非常好吃，食材也是嚴選有機令人放心的😄，是個適合三五好友或家人聚會聊天看書滑手機的好地方～非常推薦 … 位於花蓮市中心，環境寬敞舒適，咖啡很棒，餐點非常多樣且好吃又不貴，服務人員態度也很親切，最棒的是用餐時間沒有限制，可以悠閒坐一早上看書、聊天也沒問題～
比較推薦早午餐，中晚餐餐點較普通！"
228,"蛋糕好吃提早訂都可以依需求客製化，不管送給長輩給先生給朋友給小孩都有各種適合的選擇，沒有一次失望 喝過快閃真的回不去了
每個月固定follow新豆單
出門必帶耳掛包 …"
229,"目前花蓮最棒的咖啡店,繼續尋找下一家 貓咪可愛，卡布好喝"
230,"咖啡新鮮，又是自己烘焙，非常棒！一定要自己親身體驗，什麼叫做好喝的咖啡。才知道店名是名不虛傳，👍 … 車站附近 優靜的咖啡店與小酒館 Bistro with coffee, 偷得浮生半日閒的好地方 ！"
231,有趣的餐廳，老闆佈置用心，晚上燈光會變暗 非常棒的氛圍，適合放鬆，安靜地享受緩慢的時光，也請用心地欣賞每個細節，屋頂也不要放過。建議閱讀屋內放的舊雜誌報導這家咖啡館的由來。會很感謝老闆願意把這個她投注極大心思與金錢打造的空間分享出來。
232,"我的心愛的祕密基地啊！
每週都要來報到，
推薦提拉米蘇（花蓮最好吃還有冷萃咖啡。 甜點和水餃超好吃！
冰美式也是我近年來喝過數一數二讚的！
大推薦！ 好喜歡這裡的感覺，雜誌與報紙數量都很多，早午餐的內容豐盛，是我很愛的咖啡店 花蓮眾多咖啡館中我最愛的一家！
真的很推。"
233,"花蓮最推薦的咖啡店，餐點選擇多樣化、又好吃！店員的服務態度也很好，也好停車。 咖啡廳氣氛不錯光線很適合拍照，點了布丁🍮及抹茶牛奶還有芝麻戚風都非常好吃😋！！很推

附近公園可以免費停車，步行到坡上約3分 … 有貓就給讚。
草莓塔不錯吃，飲料還ok，店裡氣氛滿好的安靜悠閒。廁所是還願裡那種阿嬤家的老式廁所，每次去都覺得毛毛的（還願中毒太深😂 …"
234,咖啡很有水準，建議小卡能加上加啡沖煮的水粉比例，餐點也很棒！ 店員很客氣有禮，咖啡有些淡
235,服務生很熱心但不算專業，咖啡普通甜點還可以接受 手沖咖啡價格140元可選豆相對來說價格不貴，環境不錯，但當天因為有團體聚會，所以稍嫌吵雜
236,"如果你喜歡花蓮的慢
這裡很適合你
面對白漫漫的香榭大道 … 食物非常好吃 價格中等 值得一去再去"
237,"一個可以摸貓又能安安靜靜處裡公事的地方
咖啡ok 超級Chill的好地方
老闆人也是很nice 單品真的好喝～ 水洗尤其很棒
配上一塊檸檬塔～ 這裡的檸檬塔很特別
塔皮尤其是，就是要這種層次
吃起來就不是單調的油皮了 … 老闆十分好聊
對烘豆在行之外
而且還會彈Flamenco … 來挑豆之前
可以先知道一下愛好的豆種
你喜歡的味道、苦位、酸味
方便老闆跟你介紹 感謝老闆常常提供場地辦講座、音樂會
拜託大家要常常來支持、消費 很隱密的咖啡館，看完電影想要安安靜靜的坐著，可以來這裡喔"
238,坐後面院子也挺棒的，甜點咖啡還不錯 這個老板懂咖啡還自製甜點自烘豆 投入的資金跟心血很高 佩服了 甜點好吃 咖啡好喝 咪咪好可愛
239,好喝 還不錯吃也蠻經濟實費
240,鬆餅美味，貓咪可愛！ 檸檬蛋糕很美味！
241,輕食和咖啡都很棒，會想再回訪! 很特別的店，店貓好可愛，老闆人親切 老闆很有氣質，解說咖啡詳細，環境很舒適文青
242,"店如其名，更勝其名 - 感覺特好咖啡

如日常般推薦的手沖，每支風味都很特別，印象深刻的是沖煮專業外，店家還會細心溫杯擦拭 … 氣氛好、服務人員很親切，手沖咖啡厄瓜多角鴞很好喝！ 像果汁般順口滑溜～ 讚讚"
243,氣氛很不錯，適合談天即其他。 這裡的咖啡自己烘焙，很有特色。
244,"好吃 氣氛佳 值得一來 咖啡廳風格在花蓮極少見
一種異國風情的感官刺激
色彩張狂熱情 卻很節制 …"
245,推薦咖啡豆！消費還可以做愛心 單品咖啡平價好喝！
246,"服務很好，舒芙蕾沒很愛但冰淇淋不錯。

三年後再訪： … 蠻好玩的，餐點還可以啦！"
247,很適合看書休閒去的地方 我覺得餐點沒有很好
248,中上等級的咖啡廳。 店內備有多種單品咖啡，主人友善有耐心、沖泡細節也很用心，價格合理，在花蓮的地方能遇此歇腳處可謂滄海遺珠！
249,懷抱夢想，不離初衷的好地方。 花蓮人的福氣！適合慢慢享受...
250,貓貓超可愛的，推薦 推薦 驚奇奶茶…..味道淡到一個不可思議…..真的讓我驚奇了！ 風景好看，老闆熱情，咖啡不錯！
251,"拿鐵一杯155滿貴的... 手沖咖啡種類豐富，氣氛輕鬆愜意。

WiFi 也不錯，強烈推薦。"
252,地方很漂亮，花園很大——咖啡也很棒。 在非常優雅現代的環境中，品嚐了令人驚豔的美味咖啡！
253,咖啡不是我喜歡的，但服務和氣氛都很棒。我得以放鬆一下。 這個國家的咖啡整體來說不太好喝。我嘗試了更貴一點的，雖然價格稍微高了一點，但還是和我煮的咖啡差不多的水平。
254,可口的 美味簡單的健康食品。好咖啡。超級放鬆👌🏼 …
255,"很棒的咖啡店，一進來環境就是讓覺得很高雅， 讓人覺得講話就是要輕聲細言，而且他們的莊園咖啡每種咖啡豆就是有他該有的香氣，老闆很厲害你只要告訴他你喜歡怎樣的口味，水洗、日曬喜歡果核果實或是柑橘檸檬他都可以調出適合妳喝的咖啡。這裡的甜點也好吃。 他的價格算是親民不便宜也不貴..^^, 只可惜我點的青醬都沒青醬該有的羅勒香，還在想是白醬還是青醬呢？

這裡的鬆餅是加了麻糬，所以口感還不錯，中間還有香草冰淇淋。。 這間老房子在仲介帶看時，好奇跟進來看，覺得地點不錯，只是要經過一個不算巷子小路進來，感覺有點怪。沒想到屋主把老屋整修的很有質感。

這裏服務不錯，餐點也不錯吃。今天點「泰式打抛豬肉飯」／220元。一顆太陽蛋＋每天自製「泰式涼拌青木瓜」(可續) 感覺很棒的地方沒壓力。咖啡跟甜點都不錯吃 在巷弄裡的精品咖啡，空間很小，老闆娘很親切，咖啡價格屬高 好吃,有創意的巧克力 好喝的咖啡配上天然健康的蛋糕。很幸福感, 在廣東街167號, 沒有門牌, 不容易找, 2022／03／26
很漂亮很好拍照的地方。飲料也不錯喝 外表保留日式建築造型。內部全是檜木加實木，聽老闆娘說花了1千多萬整修。單 木作師父一天要價3000元工資，一天就要7位師父。
一進來就有檜木香加古典交響樂。只有2位客人很安靜，適合我想靜靜看書。
#調豆咖啡/200元。老闆娘用3種豆去mix,(耶加雪菲+哥倫比亞+？)。香氣和口感很合我，和 #安娜 咖啡一樣好喝。這裡還有老闆娘親手做的減油減糖的 #布朗尼蛋糕 也好吃 很有特色咖啡店 #咖啡木 花蓮市海濱128號街。下午2點開始營業。
朋友一直很推薦這裡，剛好路過就進來嘗鮮，空間雖小但可欣賞檜木作品(可販售，很可愛豬鼻子充電座/1500)，及置身綠色叢林感覺很棒，咖啡和甜點也不錯吃，只是單價偏高一些，只能偶爾來。 … 喜歡他的焗烤芋泥德國麵包，麵包有嚼勁，豬排咖喱也好好吃 咖啡
喜歡他的玻璃屋。原先也想蓋這種玻璃房，考慮屋頂髒明顯、熱及颱風易打破就取消念頭。😑
這裡甜點好吃。 …"
256,"老闆人蠻健談，對咖啡認真研究❤️
來試試看他烘的豆子如何😌 … 很棒"
257,很輕食 早午餐蔬食很好吃
258,"外行人喝咖啡的好所在 店家用手網二次烘培 風味較扁平
老闆咖啡知識不夠專業 哥倫比亞粉紅佳人 沖得稍微濃一些 酸味明顯可惜帶一點澀味 層次不算厚實 有微微的果香 整體還ok 沖咖啡很多多餘的動作
豆子烘培還留有不好的味道"
259,咖啡很好喝！ 蛋糕好吃，咖啡好喝，真的很不錯，尤其是專業的拉花！
260,好喝 貓好美
261,蛋糕好吃 清幽
262,"裝潢很有特色，其他還可以。 點一杯摩卡拿鐵外送
送來的只有半杯的份量
裡面也沒有添加巧克力 …"
263,好咖啡 招牌黑鯨咖啡一定要嘗試看看
264,"甜點不錯，復古日式的環境很有氣氛。 價格偏貴，但食物非常乾淨。甜點不錯。不過，價格大概是周邊其他餐廳的1.5到2倍。 很有氣氛 喝下午茶的好地方 外帶了一杯冰拿鐵
很好喝
店裡還有一隻可愛的貓咪"
265,"低消
一杯飲品或是主餐
羊奶咖啡180元 … 食物 飲品 佈置 服務都很好
就是夏天 冷氣不夠冷 好吃，氣氛佳，服務親切。"
266,環境和氣氛很舒服，咖啡也很不錯，價格也不貴！ 氣氛舒緩，咖啡好喝，適合沉思、讀書、心靈交流。 對於咖啡有獨特的堅持與用心，值得一探究竟。
267,"在巷弄間會不小心路過，一進入卻是很有復古味道的一家咖啡館。

酸甜檸檬塔，內餡滑潤有滿滿檸檬味但又不過酸，塔皮也很扎實酥脆，現磨檸檬皮，讓檸檬香氣大加分，是很好吃的點心。 … 看到4.2顆星評論，慕名而來。
喝了第一口現打蔬果汁，有點傻眼，這應該是淡淡的果汁水。
焗烤熏雞，上面的料少的可以，165元坦白說不便宜。 …"
268,很有特色的地方，咖啡好喝，老闆也親切 燈光美氣氛佳，店員服務親切。
269,"民宿checkin前找到的小咖啡廳 剛好在北濱附近走路兩分鐘
兩點營業進去很快就滿了
裝潢布置都有感受到店家的用心 餐點也很不錯 布朗尼冰淇淋推 … 很棒很閒靜的空間，食物簡單但新鮮"
270,"幾個月沒來怎麼好像變質了～
水果感覺放很久了，不新鮮！
一直聽到廚房阿姨與外場隔空聊天，完全沒有寧靜的感覺！比客人還要大聲很多希望能改善 思思念念的司康～我喜歡抹茶麻糬
偶爾的小確幸❤️滿足"
271,辦的市集很有趣 咖啡好喝，老闆很好聊，對攝影文化非常了解。
272,"食物還不錯，比較意外的是室內裝潢這麼用心，但為何洗手間卻這麼...簡樸XD 非常完美的咖啡廳，老闆專業親切。
咖啡好喝，甜點好吃，還有貓咪🐱 …"
273,老闆手做甜點，超.好.吃！ 其實是為了看起來很厲害提拉米蘇去的，結果忘記拍提拉米蘇。果真下重本的放大量的蘭姆酒，馬斯卡邦起司也很實在，沒有用過多打發鮮奶油或蛋白稀釋。點了哥斯大黎加.莫札特(玫瑰)搭配甜點，花香撲鼻，喝起來有點蜜香。抵消是飲品一杯，甜點比咖啡重要的我下次還是外帶就好。
274,"氣氛好，食物及咖啡品質也不錯。
是間早開門的咖啡店，推薦它的手工麵包。 咖啡好喝。蛋糕賣完了，店員特地找出剩下的一小片招待，很溫暖"
275,"氣氛非常好 適合久留 閱讀 與兩三好友相約輕聲對談聚餐 環境安靜舒服，老闆親切，店內有wifi有插座。適合久坐，享受一個不被打擾的下午。
很喜歡，會再來：）"
276,"環境舒適，餐點美味，可以悠閒渡過一個下午 只有咖啡 卻能滿足每一顆心

除夕圍爐前散步走走 …"
277,"鬆餅很好吃 西班牙海鮮燉飯好吃
餐點都蠻優秀的 巴斯克蛋糕濕潤好吃，不會太甜～
好想買一整個回家吃😋
Mini店長狂睡❤️ … 這裡的氛圍非常英倫，Baobao 的濃縮咖啡味道獨特濃鬱，搭配巴斯克起司蛋糕堪稱絕配。"
278,"巧克力好吃也好喝！
令人驚喜的是，店內藏書豐富，明明是為了吃甜點而去，後來卻有點捨不得離開。店員服務態度超好。推薦威士忌熱巧克力~ 海鮮燉飯很好吃，還想再來吃海鮮燉飯。"
279,養生又健康的飲食 生意太好，喜歡安靜的人會有一點失望。
280,保存完好的歷史悠久的日本木屋！ 花蓮最好的咖啡館之一 常常有藝文表演活動
281,環境優美寧靜 手工咖啡
282,好吃…環境舒服！ 直火烘焙香氣奔放好喝！！
283,安靜舒適，還有貓狗陪伴 聚餐聊天好環境
284,"整修後變得非常漂亮～環境也很乾淨～
之前吃過就覺得超好吃 推推 兩位小姐很親切，司康有用心製作，內用環境舒服放鬆，店狗也超級乖巧的。
評論裡不友善的留言，希望這些人好好待在家裡，別去擾亂店家做生意。
這間店很棒，是值得肯定的！"
285,有可愛的貓與狗 食物也很美味 環境古樸的露天咖啡座，咖啡很棒 老闆熱情且專業 音樂有特色 氣氛好
286,"大雨的夜晚，突然很想吃巧克力
自己在店裡上待了一陣子
巧克力很好吃！尤其是松露的 … 非常 推薦"
287,"🔍：falalalala_23

店裡有兩隻店貓，有夠可愛❤️❤️❤️ … 文青咖啡店(・ω・)ノ"
288,食物很棒，價格也很實惠 一間隱藏在鐵路步道旁一條不起眼小巷裡的小咖啡館。由兩位可愛的姊妹經營，她們懷抱著各自的夢想，營造出獨特的氛圍。如果您需要一個安靜舒適的休憩之所，這裡絕對值得一去。
289,咖啡比奶茶好 有貓有咖啡，讚讚！
290,十年如一日。 咖啡順口，奶味兒很香。有貓貓。
291,一如陶藝本來就是帶著一點溫度的手作藝術，這間半露天的咖啡館也是同樣的道理，提供直率中帶著一點溫柔的咖啡與甜點。 深色木質調搭配奶茶色的氛圍中，有花藝、陶藝、咖啡、甜點與輕食，彷彿暫停了午後的時光。
292,店美，餐點也不便宜，可惜吃完還餓呀⋯⋯ 素的選擇有漢堡、蛋捲、鬆餅，環境靜雅
293,"很休閒的地方，低消是一杯飲料。
動作很慢，等了60分鐘，羊奶咖啡還沒來 海景100分，鮪魚三明治90分，沒有限時，佈置用心，就是單價高了一點。 好吃氣氛佳，約會的好地方"
294,"老闆娘跟員工都超親切🥰好喜歡這裡的氣氛
重點是咖啡好喝極了！  超推 👍
還有耳掛品項也超多可以選購 … 甜點非常好吃
香濃而不膩
還有可可單品也非常好喝 … 舒適環境 聚會的好地方，大推！！"
295,來好幾次了~餐點很合我都胃口，是健康無負擔的葷食素食都有~ 環境舒服，後面有玻璃屋😍 … 還不錯，在花蓮算開得比較晚的店。
296,爬山八公里的疲倦被可愛妹子的笑容給消除了！可愛妹子沖的麝香葡萄咖啡很有酒釀風味，喜歡手沖咖啡的人可以勇敢的試試！謝謝你們的招待 非常棒的咖啡館，有很多有趣的飲料和食物可供品嚐。 服務親切貼心，氣氛溫柔，被治癒了；店裡氛圍溫暖自在，貓咪可愛又親人🥰 … 非常好的機器，非常好的豆子，喝出來的咖啡就是很好喝，價格又合理，非常推薦早晨來這邊一杯咖啡
297,"+早午餐CP值超高
+強力推薦紙包雞，雞腿軟嫩多汁夠味，裡面還有滿滿洋蔥杏鮑菇玉米筍等配菜
+搖搖沙拉水分甩的乾淨，不會導致醬汁沾附不上去 … +很舒服的內用空間，桌與桌之間有距離
+手沖咖啡很有水準，萃取時沒有造成咖啡豆產生不好的風味
+單品豆選擇不少 …"
298,"餐點內容物用料普通，比預期中的廉價。同價格在台北能吃到更豐富的組合。整體吃完沒有記憶點，擺盤不錯。
當天用餐人不多，環境舒適。音樂有點大聲外整體愜意。店貓店狗可愛～ 不錯的咖啡廳
起司系列蛋糕很好吃"
299,鬆餅好吃，不會很甜，還有貓貓狗狗陪著你～ 漂亮的拉花，好吃的蛋糕，還有貓貓陪你玩～
300,"很喜歡老宅氛圍
內部的妝點很用心
飲品更不用說 … 中芬、旁芬、碗糕（？）三隻貓個性都不一樣，老闆很親切，寵物友善的咖啡廳。"
301,"店不算大，卻很放鬆，也許是寵物咖啡店的關係😄貓貓狗狗總是能療癒人心😘
店招牌是兩隻貓，名字很有趣叫做「中分與旁分」（要留意旁分脾氣較大不愛人家摸），另外也有兩隻狗（柴犬與紅貴賓）。 … 親切、自在，覺得溫暖的一個地方！
坐到都忘記時間😅
想忘掉討厭的事情真的挺管用的😆 … 空間廣闊，應該是兩間店面打通，並留了一個車道在右側，方便來客停車（因為花蓮市區的停車問題越來越嚴重了）這點很貼心💕但似乎也是會反映在價格上😆🤪
雖然餐點的項目不多，對於有選擇障礙的朋友是一件好事😆今天點了「菇菇烘蛋」，大食量女孩可以輕鬆解決👍一開始吃的時候還覺得有點清淡，但吃到後面發現調味份量其實剛好，這點也挺厲害的！😀 …"
302,老闆娘很親切，3隻店貓也很盡責的陪伴客人，帕里尼好吃。 上次來訪店家因是延後開門營業未遇，這次專程前往，小巧可愛的咖啡店，甜點也毫不遜色，適合放空的好地方，唯一遺憾是二隻店貓都躲在天花板睡覺，只能下次再安排時間前往
303,很令人放鬆的一間店，推吃的到馬鈴薯的薯條，飲品也無雷，男友點墨西哥燻雞帕尼尼很滿意😋 … 檸檬塔有檸檬皮的香 檸檬的酸，推薦大家嘗試！！晚上很適合來一杯靜心花茶，喝完身心都很舒服～
304,環境乾淨、設計感佳，食物優良 甜點超值好吃，茶類特殊。唯一缺點是店內安靜環境常被一些吵鬧的顧客打攪
305,好吃至極，下次還會再過去 吐司愈嚼愈香，上層還有香蒜的味道，自製的優格和薯條也很好吃喔!下次會帶朋友一起去😊 …
306,舒服的空間，座位不多。 黑炭鬆餅很特別，現烤的很好吃！店內有喵星人悠閒走動，適合愛貓人士來放空一下午：）
307,"餐點好吃，環境優美，附近好停車 有貓咪但不怎麼親人。上菜速度慢，價格不便宜但是餐點的品質不符合期待，整體來說CP值不高，同價格又很多更好的選擇。 店裡的裝潢不錯有特色，有一隻貓
衛生的部分還算整齊。
店內低消是一杯飲品。 …"
308,"紙包雞早午餐好吃
中芬跟旁芬太可愛🥰 … 空間裝潢舒適，手沖咖啡同時提供分享杯給同伴品嚐味道，非常貼心的服務。手做杯具很有溫度，提升了品嘗咖啡的樂趣。咖啡特別有層次，香味和口味都很有驚喜感。"
309,走在路上看到貓頭鷹就過去拍照了 也就這樣跟老闆聊起來 雖然只是路過 但也能感受到老闆的熱情 跟我們分享了很多咖啡豆 聞起來味道都很特別 不過因為已經晚上九點半了 想說不要喝純咖啡 就點了一杯拿鐵 喝起來真的很香 東西超好吃的 貓貓也很可愛🥰🥰 可惜沒跳到我腿上XD … 咖啡好喝 貓咪有點兇 包包放地上要小心 不小心就戰損了
310,尋常巷弄的舒適安靜店家，咖啡很講究，甜點精緻有愛，貓咪可愛 可愛的喵、舒適、餐點用心 非常可愛舒服的小店
311,安靜舒適的小咖啡店～貓貓很可愛❤️熱的黑糖牛奶很好喝很溫暖～看到老闆一家人很溫馨也感受到幸福🫶 … 很棒的地方～除了三隻貓咪都很口愛很健康以外，老闆跟老闆娘都超級親切🫶奧莉奧芭娜娜鬆餅很好吃，香蕉很甜，上面的鮮奶油也很讚～小小的地方卻大大的療癒了我❤️ …
312,"可愛的小店～
拿鐵好好喝～
香橙肉桂捲裡面有果肉
很喜歡❤️ 餐點好吃😋服務又好👍👍
下次還會二訪的店✨ …"
313,"來吧(*๓´╰╯`๓)♡
廚神炒蛋味道層次很多
麵糰斯貝爾特野生小麥
健康而且合適腸胃較弱不會敏感 餐點真的很不錯
食材新鮮度也很棒
貓也非常可愛 … 最近超迷戀基礎款紫羅蘭
對烘焙手工挑選豆有癖好的饕客
有經過一定要試看看"
314,"餐點美味，值得再訪
週六夜晚的魔術秀很可以👍 … 咖啡很好喝，氛圍很Chill"
315,"推 墨西哥燻雞帕尼尼！！
內料很多還搭配玉米筍
增添口感且味道微辣吃起來很順口～ … 看保夾超人推薦來吃的！！
達克瓦茲外皮酥脆搭配內餡
不會太甜好好吃 … 店內環境舒適，餐點選擇多樣、美味
拼盤內容豐富，小農生菜不會苦澀，吃起來非常清爽，松阪豬調味簡單好吃
蝦蝦人生(墨西哥薄餅)鮮蝦Q彈，份量也很足夠
咖啡推薦黃金比例曼巴豆，味道香醇不酸"
316,"在地圖上無意發現的甜點小店，呈現相當日系的氛圍，店內使用的餐具與燈飾，都是自己日本帶回的陶器收藏。
店內的位子不多，很幸運沒有排到隊即入席，帶鹹感的開心果巴斯克味道濃厚，非常美味！焙茶戚風的蛋糕體相當有彈性及空氣感，老闆說是選用當地高品質的蛋農所造就，但焙茶風味較不凸顯，不過搭配醇厚的焙茶牛奶，相當合適！ … 氣氛安靜，老闆服務良好，還有貓貓可以摸"
317,"老闆感覺是個非常熱愛咖啡的人
如果不趕時間的話可以坐下來好好跟老闆聊煮咖啡
茶也很推薦，都是老闆現沖的
但因為老闆都是一杯一杯慢慢沖泡，所以如果趕時間的話可能不推薦 -悠閒的咖啡廳
-原本想來看貓咪但貓咪都剛好在睡覺有點可惜
-竹炭鬆餅有特色，口感普通 …"
318,"價格合理 氣氛不錯 安靜 適合聊天放鬆
mini這隻小貓也很可愛
貓控可以來 漂亮的拉花 安靜的環境加上文青的裝潢和裝飾 與小貓完美融合 可以摸摸貓咪放空
有空會再來"
319,小巧的空間，老闆是木藝創作家，結合了咖啡，茶與小點，讓人放鬆的氛圍，充分發揮及可欣賞到他的藝術品 貓咪圍在腳邊，或坐，或走，慵懶，在玻璃窗前看著來往的行人，是牠的日常
320,"蜂蜜牛奶好可愛😍 … 鬆餅認真好吃！飲料也認真好喝！
就是一直被貓貓吸引走😂😂 …"
321,還不錯 簡單風格 小心貓咪出沒～我很愛貓，但是要提醒其他人注意貓貓，不要踩到貓咪
322,"老闆菜單一一介紹，很有溫度店家，咖啡也很好喝 西西里咖啡（酸酸很有特色
焙茶咖啡（重茶口味
真的都很有特色的咖啡 …"
323,"裝潢用心新穎，飲品餐點標準 可以久坐的咖啡廳
有些座位旁有插頭可以使用
店內有一隻貓 …"
324,"氣氛超棒，老闆親切
咖啡非常用心
貓咪可愛 鬆餅美味，服務周到
大力推薦！！！！ 咖啡好喝，蛋糕超好吃
裝潢復古且充滿小細節"
325,有酷酷的貓也有會撒嬌的貓 有肉桂捲噢
326,"美麗的宸誼 美麗的咖啡
休閒小憩的好地方❤️ 詳如附件"
327,一個氣氛輕鬆愜意的好去處，還有專業的咖啡師。這裡有各種咖啡豆🫘，咖啡師可以依照你的喜好調製出專屬口味的咖啡。你可以選擇堅果味較濃鬱的，也可以選擇果香較重的，或是先有果香後有堅果味，反之亦然。真棒！ 😎😎😎 華夫餅🧇也是自家手工製作的👍👍👍，不是那種提前做好放在冰箱裡，等你點餐前再加熱的。 … 這是一間溫馨的咖啡館，裡面有各種個性的貓。下雨天來這裡放鬆一下很不錯。早午餐套餐（義式洋蔥烤雞腿）美味可口。 👍。自製華夫餅🧇外脆內軟。 😋😋😋。 …
328,咖啡很棒，專業沖泡。冰滴濾咖啡採用埃塞俄比亞天然萃取法，萃取完美。燕麥奶口感絲滑。如果你是咖啡愛好者，來花蓮絕對不能錯過。 哇喔！超可愛的小咖啡館，還有友善的貓咪。老闆人超好，做的冰拿鐵超讚！ 這家咖啡館超棒，貓咪超可愛！冰拿鐵很好喝，老闆人也特別友善。來花蓮一定要去！
329,"是聚餐及聊天的好地方
餐很好吃
特別喜歡燕麥粥，裡面有很多驚喜 同學相聚的好地方 好吃的甜點，舒服的環境 美麗的海岸，好吃的餐點 餐點加上了鍋飯，很特別。
好吃的舒芙蕾加上栗子餡及冰淇淋，很好吃。
梅子汽泡飲很好喝、冰沙也很有特色👍🏼👍🏼 … 風景很美
很近海邊
很舒服的地方"
330,好吃😋推廣送薯條唷！！！🍟❤️ … 燕麥拿鐵口感順滑很好喝！非常讚👍 …
331,很有歷史故事的好所在 環境我喜歡，鬆餅必點 舒服的環境，咖啡也好喝，裡面很nice唷 用心，好喝
332,是一個吃下午茶的好地方~~~~ 環境佳 氣氛好 適合辦公讀書📖 …
333,舒適的地方 氣氛好 餐點還不錯 還行 巧克力還不錯
334,"環境很清幽，沒想到花蓮也有這地方，值得慢慢喝個下午茶，談談人生 好喝的濃縮咖啡，果乾花茶
吐司好吃，還送冰淇淋
很推"
335,"一進門就讓人喜歡上的小店！如果我住花蓮一定常常來❤️ “安娜法式烤土司” 實在是太美好，每隔一段時間都必須來吃一下🫶🏻
不只咖啡用心，抹茶拿鐵也超好喝的！ …"
336,"這裡環境好棒，重點寵物友善餐廳
很推薦❤️❤️❤️ 拿鐵很讚 拉花厲害👍 順口好喝

鬆餅吃起來鹹甜鹹甜的 …"
337,"嗯，地點粉安靜，有插座不限時，咖灰鬆餅都不錯吃ㄛ！
還有真的經濟又實惠，一杯咖灰的售價；喝的是三杯咖啡的量ㄟ！
手沖咖啡有到位，鬆餅外酥內嫩的，法式吐司也推介！
有一隻白色的店貓，提醒會過敏的人，已經收入我的口袋名單中了！我會再來的… 空氣清淨跟安靜，輕飲食；茶飲不錯，咖灰值得推薦，建議不趕時間的話，可以來這坐坐…"
338,甜點還不錯，貓很可愛，不會打擾人。 手沖咖啡好喝，可惜沒吃到布丁。 柚子茶跟鬆餅都好吃，有附停車場，空間夠大很舒適！ 環境很舒服，冷氣超涼，鬆餅也不錯，但不知道為啥別組客人早進來，但比我們晚點餐，卻先上完他們的餐才做我們的，等了40分鐘，不是應該依照點餐順序嗎？怎麼依照進門順序.......
339,法式吐司不加糖趁熱吃就超好吃，不夠甜的話可以加蜂蜜！ 起司好吃！ 空間寬敞明亮，店員親切，飲料和甜點也很棒🫶 …
340,"有Wifi 寬敞安靜的法式裝潢
也有很棒的精釀啤酒精選
吃到了台灣最好吃的法式吐司 … 低消一杯飲品
很多老件傢俱蠻有意思的
防堵疫情擴散所以很嚴格 沒有在進食口罩就是戴起來 …"
341,單品咖啡兩支不同調性的口味都很好喝，搭配鬆餅也很協調。 咖啡無論是單品或是義式都很好喝，甜點也很夠水準，環境很適合唸書或放空。
342,咖啡味道很夠，偶爾看到店家養的貓跑來跑去很療癒 簡單卻很優質的店，咖啡好喝，貓胖胖的很可愛
343,老闆是很特別的人，價位很親民，咖啡很好喝，蛋糕鹹派都很讚。 如豪宅的裝潢，好聽的音樂，好喝的咖啡。
344,這裡有提供專業咖啡師訓練課程，也可單純來買咖啡豆，價格相當平易近人，一磅從300元～550元不等，也有提供精品咖啡豆，更可單純來這品嘗一杯好咖啡與所處氛圍，新店面環境很棒，二樓更有專業的咖啡教室，滿室咖啡香繚繞著，老闆一家人親切且專業，是花蓮少見的咖啡豆專賣店，希望未來能提供一些輕食，讓大家都能自在享受歐美的咖啡文化。 不喝咖啡者，我會推薦葡萄優格飲，喝得到真材實料，味道非常濃郁且兩者互搭折衷，葡萄與優格各佔一半，此外，更更推薦必點的是法式土司，口感很特別且富有層次感，本來心想只是吐司而已，是能有多神奇啦，結果吃下的第一口，彷彿就能領略前人所述，心花朵朵開的美妙甜蜜滋味，重點是價格相當平易近人，一份90元還附一球冰淇淋。 …
345,"專喝咖啡地方每天都會有不同豆子故每次去可能都會有新發現喔！ 很佛心的老板，也有經營民宿，很棒 很棒的地方，氛圍也很好氣場穩定 老板健談風趣已享受退休生活
但熱愛咖啡30多年,咖啡的技術很有特色冰熱喝起來感受不ㄧ樣ㄟ
著實讓我有驚艷到！"
346,"奶酪好吃 黑醋栗氣泡好喝 主餐不錯 提拉米蘇超級好吃
浸滿酒香的手指餅乾絕讚
檸檬美式口感很綿密
配上黑糖粉超級棒"
347,"結論：老闆風趣，咖啡好喝

若想試試單品手沖，可以跟老闆討論喜愛的風味， … 很喜歡這種小店氛圍，
沉浸室內的原木淡香，把玩兩隻親人喵喵， … 結論: 無微不至。

這地方空間剛好，適合傳遞溫度 …"
348,"法式吐司配上冰淇淋好好吃！
水果茶的杯子裡還有蘋果丁，很貼心的巧思！
第一次聽到卡布奇諾有分乾濕式的，咖啡豆香氣很特別，非常用心的店家 冰釀咖啡令人陶醉"
349,咖啡與輕食都好吃的咖啡館，老闆對豆子與沖煮技術都有研究，咖啡順口香甜，可以依據客人口味挑選適合的豆子。而且鬆餅與法式吐司也鬆甜而不膩。更棒的是咖啡店環境舒適，挑高且座位不壅擠。店家位置就在火車站附近，是等火車前的最佳去處。 好喝的單品咖啡，離火車站不元，確實可以到當作旅途中繼站
350,環境清幽 還有貓咪作陪😍😍😍 … 環境安靜舒適 老闆為人幽默 咖啡讚讚
351,推爆！從外觀看很像飯店，走進去才知道原來是間咖啡廳，咖啡食物沒有到很驚艷，價位平平，我很喜歡這間的環境！大家很有默契的安靜下來，會讓自己在此沈澱心靈 在外面喝咖啡不用擔心花蓮特產叮咬，咖啡是我在花蓮喝過數一數二好的，時不時就可以與貓咪互動
352,"態度親切 氣氛佳 音樂也有自己選擇 感覺低調的好咖啡、老闆特別親切。供應的單品多樣、老闆也能為您推薦。價格與品質實在、環境舒適的推薦好店。

Come to the darkside, we have coffee. 寬廣 舒適可以充分享受放鬆與放空的自在感，搭配好喝的咖啡跟點心，真是慢活人生的一大享受，到花蓮值得一去的好地方。"
353,咖啡冷熱各有不同感受，讓你一次滿足 好喝！會想再來喔
354,"氛圍非常時尚舒適！餐具和其他細節也非常精緻！ 店貓waffle不跟我玩 差評🥲 … 很用心經營 裝潢設計風格低調時尚
愛了愛了 寵物友善🧸🧸🧸
美女店員被狗狗兇（他本來就是這樣玩耍）還詢問要不要吃零食
謝謝妳們😘😘😘 … 從臺北來花蓮旅行，
和先生一起來用餐 … ☺️☺️☺️ 兩個店寵深得我心

店外的植栽看得出來被很用心照顧 他們的貓咪看起來比我聰明"
355,"有貓。廁所有點臭。聽說甜點超強。 老闆有點狡猾，多收錢也不講清楚。
還好有發現。
其他方面還不錯。服務介紹客制都有。"
356,"夭壽好吃，價格是台北遠遠不及的平價嗚嗚
嗚嗚嗚花蓮人真幸福 裝潢十分用心
輕度烘焙濃縮也太好喝了吧有附冰開水
1+1十分優異>< …"
357,"適合安靜看書的好地方
推薦：法式吐司 CP值很高，店內設計簡約乾淨舒適，提拉米蘇跟起司蛋糕都好好吃！ 已是常客，甜點好吃不膩，店貓很萌。 可以靜靜喝咖啡的地方，老闆娘很貼心又有氣質，奶酪甜點也很推薦！ 非常貼心的老闆，覺得我們的桌面太小還問我們需不需要多一張桌子使用，今天點薄荷花草茶、熱美式都很好喝，好店推薦。 晚上9點半，像在朋友家一樣，窩在沙發上喝著臻果拿鐵，看著紀錄片跟老闆聊兩句，很舒適自在的氣氛，很棒的地方。"
358,"環境超優
東西好吃，老闆拉花好厲害！ 咖啡好喝～
杯子都和鯨豚有關超可愛
鯨豚保育不能等！ 老闆超熱情
手沖咖啡市價一半，佛心老闆
很好喝，推薦！"
359,空間寬敞，咖啡好喝。轉換心情好地方 咖啡，好喝，貓咪好玩
360,"目前歇業整修中，未營業 🌟評論5星送羊奶起司蛋糕🌟
低消是一杯飲料，坐在窗邊座位可以看到整片海景很漂亮！不過餐點普普通通，下次會選擇直接到下面的海灘上看風景就好🤣 … 大推生乳酪蛋糕！ ！"
361,咖啡還不錯 卡布+1不錯喝ㄛ
362,還不錯 飲料種類多甜點好吃
363,"環境舒服
來花蓮一定會來的地點😍 … 一間非常舊式日風格的下午茶店，生吐司好吃，海鹽口味蛋糕也很讚。飲料蠻小杯的"
364,"火車站附近一家令人驚喜的咖啡館。空間寬敞，精品咖啡種類繁多，老闆傑夫熱情好客。強烈推薦。 司康種類不少，每種都想嘗試但胃只有一個。
貪心選了芒果和伯爵開心果，另外加購果醬和自製乳酪，內用可以悠哉享用烤好的司康，搭配果醬乳酪真的很好吃，相對季節性的芒果，我個人更喜歡伯爵開心果多一些，咖啡也好喝。
很舒服的小店，寵物友善。"
365,手沖咖啡超好喝，店內安靜氣氛很好，車站週邊方便等車休息 外帶專用的咖啡店，也有專門的豆子出賣，手沖的豆種蠻多樣的，手沖咖啡的風味也相當不錯，有路過不妨一訪！
366,"1+1好喝 氛圍和音樂都很棒。空調有點冷。
咖啡不錯，熱巧克力對我來說有點太濃了，但總的來說，這是一個喝咖啡休息的好地方。"
367,這裡環境不錯，氣氛也很溫馨。價格偏高。入口處標示的營業時間為下午3:30至晚上8:30。我在Google地圖上修改了營業時間，但顯示的仍然是舊的營業時間。 很多可愛的白貓。復古氛圍。有戶外座位（禁煙）。優格水果冰沙很棒，搭配一杯濃縮咖啡，是開啟美好一天的清爽之選。火龍果口味的是我一年來見過的最粉嫩的顏色！廁所門鎖按鈕可能不太靈敏，建議使用其他鎖具。 很棒的咖啡
368,"這是一家安靜舒適的咖啡館。
這是我來台灣以來第一次喝滴濾咖啡。
下次來花蓮，我很樂意再來。 不錯的咖啡和地方。
這是一家貓咪們一起生活的咖啡館。
這是一家安靜而舒適的咖啡館。"
369,老闆非常親切，熱拿鐵好好喝噢👍 … 裝潢佈置很用心
370,好吃 非常的棒！
371,鬆餅很好吃，提供國外的精釀啤酒可以選擇 餐點普通，但環境舒適
372,"一個聚餐場所 一個可以讓人放鬆，三五好友相約下午茶的場所 一個吃下午茶的好去處，七星潭月牙灣、太平洋海景就在你眼前，可以靜靜坐著 凝視 海濤的變化  很 舒 壓.... 環境空間寬敞舒適明亮，
非常適合下午茶聚餐. …"
373,咖啡好喝貓咪超可愛 義大利麵好吃，鬆餅很特別
374,裝潢收藏很用心，價格親民。 舒服的空間，咖啡也很到位，老闆健談但當你做個人的事時並不會持續聊天。真的非常推薦 餐廳裝潢規劃很好，桌間距離不會太近而互相影響，舒芙蕾好吃，簡餐中規中矩但可以加飯。 裝潢模擬車廂的感覺，還用了黑膠唱片播放音樂，價位中上，裡面燈光較昏黃如需看書用電腦較花眼力。
375,"抵達時人潮眾多，大概等10-15分鐘就有座位可以入座！環境氛圍很舒適，適合放空聊天，咖啡香氣濃郁，會想讓人再訪的一間店☕

✨熱美式：我是咖啡新鮮人，平常不太愛喝連鎖店家的黑咖啡，所以參考價值不高，整體覺得喝起來香氣十足，也不會苦澀，越喝越順口 … 舒適，非常適合喝咖啡休息"
376,"咖啡選豆很讚，可以選擇手沖咖啡。
太晚去，沒吃到甜點。
但是店裡環境很愜意，坐在外頭也覺得很開心。 … 僅供外帶的咖啡店，燕麥奶拿鐵不錯喝 超 好 喝 咖 啡 。 我 發 誓 。

如何判斷品味的好？ … 點桂花烏龍司康加自製乳酪抹醬

司康令人驚艷，入喉後桂花的香氣、下嚥後烏龍茶香及茶葉獨有的澀感都出來了。 …"
377,"🧂巴西人-$150
📍濃縮咖啡．鮮奶油．熱奶泡．可可粉 … ｜美式-$100
｜卡布-$120
｜紅酒桑葚生乳酪-$120 … 之前在找尋花蓮咖啡店的時候，意外發現一間非常不起眼的小店，就位在快閃咖啡 斜對面，非常隱密不起眼。 …"
378,"冰檸咖啡像水很稀沒啥味道。

鐵觀音乳酪蛋糕跟預想味道不太一樣，不甜反而鹹鹹的，不太合自己的口味。 … 平日客人不多挺悠閒的
點了一杯巴西人，還蠻特別的，可以試試"
379,"2.0感覺多了一點日和風，
穿透感，緩緩的時間軸
藝術家需要的灑白，處處皆有流動的通透 … 在市區
如果想要一個地方
靜謐，無旁瞀，有簡單好食和湯水陪伴"
380,"一間很可愛很有味道的小店
單品豆前方可以選，老闆也貼心幫忙分酸度低到高以及不同產區的豆子讓人更容易挑選 … 進店看到老闆娘在做司康，香氣撲鼻而來
手沖咖啡搭焦糖海鹽司康享受舒服下午茶
店裡明亮舒適還有店狗可可愛愛的 …"
381,全花蓮最美的老屋咖啡。手沖咖啡口感細緻餘韻留存，空間佈置充滿生活巧思，貓咪親人任人蹂躪，真的很喜歡這裡。：) 達克瓦茲的口味有創意，冰美式很順口。咖啡廳小小的，來的時候很幸運剛好有位子，舒服地度過了兩個小時。
382,"當天點了店員推薦的醉雞跟舒芙蕾，醉雞真的不得不說，紹興酒的酒香非常足夠，雞肉也很軟嫩，只能用超級好吃來形容，大推
舒芙蕾的話有點太軟，口感偏水狀，不是我喜歡的類型，但整體還是好吃的，如果下次有來花蓮一定會想在來嘗試看看其他的鹹食 當天有事先訂位
服務很好～店狗也超級可愛！
店員人很好知道我們想跟狗狗玩 …"
383,"因緣際會在一個下雨的午後闖入了這個平靜的空間，店裡有喜歡的音樂，跟熟睡的貓。要趕火車的緣故無法坐著享受，但老闆像招呼朋友一樣自然的沖了咖啡給我們喝。

時光荏苒，老屋依舊。 … 很久沒喝到這麼有層次的咖啡了，老屋很有溫度，貓貓很親人，老闆很用心，咖啡杯很可愛❤️下次還要再來。"
384,點杯咖啡帶走 靠著 坐一下都好，Chill點，輕鬆的 只有庭院的咖啡廳，看似隨意陳列的陶作品，自在的好過份。好多自烘豆可以選，咖啡愛好者不會失望吧！？喜歡~
385,"久久一次的花蓮旅行
問長住花蓮的朋友~若只能選一間咖啡廳，會去哪間呢?
她毫不猶豫的推薦了Giocare於是我來了！ … 咖啡好喝，空間舒適，提拉米蘇太好吃、有微醺的味道。是很適合自己待個半天的好地方，也是跟友人共聚品嚐咖啡甜點的場合。 太好喝的咖啡，店主很親切的招待和介紹，謝謝！"
386,如果可以給六星一定要給這間咖啡店，老闆們非常的親切，咖啡甜點都很棒！買了豆子回家覺得優 榮登本次花蓮最喜歡的咖啡店～空間很棒也有適當的桌距，感覺出來是認真品味生活的人經營的地方。老闆娘超級溫柔，焦香威士忌布丁認真好吃，高級糖漿口味！離開的時候才知道是 #giocare 姊妹店～兩間店都很棒！ 開了4年的精品咖啡店，內裝還是很乾淨漂亮，給人很放鬆的感覺，店內的服務人員很親切，對咖啡品項都很了解，有選擇困難的人也可以請店家依照個人喜好來推薦，是下次來花蓮一定會回訪的咖啡廳❤️❤️可惜店內沒有太多座位，人多的話只能以外帶為主~~
387,"花蓮值得停留的地方
旅行來到這裡悠閒的喝一杯
即使下著大雨，心情仍感到相當滿足 … 來花蓮一定推薦！
很喜歡，咖啡甜點都好
還有療癒身心的喵咪
下回一定再訪💕 …"
388,"旅人可以來放鬆的好地方 還蠻能讓心靈放鬆的一店，
附近也好停車，
還偶有貓來陪。
價位普通，整體推薦。"
389,"好吃😋環境舒適 … 氣氛很棒，
靠窗真的要事先預約，
好險有先看評論， …"
390,半寓咖啡有兩間店面，一個是就洗衣店老屋改建，另外一間是小屋露天咖啡座，店員都很親切，露天的店貓很可愛，蛋糕好吃，咖啡好喝，可以很輕鬆品嚐發呆 半寓咖啡有兩間店面，一個是舊洗衣店老屋改建，另外一間是小屋露天咖啡座，店員都很親切，露天的店貓很可愛，蛋糕好吃，咖啡好喝，可以很輕鬆品嚐發呆
391,咖啡好喝，空間很舒服~~ 花蓮最愛的咖啡店沒有之一，每次到花蓮都會想要再訪，每次都有回家的感覺，好棒。
392,"義大利麵有點膩 其他都不錯 點了兩種口味的熱壓三明治（義式香料雞腿、漁夫鮪魚香草蘋果），吃起來都不錯，裡面的半熟蛋很加分 ❁ 日式懷舊洋菓子喫茶店 ❁
昏黃燈光‧碎石磚地板‧深褐色車廂座椅‧螺旋吊燈‧酒紅色絨毛沙發‧播放著早期日本流行音樂黑膠唱片機‧骨董收銀機‧昭和58年出生的老闆⋯ … 很有質感的咖啡店！只提供外帶，藏在小巷子裡面，朋友每次來都指定要來coffee flash買咖啡，但因為我本身不喝咖啡沒辦法跟大家說到底多好喝😂但是！！可麗露很好吃！！不像外面一般的可麗露有些很像在吃麵包，或是很乾，又或是整顆很死甜，coffee flash的可麗露吃起來有點Q的感覺？而且好可愛❤️搭配咖啡或是茶都很棒 … 一定要先打電話訂位！基本上小巷茉莉現在在花蓮算很夯的店，如果不事先訂位通常都沒有位置，真的大推舒芙蕾，舒芙蕾的數量也是每日限定，如果太晚去有可能會撲空，舒芙蕾很鬆軟很好吃，巧克力口味的不會死甜，搭配鮮奶油、冰淇淋、巧克力醬各有不同的滋味，苦甜苦甜的會忍不住一口接一口 讚～～～"
393,"2022.02.26
很美又很舒服的空間，室內保有以前老宅理髮廳的鏡子，拿鐵好喝也滿大杯的，久坐耍廢快睡著，讚讚 拿鐵好喝，雖然是戶外空間，但不太有蚊子，當天還獲得一小杯闆娘手沖的咖啡，推推"
394,小巧可愛的咖啡店，雖然我很偏心地有貓就加分，但咖啡很好喝，核桃派、橙香乳酪塔都好吃。 好喜歡這家店！手沖咖啡超級厲害，拿鐵也是高水準演出。
395,特色的咖啡廳，可以看到老闆的作品，來到美術館的感覺，放空的好地方 親自動手做的咖啡，日式的建築，用心的佈置，非常喜歡這的氛圍 咖啡甜點都不錯，都是親自動手做的，值得來
396,咖啡非常順口，店內氣氛寧靜👍 … 手沖咖啡風味香氣濃郁，口感滑順，值得再次造訪👍 …
397,"2021 . 08 . 30 到訪
試了4款司康
總結：皆以員工回烤方式食用，口感參差不齊，外層過乾，內部濕黏 … 2021 . 08 . 30 到訪
外帶了哥斯大黎加 莫札特
喜歡其呈現的風味 …"
398,店裡真的有被驚奇的感覺呢🤣 … 價位不低 不過餐點很值得
399,"咖啡好喝！可惜下雨就不能內用，只能外帶 每次來花蓮都會回訪的店，這次去本來想要外帶，但每一次走進去都有一種很想坐下來看看這個環境好好的享受一杯咖啡的感覺！

每一次來除了自己點的咖啡外，老闆總是會再多沖單品給我們分享，每一次來都喝好喝滿 … 有貓就給讚！！超可愛很親人

咖啡跟甜點也都很棒！"
400,美好的空間，美味的咖啡。 美味的咖啡，舒適的空間
401,"拿鐵偏酸，尾韻帶一點碳香
順口好喝，很喜歡他們的用心 Giocare 義式手沖
這家店一天只營業三小時
下班直奔這裡喝咖啡
從台北到花蓮而已。"
402,單品豆的選項很多， 用心經營的品牌。 絕好的咖啡手藝和自己烘焙的豆子，千萬別錯過！ 配方豆好好喝，老闆也很可愛的一間店。
403,"門外有五個位子 那時外面有三個座位是空的
我們有3人想用餐 進店詢問裡面沒位子是否可以坐外面
櫃檯說 目前前面有一組候位 我們是第二組 可能要稍等一個小時 … 非常好吃😋氣氛好 … 老闆人很好，整體氛圍偏安靜，聊天聲太大的話會有點壓力。
點甜點不要再搭配含糖飲料"
404,"帥氣的女老闆默默的把用心烘焙的豆子濃縮成完美的咖啡。
日式的老房子、恬靜的小庭院、手作的陶餐杯、慵懶的喵，全都圍繞在遊客的身邊。
躲在圍牆內，喝著帥氣的黑咖啡、又或是加入女老闆笑容般的拿鐵。 … 經過"
405,"氣氛悠閒，咖啡好喝，可惜桌椅都很小，有狹促之感。 適合久坐，提供網路，但室內空間較小。 店家對咖啡有深入研究，使用自做的杯子十分精美，生乳酪巧克力蛋糕120用料紮實，只有室外座位，要噴防蚊液。 老闆對自家咖啡頗有研究，沖調方式亦很講究。

提供免費網路和插座，可久坐。"
406,司康與咖啡都很棒！ 手沖單品咖啡層次豐富，老板會提供許多試飲，相當熱情，很棒的體驗
407,"甜點都有老闆娘手工親手製作非常的好食用的食材的原料都是頂級的日本跟法國進口的
每一樣甜點都有各自的味道，害我不知道應該選哪一樣 極推這間 好好喝好好吃 店內氣氛很好 值得來就喝咖啡喝到飽 杯子幾乎為店家手燒陶瓷杯  豆子也是自己烘培 很享受藝術的空間 歡迎大家來喝ㄧ杯"
408,"很放鬆的氛圍，手作甜點/飲品很棒～（推薦核桃塔～滿滿用料&抹茶拿鐵～不愛抹茶的人也會喜歡）媽媽很喜歡一直很讚賞老闆的手藝細心用心～店內的貓兒好人性好可愛喜歡抓背🤣 … 令人驚艷的咖啡
非常舒服的地方
還有親切有禮的老闆
一定會再去"
409,氣氛很棒的小店！有好喝的咖啡，以木頭為主的裝潢風格，搭配親人的貓咪晤子，讓人覺得舒適放鬆，很適合待上一整天 咖啡很棒~ 環境氣氛都很舒服，適合來放空
410,戶外空間，夏天要晚點去較適合，有貓咪在一旁，心情很好( ´▽` )ﾉ 老房子改建很有味道，蛋糕都很好吃！適合消磨悠閒午後時光的好地方！
411,咖啡氛圍都很頂！ 過年期間生意好，店員還是很親切，東西也好吃，重點是店內氛圍很棒，寵物友善一定要大推！ 甜點爽口不膩，可以感覺出好的食材製成，老闆也很客氣！
412,氣氛很好！老闆也很好！咖啡可可都好喝！ 咖啡很專業.蛋糕超好吃！氣氛好.可以悠閒混很久的地方
413,環境優美   文青的環境    很適合放鬆的地方 咖啡也好喝 您可以在花蓮找到最好的咖啡。
414,"冰檸咖啡很特別,氣氛好。 一間有tatami的咖啡店,自家烘焙,多種類,細味的好地方"
415,很棒的咖啡廳，只是有點癢 咖啡非常香醇、美味，看得出來老闆很用心很講究！ 很適合待一個下午，悠悠哉哉，很舒服😀 …
416,"舒服的空間、悠閒的貓，適合慵懶的午後。 這裡實在太舒服了，不只是空間上，心理也是。

此外，還吃到生平最好吃的檸檬派，老闆娘再三強調是用黃檸檬做的，特別香，其他香草也都是剛剛在店門口摘的XD … 咖啡和甜點都很有水準 空間不大卻非常舒適，咖啡口感溫潤、香氣迷人，店犬十分可愛～是間好店～～ 空間舒適，咖啡套餐的設計很貼心。 喝了單品和綜合配方豆各一杯濃縮，Cabra的濃縮是我在花蓮目前最喜歡的，口感和風味都很棒。

檸檬派酸甜爽口，派皮略硬。店內乾淨舒服，適合好好坐下。"
417,咖啡好喝，人親切。 咖啡好喝，人親切，值得再去。
418,隱密好喝的小地方！推香料摩卡咖啡！冬日溫暖的好選擇。 咖啡好喝，貓可愛！
419,裝潢優美，氣氛佳 來花蓮必喝必去的店
420,"貓與藝術 咖啡, 海洋, 彩虹"
421,非常愜意 文藝的展覽空間 好喝的咖啡，無敵的肉桂捲
422,很喜歡這裡的氛圍，咖啡也好喝。價錢稍貴但還挺值得。謝謝老闆娘的書籤。 （說不定老闆娘還認得這本書）下次來花蓮一定會再來。 原定去另一家咖啡館但沒開，用谷歌地圖掃了一圈意外找到這裡。手沖很驚喜，好喝又順滑，喝了兩杯。店主又請喝一小杯桂花香口味的，也挺好喝。以後再來花蓮一定會再訪。另外桌上擺著一本小說，翻看之下發現是市區內一家二手書店的，有種奇妙的人情味
423,超愛這家隱藏的寶藏咖啡館。他們自製杯子，店內還有陶器出售。咖啡也很棒。 旅舍/客棧一樓的咖啡館很不錯。咖啡很香濃，是個放鬆的好地方，我們在這裡等車和辦理入住手續。
424,氛圍和咖啡值得一來再來～ 環境優美，咖啡香醇。
425,咖啡館環境優美，氣氛輕鬆。老闆人也非常好。 很棒的馥芮白
426,咖啡好喝。 很適合做事的地方，容易專注下來。
427,文青美食店 咖啡一流
428,"輕音樂+精緻甜點+濃醇拿鐵 日式壽喜燒+拿鐵+水果鬆餅+藍莓水果冰茶～
東西好喝好吃+老闆闆娘親切+喵喵軟Q軟Q 鄉村鬆餅+青醬蛤蠣～good 可愛店貓+鬆軟塔皮的巧克力蔓越莓塔+濃醇拿鐵 蜂蜜檸檬生乳酪+抹茶拿鐵+檸檬咖啡"
429,"平價又好吃
推一個 很棒的店"
430,溫暖又美味 甜美、安靜，但美味
431,瀰漫著咖啡香，裝潢很有氣氛，可惜人多時人力應付不來。 很棒的咖啡豆，老闆娘的無奶拿鐵更厲害。
432,"氣氛不錯，咖啡口感不錯，有自己的特色，貓咪固定時間才會放出來出巡 手沖單品及拿鐵系列都不錯喝，店貓 晤子及 小貝果都很親人，甜點是特色，不可錯過，是一間溫暖的小店😉 … 貓咪與咖啡的邂逅 ☕🐈🍵
咖啡好喝😀
貓咪親人🤗 …"
433,服務親切，食物好吃！ 服務人員十分親切，餐點精緻用心，不一定要坐靠窗看海景，店內空間很舒適。
434,布置很用心，但是餐點普普 店主人相當有個性，對咖啡暸解甚深，泡出來的咖啡真的好喝。值得下次再去嘗試不同風味的咖啡。
435,"內用區在二樓，內用低消是一杯飲料加一份甜點。（如果是一樓戶外座位沒有低消限制，但夏天實在吃不消😂）
手沖單品及美式有一定水準。費南雪邊邊烤的微焦，點餐後會再復熱，香氣很棒。焦糖肉桂捲走鬆軟清爽路線，吃完沒有負擔。
整體環境舒適、不擁擠，空間感也不錯。 … 老闆非常的用心，單品跟義式咖啡都好喝。"
436,"店內有兩隻貓咪，都是十分親人，比較可惜的是當天拜訪其中一隻在休息
餐點價格便宜，蛋糕吃起來甜而不膩，店內裝潢環境讓人感覺很舒服，即使一個人來也不用覺得尷尬 一直放在願望清單中，終於有機會可以光顧
店內佈置跟設計都讓人感到異國風情
還有一隻黑柴，叫豆油（也有周邊商品可購買） … 推薦點曼巴豆+美式，咖啡香味跟其他家的真的不一樣，喝起來順口嘴巴都有滿滿的咖啡味
沙拉這次點的是凱撒，生菜口感鮮脆配上凱撒醬搭配麵包丁會讓人一口接一口
老闆很客氣親切，店內也很乾淨整潔，讓人會想再來 老闆娘服務很親切
菜單設計也很有巧思
店裡有兩隻貓看起來都被照顧的很好 …"
437,文青咖啡廳氣氛很好 老闆很好聊 老闆的拉花一隻比一隻猛🦄 …
438,"第一次去點了蘋果乳酪塔＆巧克力
兩款口味都滿特別的 平常很少看到呢
不會太甜 順口好吃 … 焙茶布丁口感扎實、提拉米蘇酒味稍偏重
環境舒適老闆娘親切！
店位於巷內，汽車需停於附近停車場或路邊"
439,"服務態度很好👍推推！ … 很舒服的環境，還有特別的羊奶特調類飲料咖啡~~~羊乳蛋糕也很讚 有水準好喝的咖啡，除了戶外很多小黑蚊，但不會熄滅想喝咖啡的心❤️
推金桔冰釀咖啡，希望老闆可以推出橙汁美式，花蓮都找不到好喝的😔 …"
440,"氣氛很好的咖啡店，外面的植物非常美～
拉花好認真！手沖好喝、芒果塔也好吃🥭
另外一個重點是喵喵們都超級可愛！可愛死了！！！ … 老闆娘人非常好，分享很多咖啡豆的知識，也讓我們試喝好多種類🥹這次帶了濾掛走，期待之後再訪買豆！店內的兩隻貓貓也超級親人可愛😍 …"
441,"咖啡和蛋糕都很美味，尤其戚風蛋糕口感非常蓬鬆柔軟，點美式還可以依照個人口味調濃淡，服務非常貼心。座位不多，因此有時可能需要等一兩組客人，但相當值得🍰✨ … 每次都為了蛋糕來！真的非常好吃🥰
起身點餐位子可能會被晤子霸佔
真的超級胖胖可愛💗💗 … 店內氣氛很好，肉桂捲跟飲料味道都很好～但樓梯有點陡，2樓有點熱，但整體來說很不錯，會想再次光顧😊 …"
442,"檸檬塔好酸～🍋
貓咪很可愛😍 … 來了很多次，貓很可愛😍
上次來沒有鬆餅
這次有鬆餅，可惜沒有草莓口味 …"
443,"餐點很好吃，點這樣一桌不到1000覺得很划算，炸魚很好吃，但沒點到蛤蜊青醬的飯和麵，可惜了！
下次再訪 環境很舒適，抹茶拿鐵和咖啡都很好喝，水準很高，巧克力布朗尼吃了很驚艷的好吃！貓咪真的好可愛❤️ 上面的泡棉厚實蓬鬆。完美地結束了這趟海岸之旅。"
444,好咖啡。好環境。 在花蓮工作了幾年 一有空就會揪同事去吃 這次點了蒜了啦雞腿燉飯及蛤蜊燉飯加必點的鬆餅 雞腿又大又嫩一口接一口停不下來 餐點均會附一杯紅茶可以解膩 他們家的鬆餅裡面有麻糬真的很好吃又很大 上面雖然一整圈奶油但甜而不膩 連我不吃奶油的人都可以一直配著吃 中間有一小杯香草冰淇淋 不喜歡奶油者也可以配冰淇淋 各種口味都很好吃 來花蓮的朋友一定要來嘗試這間 今天點了義式香料雞腿及蜂蜜鮮奶茶，熱壓吐司也太豐盛，前面有吃東西，還以為我會吃不完，結果是清爽的 很開胃，馬上就吃完了，奶茶是有茶包在裡面的，味道很夠，建議平日再來訪才不會那麼多人
445,"咖啡很是好喝，非常推薦
蛋糕就還好了
室內空間窄小，還好客人都蠻安靜的
戶外如果秋天坐應該也是不錯 布朗尼好好吃"
446,蛋糕真的超好吃，有點像咖啡冰淇淋的口感，但是不會甜的很膩，真的可以成為我咖啡廳蛋糕的前幾名，必點（但是蛋糕名字我忘記了，100扣扣而已，以咖啡廳來說真的是巨便宜，貓咪也非常親人，原本以為坐在櫃檯就摸不到貓咪，白色的貓咪會自己跳上來，最後在我懷裡睡了好久，好可愛，推薦大家來💗🎄☃️❄️ … 老闆娘好有氣質好溫柔🌷，貓咪也好可愛，一直在睡覺，但可以溫柔的摸摸他～～甜點好好吃，提拉米蘇和肉桂捲好香好細膩的口感，然後咖啡也好好喝，推薦大家來～～空間溫馨又很放鬆，好喜✨🌟💖🍒 …
447,下雨天來到店裡，療癒的貓咪在桌上悠閒的躺著，點了杯熱黑糖牛奶跟甜點，沒喝過如此好喝的黑糖牛奶，以焦糖奶蓋，搭配木質的杯子傳來的木質香味，很舒心美好！❤️ 這間新開有幾個月了，第一次進來，不是一般的咖啡廳。硬體方面，整個很寬敞舒服，重點是有提供小孩的遊戲區跟閱讀空間，家長可以放鬆、安心用餐；餐飲方面也不馬虎，大推鬆餅，不加泡打粉，口感還這麼外酥內軟，超好吃，小孩食用也安心！服務人員很親切，用心的整理環境，還有DIY體驗，專人客製化教學，花蓮又多了很棒的親子餐廳！
448,"手沖好喝！ 老闆專業！ 有兩隻貓一黑白 一全白 黑白貓超會撒嬌！
草莓卡士達好吃！手沖咖啡好喝！"
449,貓貓非常親人可愛，雖然只有三隻，但完全能摸個爽，蛋糕好吃，非常推薦黑糖奶茶 美式咖啡外帶為內用的半價，詢問使用自己的環保杯內用是否折抵，老闆感到錯愕。店內僅有選擇較少的甜點，因不太能吃甜食在吃自己的吐司時被提醒不能外食，接著老闆就帶著香蕉到櫃檯吃。 …
450,"店貓、咖啡跟甜點都很棒
蘋果乳酪塔好好吃
店內提供有插座跟wifi 可麗露外皮很脆、達克瓦茲口味很有特色，布丁跟巴斯克蛋糕也都超好吃，會在回訪 咖啡好喝，環境舒適～"
451,美味的咖啡，搭配陶製杯子，有種溫暖的味道，菜單手寫娟秀的字體，也是很美麗~ 老宅咖啡店，小小的空間，戶外有許多蕨類植物很美，店內的貓咪好親人~
452,"隱身巷弄內的小而美咖啡廳
闆娘親切，甜點飲品不含糊，還有充滿善意的狗狗，好美的午後。 店內有兩隻貓咪🥰
黑糖奶茶好喝～不會太甜
蘇門達臘曼特寧手沖咖啡也好喝～是比較不酸的咖啡 …"
453,"晚上不想吃澱粉的人很適合… 很有想法的嘎逼和不太甜的蛋糕但我喝蒲公英茶🤣會有兩個妹妺在門口熱烈歡迎您來到 … 只有在假日營業的嘎逼店...
只能拍拍照📷過癮
紀念到此一遊 … 芝麻乳酪蛋糕很香也很像花蓮的某家乳酪蛋糕專賣店🥳今天不喝咖啡換個水果養生茶也不賴 … 很多老顧客，還有貓孩陪妳。 老闆娘休假去了⋯
換新老闆煮嘎逼賣嘎逼豆
還有20ml格蘭利威12年可以喝"
454,"🥰🥰🥰 … 貓貓睡覺把菜單擋住沒關係
填點和飲料都很好喝🤗 …"
455,"2023.8週末拜訪
等火車前的好去處，提拉米蘇分量很足（90ntd)，咖啡好喝。可惜當天貓貓在睡覺~ 讓人放鬆的地方
熱美式80
蛋白檸檬塔100"
456,氛圍很好、貓咪平易近人、咖啡普通 空間明亮舒適、光線充足付停車場和小庭院
457,貓咪非常可愛！飲料好喝，糕點用心，雖然空間比較小，但營造出來的氣氛可以舒適地跟朋友聊天談心！ 舒適的空間，有時候會有小展覽可以觀賞，巧克力很細緻好吃。
458,氣氛好，價格ok 有貓萬事足，咖啡跟甜點也不錯
459,"裝潢舒適，讓人在其中身心放鬆，幾乎忘了時間的存在，特別推薦他們的舒芙蕾鬆餅，吃過會讓人思思念念。
草莓舒芙蕾，這是季節限定版，大量的草莓搭配著舒芙蕾鬆餅，讓人身心愉悅，想吃要把握時機哦。 來這用餐，一進門先要拜一下碼頭，一隻狗老大，一隻貓老大，這用餐氣氛不錯，店內陳設讓人能沈澱其中，餐點用心，加上狗老大隨時來串門子，不會無聊，是用餐下午茶的不錯選則哦 一進門看到那塊牌子，哇好大的口氣啊，但是等鬆餅到了一入口，嗯真的不誇張，有來的朋友，請跟老闆請教一下吃法，他的鮮奶油是日本進口的，別拿了直往鬆餅上抹，那是錯誤的吃法啊，而這1855的牛小排一定要點來試試，另外他的咖啡真的不錯，日曬水洗的都不錯喝。"
460,甜點超棒還有貓貓可以擼 東西好吃地方漂亮～
461,"肉桂捲很好吃！
離開花蓮前一定要去買一顆👍🏼 … 店內座位不多，但環境讓人覺得放鬆
蛋糕選擇很多樣！店貓也很親人"
462,咖啡和甜點都很不錯，服務也很親切，只是我們上次去的時候上菜順序有點奇妙，先到點餐完不是先上餐點，而是後來點餐外帶可以先領取。所以甜點早吃完了空盤也收了，咖啡才來。 咖啡和安靜的氣氛很不錯，可以感受到老闆對品質的堅持，還招待了我們兩杯單品試喝，老闆人好好。
463,"咖啡甜點選擇很多，貓貓們很親人，還有wifi跟插座！ 低消為一杯飲品，有手沖、義式與其他非咖啡類的選擇，也有貓咪會在店內靜靜做自己。
手沖及飲料都偏清爽，甜點的部分點了帕菲杯跟千層酥都很好吃。安靜舒適的下午茶。"
464,"甜點好吃，可在櫃檯看甜點圖片～
店貓親人可愛！ 很舒服的店，店狗也超級可愛！
司康好吃 不論單吃還是搭配乳酪都很讚！
飲品部分點了焙茶拿鐵，非常好喝！"
465,"晤子！ 下次見哦
（口袋名單） 好喝的咖啡，一下就喝完了
很有特色的裝潢，許多地方都看到巧思 …"
466,空間明亮，單品咖啡好喝，老闆親切 蛋糕咖啡都好吃，貓很可愛，老闆也可愛親切
467,"各色水果派檸檬塔非常美味
氣氛悠閒的老宅咖啡店 咖啡好喝，提拉米蘇超驚艷，酒香濃郁，化口性絕讚"
468,漢堡好吃，牛排有點雷～ 獨家鬆餅值得一吃的好店！
469,"好地方好甜點好咖啡 巧克力很有特色
現在是賣肉桂捲了！ … 很棒。 好好喝"
470,店內很舒服，樂於與客人分享咖啡相關知識 來過兩次，黑糖拿鐵很棒，另外蘋果乳酪派也值得一試。
471,"有貓就推 香草咖啡拿鐵
店家是用自製的香草精(vodka和香草籽)，酒香味強烈，很特別！"
472,中餐建議用瓷盤，不然不銹鋼餐具易冷，還有會感覺像是在吃過往阿美自助餐，質感上下降了很多，雖然是很懷舊沒錯。 有兩隻可愛的貓咪可以擼
473,有貓貓 有貓貓
474,溫馨而美好。 一進門充滿著木頭香氣，很有藝術氣息的店，咖啡超好喝，很適合在這裡發呆，沉澱一下午……
475,"裝潢風格一致
餐具特別
服務的小細節應該還在進步中 貓超讚"
476,"態度真的親切。
老闆跟客人、客人跟客人，氣氛自在。 有喵就100分😍 …"
477,貓咪很可愛 巧克力好吃
478,如果你喜歡放鬆身心，那麼這裡絕對不容錯過。這裡有美味的咖啡和蛋糕，還有兩隻毛茸茸的小夥伴陪伴著你！ 這裡的單品風味很鮮明 在其他咖啡廳沒喝過像這樣的風味 除此之外老闆也很健談 推薦給來花蓮想喝一杯好咖啡的人
479,"令人驚豔的特色咖啡 環境不錯，但略微有點吵。

咖啡一般，有些味道過濃。蛋糕看起來比吃起來好吃得多。"
480,"1. 貓咪非常親人，睡醒就會跑到旁邊「幹擾工作」？ ！
2. 空間雖小，但很舒服，人多的時候可能會沒有位子。
3. 檸檬塔很香很好吃！ 1. 空間很舒適，每個角落都看得出佈置的巧思。
2. 飲品好喝但有點貴，旁邊可以看貓咪。"
481,可放鬆吃精緻的手工巧克力，店家採用在地食材開發專屬花蓮口味，值得來品嚐喔！ 地方很漂亮，派很好吃，咖啡也很棒。
482,"玩具跟繪本都很新
咖啡飲品也不錯 親子好去處 各方面都很好!"
483,我點了一杯手沖冰咖啡($120)+鐵觀音奶酥厚片($65)，好喝好吃價格也很合理，下次還想來 空間舒適，寬敞明亮，有可愛貓貓 鬆餅超棒，咖啡也好喝 非常漂亮，很好拍照，有控管人數，就不需要排隊拍照，需要低消，飲料不錯喝，咖啡偏甜 好吃好喝 環境舒服 飲品好喝，貓可愛！ 店員很親切，店貓無敵可愛，檸檬塔超級霹靂好吃😍 …
484,專業的咖啡 有溫度的空間 希望能再次走訪 咖啡很不錯 甜點無可挑剔 創意調飲也很符合店家風格 很舒適的空間 咖啡很好喝 食物還不錯 空間悠閒舒適
485,"提拉米蘇值得一試，老闆自烘的咖啡品質很不錯，當天點的是冰的衣索比亞日曬豆，有再去花蓮時間足夠的話會再停留😀 … 份量與價格合理，調味也不錯，若喜歡義大利麵有麵心硬口感建議點餐先跟店家說；
牛肉漢堡肉汁多多，但麵包體較一般；
有店貓，會跳到用餐區沙發椅背，有帶小孩用餐的要留意一下!"
486,早上一大清早的火車來到吉安鄉，走走逛逛實在很睏⋯我們的三天慢活、在安靜舒適的小角落、渡過了好幾個小時。蠻喜歡～覺得人少少時最自在。 療癒美食♡空間舒適 好吃😋 …
487,整體環境餐點都不錯，咖啡香氣也可以，牛肉咖喱超級香，下次再來嘗試看看，送餐收餐也會貼心的介紹以及詢問，❤️重點是不會很貴👍🏻 … 迷人的步調，店家很貼心，冰的藝妓，果香香氣很清爽，並付贈一小杯熱的，雖然還不太懂手沖，但比起冰的，在口中的濃郁感較重，帶點木調，很棒，但不太懂咖啡的，我比較喜歡冰的，蛋糕口感帶Q，抹茶蛋糕搭配抹茶醬，還能有層次，上面點綴的應該是松子？更是畫龍點睛，😋很棒，最後還有一杯小小試喝，味道有巧克力還有木調紅酒香（我自己覺得啦，因為不知道是什麼）但是比起藝妓真的截然不同，一個下午茶，小小咖啡博覽會了，開心 …
488,"氣氛很閑靜，室內燈光色調很柔和，裝咖啡的陶瓷杯、質感溫潤。
菫色 - 配方豆，風味很不錯、body醇厚、餘韻長、甜度（回甘）、微酸，有一點點不明顯的澀感（可能自己嘴有點刁鑽），整體來說，我喜歡這個配方豆。 第二次到，這次喝了四種完全不同味道的咖啡，老闆很用心在咖啡上。 老闆親切，烘豆有自己的一套獨門功夫
不是靠裝潢取勝的咖啡店，各種咖啡都有，可以到店裡感受一下"
489,"非常喜歡半寓，以前就常常光顧，得知他們又再度開幕以後，迫不及待地回花蓮就帶著家人來光顧。非常喜歡這裡用許多不同的老件組成的氛圍，店內也非常安靜，店員也非常溫柔有耐心地介紹咖啡，度過了一個非常悠閒的下午。
每樣東西都非常有質感，小小的遺憾就是現在燕麥奶還不是很普及，但也可以理解很多咖啡廳還沒有這個選項，希望未來有機會可以看到🙂 … 有時候回花蓮見家人要邊工作，但家裡環境不是特別適合工作，終於找到這家新咖啡廳，適合電腦工作還不用跑到市區。很幸運每次來的時候都有位子，不然兩三點後其實位子都差不多滿了。
店內氣氛很好，但建議想要工作的人可以坐在櫃檯旁邊的兩人座，不知道是空間設計的關係，另一個比較大區的座位區在很多人聊天的時候回音有點大。 … 店內氣氛非常好，用很多木頭做裝飾和裝潢，位子不是很多，也有一排面窗的位子很漂亮，店內也有兩隻可愛的貓會走來走去。提供Wi-Fi給需要做事的人使用，店內沒有燕麥奶但咖啡蠻好喝的，點了一個焦糖布丁野蠻好吃的，下班時間左右店前面的路車子會開始變多，所以會比下午時段吵很多。"
490,"很有氛圍的咖啡店
咖啡和麵包也好吃，很適合一人獨處時光 很安靜也很有氣氛的咖啡店( ´▽｀)
布丁🍮是比較Q彈的，帶有萊姆酒香氣（好像每次會有不太一樣的酒），鮮奶油也很好吃不會膩 …"
491,"充滿空間體驗感的老式建築空間改建，單品咖啡香與刁鑽甜點的各自獨享座位，有一沒有二，座位都是獨一無二～^_^
不過真的需要張大眼睛用心找唷，在巷弄裡的隱居咖啡館，不喝咖啡也有神奇暖胃茶可以享用(＾ｰ^)ノ 超有設計感超文創的深度巧克力品嚐專店！"
492,"整間店的裝潢非常有品味，給人一種慵懶氛圍會蠻想睡覺的，很放鬆。
非常推薦魯邦麵包，酥脆的麵包搭配乳酪跟果醬，開啟你美好的一天， 享受片刻悠閒的時光(*☻-☻*) 花蓮唯一最愛的咖啡廳，環境整潔、餐點好吃，老闆娘很漂亮服務也很好，裝潢做的比較復古溫暖的感覺，在這邊待上一天也覺得很舒適，非常用心在經營的一間咖啡廳！
推薦大家來店光顧喔 忙裏偷閒的好所在，很早就有營業，老闆接待熱情咖啡好喝，店內很明亮乾淨味道也很令人放鬆，推薦大家來哦！
西西里檸檬咖啡、椰子氣泡美式很好喝"
493,"咖啡沒有好跟不好~只有自己喜不喜歡~
所以我的評論的定是5星~
我會以個人的喜好來給你建議~ … 我是黑水！宜蘭在地開店10年以上的烘豆人！
我觀念是咖啡沒有好壞！我一律會給5星！
但會有自己的介紹！！ …"
494,"整體裝潢空間很大， 店員非常親切很認真的介紹咖啡， 甜點焙茶布丁跟烤麵包配特別的梅子醬非常好吃， 是比較少在外面吃到的味道！

整體很舒服的咖啡廳！ 司康口味非常多， 有吃泰奶 抹茶 鹹奶油三種都很好吃， 現烤內用真的可以吃到麵粉香， 這間的司康相對不那麼乾， 外皮很脆是特別的， 室內外都很漂亮可以來吃吃看～"
495,"外帶巧克力，老闆（嗎）很親切，包裝也很用心，巧克力味道也很濃厚，蘭姆酒的酒味濃到有嚇到。 福康茶清爽喝起來很舒服，貓在椅子上睡超可愛，老闆人很親切，整體感受非常舒服的一家店。
只是蛋糕口感偏乾吃的有點辛苦。 藏身巷弄間的老屋改建，不小心就會錯過。
店貓超可愛很親人，單品咖啡非常好喝，只問了想要的口味推薦的咖啡超乎期待的喜歡。甜點口味也很多層次。"
496,米老鼠愛好者必來 拿鐵微酸好喝！ 環境很棒！ 咖啡好喝 大落地窗 有插頭跟高級升降桌 絕了👍🏼 … 花蓮老宅咖啡老店！沒有插頭好可惜😭 … 檸檬塔超好吃！桑椹蛋糕也好吃！花蓮環境好又不貴的小店！
497,"無意中發現，已成為每到花蓮必定造訪的咖啡小店，拿鐵奶味濃郁搭配咖啡香恰如其分的滑順好入口，單品咖啡種類多，常喝的淺焙果香清爽，也可選購店內烘培的新鮮咖啡豆回家慢慢回味。
可愛的年輕老闆親切專業，店內環境乾淨舒適，值得旅人們造訪品嚐。 溫暖放鬆的場域，適當的客坐距離，加上氣質闆娘用心呈現的一杯好手沖，在細雨過的午後來訪，值得懶散的耗上一整天，推薦給有緣的旅人們。"
498,非常棒的咖啡店👍老闆很親切，空間讓人非常沉靜，拿鐵真的很好喝！老闆很熟每隻貓咪的個性，讓他們都能各自和平相處，有種寧靜安定的神奇氛圍！ … 非常舒服的咖啡店家，之前到Giocare就被手沖咖啡驚艷到，這次造訪半寓，平時只喜愛點拿鐵，到這裡一定要點單品試試看（雖然心還是蠢蠢欲動想喝拿鐵），果然可以嘗到咖啡不同的香氣，咖啡師與咖啡豆都非常棒👍 …
499,"悠靜的一個邊間咖啡館
老闆和善～咖啡好喝
好喜歡鯨魚🐳 … 好厲害的咖啡廳～～
老闆很貼心介紹咖啡，咖啡也順口好喝
焦糖布丁是焙茶口味的，超特別又好吃"
500,"頂 蘋果塔很特別 不是想像中肉桂口味
拿鐵的尾韻也很棒"
501,"環境舒適
有貓貓超棒
貓貓自己跳上腳 本趟最驚豔
早知道就不是回程前去
應該要天天去 …"
502,"老闆娘氣質超好：-） 溫馨的地方：-）
老闆人很好"
503,"台北到花蓮出差的旅客
偶爾經過卻極為享受 小巷弄間的大驚喜
喜歡整個咖啡廳的氛圍擺飾
喜歡老闆娘的氣質和說話方式 …"
504,"好喝且喝的出層次的美式，檸檬塔也很有水準，塔皮是餅乾的作法帶有茶味，混著檸檬餡一起吃，先嘗到檸檬的香與酸，尾韻的茶味將檸檬餡的味道又作了一道翻覆，非常驚喜。 分享試喝的手沖浅焙巴拿馬水洗，喝的出淡淡的花香，下次會再來嘗嘗手沖單品。 想給3.5顆星，但google 沒有 半顆星的評價，給3顆星60分好像又有點低於是給了4顆.
只賣單品的咖啡店，老闆娘對咖啡的研究精神，創作出一些不一樣的咖啡，可惜第一次到訪推薦的阿里山咖啡，再喝過後認為其粹取的風味比不上我之前在阿里山上所喝的也不太符合它的價格，也許別款會比較好。"
505,"很難找到這樣融合融合花蓮 京都 老闆個人風格的咖啡兼花藝的場所 雅緻令人放鬆做客 不打擾 老闆很專業健談、對咖啡知識頃囊相授! 店內硬體設備很貼心（桌子可以隨意升降、靠窗插座很多～適合帶筆電獨座） 秋日傍晚想避世的好選擇，想喝濃的奶茶…老闆推薦了英式伯爵奶茶、搭配鹽之花焦糖醬，配上荔枝酒做的提拉米蘇～非常搭，量身訂做的提案…
看了本阿尼默的插畫、貓咪陪伴、壁鐘敲了兩回，整個被療癒……"
506,花蓮最有質感的咖啡店 威士忌肉桂捲怎麼可以這麼好吃 花蓮火車站附近等火車第一選擇
507,在花蓮終於喝到濃縮1+1 有提供濃縮1+1套餐，可以選擇配方豆或單品豆，咖啡與甜點都表現都很不錯。週末的晚上，還可以來小酌喔！
508,精品咖啡有水準，當日喝了哥斯大黎加美景莊園、耶加及老闆招待的藝伎都很讃，值得推薦 當日喝了耶加紅櫻桃計畫，櫻桃香氣很明顯，單品咖啡有水準，老闆及老闆娘親切擅聊，值得推薦
509,"看纖瘦的年輕老闆手沖
檸檬塔酸度很夠
擺設文青風
門口上面的店名饒有趣味 盧安達那支蠻特別
老闆會和客人聊天
可惜沒洗手間"
510,空間雖然不大，但是很舒服。咖啡很順又好喝，一個性別友善的友善店家！ 很美的溫暖空間，咖啡很棒、環境也很舒服～
511,"在巷弄裡的咖啡廳
超級可愛的店
裡面有兩隻年紀很大的狗狗🐶 … Oops驚奇咖啡
整間店真的就是充滿驚奇
這次點他的鄉村楓糖鬆餅超好吃的 … 包種茶麻糬達克瓦茲一吃回不去耶
扎實濃郁的茶香加上脆甜的外殼，超愛❤️ …"
512,很好喝的咖啡，配方豆有兩種可挑選 好喝划算的外帶咖啡，有少數位子可內用，老闆非常熱情
513,用料實在，老闆親切，值得推薦 位子少，但咖啡不錯喝，如果有時間會願意再去
514,咖啡好喝，甜點好吃，闆娘好好 讚阿！還等甚麼
515,學到很多關於咖啡的事情 很好吃 推薦
516,老闆很用心，理念明確 舒適的空間，好喝的咖啡，親切的服務 舒適，花蓮用心的店
517,店小小的、沒廁所 喜歡
518,"拿鐵好好喝
桑葚牛奶也是漂亮又好喝 喜歡這裡 飲料跟蛋糕都好
貓咪很可愛"
519,很不錯的咖啡廳 藝術書卷氣息
520,優秀且安靜的咖啡廳。 冰拿鐵超棒 環境超棒
521,雖然等待餐點的時間有點過久，不過後來想想也許也很適合當地氛圍，在花蓮不需要趕時間。況且餐點表現非常非常滿意！蛋糕很好吃，口感鬆軟、鮮奶油不膩，點了橙香乾邑拿鐵，帶有白蘭地氣味，但不會掩蓋咖啡的香氣，很喜歡。 肉桂捲很好吃～店員很親切，還有切很甜的柳橙給我們吃🥰 …
522,"認真的優質在地店家一定要支持的啦 我在花蓮期間最常去的咖啡館，既能喝咖啡又能工作。

手沖咖啡味道很棒，拿鐵我也很喜歡，跟星巴克或其他連鎖咖啡館的拿鐵完全不一樣。 …"
523,以前是五星，退步了。通膨請漲價，不要用這麼差的豆子，喝不下去… 真正的專業人士！ 不是洗衣店！咖啡用料考究，製作專業，蛋糕細膩醇香，物超所值。
524,"原本以為會是寧靜文青的咖啡店
才發現左鄰右舍也會來坐
店員像老朋友般親切的招呼鄰裡們多了些溫暖 … 餐廳好吃，其中伯爵奶酪讓人驚艷，一度想單點一個來嚐嚐～空間舒適，適合發呆放鬆"
525,"咖啡好喝蛋糕好吃
也超好拍照的
老闆娘跟老闆很親切 鮭魚套餐跟雞腿排套餐好吃"
526,"好舒服的店☺️ 咖啡專業，好喝！
—————————————
20211113
二訪，還是一樣好喝！ 舒服的小店！ 祝您下午愉快！"
527,優質咖啡。 很不錯的復古餐廳。推薦柚子起司蛋糕。
528,非常專業的蛋糕和始終優質的服務！ ！ 輕鬆優雅
529,"因為客滿，外帶熱美式、flat white
熱美式香味有層次，可以喝到豆子的香氣
flat white 的口感順口，濃郁奶香跟咖啡的香氣融合的很好
店家態度親切，桌數不多，雖然客滿也不吵雜 Flat whit 咖啡濃郁香醇，整體的口感很順口，冷掉也蠻好喝的
可麗露外殼香脆，內餡是我比較不愛的濕軟口感，但還算是好吃，下次路過會再訪"
530,在這裡度過2025/09/23的樺加沙颱風下午，外頭一陣一陣的風吹雨打，但在散步咖啡裡頭很安心，還好這一天有營業，吃到了好好吃的可可威士忌肉桂捲，好久沒看到這麼美而精緻的肉桂捲搭配一杯熱燕麥拿鐵，雖然襪子和鞋子都濕掉了，但二樓的座位空間讓人感到很安心，店內的書籍我很喜歡，都是些特別、小眾的書籍還有漫畫，我覺得一間店擺放的書籍可以看出店主的喜好和內涵，非常喜歡散步咖啡，以後去花蓮都會想去吃一口熱騰騰的肉桂捲，回憶一下這個颱風天。特別的回憶。 氣質的美女老闆首刷抹茶搭配開心果巴斯克，優雅的氛圍搭配有點復古感的店內氛圍，喜歡老物和自然風格或是wabisabi的人很適合來這裡，這裡只有自然，在店內閱讀的時候進來了一群外國人，他們問了老闆有沒有啤酒，老闆說：她可以去買。這就是人情味。
531,"美麗又迷人的Flash Coffee
甜蜜又香甜的美女手沖 美式👍
手沖就是聞到什麼味道就喝得到🤭🤭
布丁🍮😌 … 稍息立正在這裡
好喝的咖啡
手沖平價😍😍😍
肉桂捲有一點乾😅😅 …"
532,"荔荔分明和衣索比亞金標都沖出完整風味，高超的手沖技術！
布丁香濃軟骨，是另一極品。
感謝細心安排我們二人分享，令我們都可嘗到兩種口味。 很漂亮的店，甜點和飲品均精緻味美。
我外帶玉桂卷回家，店員姐姐幫忙包得美美的。它們安全坐飛機後，今日經烤熱後便成為我的早餐，可愛又好吃。"
533,"司康略乾，原味司康麵粉味很香
伯爵茶司康茶味濃
- … 金桔美式很好喝！像西西里有檸檬的香氣卻又有金桔的酸感
後悔這次沒有買肉桂捲
下次再來吃看看🌷 …"
534,我心中的第一名馬卡龍是Pierre Herme 他們家的竟然可以排到第二了哈哈哈 店員叫我寫說店員很帥 餐點多樣化、有童書、機台孩子可以玩樂
535,"很舒服的咖啡館
不會太擁擠
服務態度非常好 … 肉桂捲好吃
外帶回烤也很驚艷
不會太甜"
536,"老闆娘熱情好客，能感受到她對咖啡滿滿的熱情。店裡都是老闆娘的收藏，像個小博物館一樣。咖啡非常好喝，下次去花蓮一定再訪❤️ 咖啡好喝！店面比較小，只有兩個露營椅的位子。

可能靠近路邊會有小黑蚊，但老闆很貼心的在座位旁邊放了防蚊的噴霧！ … 平日下午的人流不多，店裡的擺設很有特色，氣氛很棒。咖啡和甜點也很好吃。還有店貓相伴！"
537,"來花蓮一定要來吃這家的肉桂捲！！！
非常非常喜歡，好好吃🤤
老闆很親切，咖啡也很棒
很可愛的小店 … 非常棒的店，超級喜歡檸檬美式
甜點一定要點，尤其是提拉米蘇
2位老闆人都很親切
😘 …"
538,"裝潢很有味道，來的時候剛好沒什麼人，很舒服。
甜點很精緻，飲品也不錯。
份量都小小少少的，個人覺得蠻剛好。 二訪小巷茉莉，很喜歡莓果奶昔❤️，出乎意料美味，喝起來不會太甜，也打的很細，下次來一定會再點。
紅酒牛肉燉的軟嫩入味，不錯吃。 … 貓咪好可愛～"
539,"已羨慕飾品裝潢:*+.(( °ω° ))/.:+
空間氣氛超級好 室外環境也很舒適
喜歡手沖咖啡的您 快去探訪吧
P.s.豆油超級無敵可愛∩^ω^∩ 費南雪+單品手沖=💯 路過記得要外帶 ♪( ´▽｀) …"
540,很喜歡這樣的氛圍 ！抹茶拿鐵非常好喝 ！ 肉桂卷好多口味可以選 ，最喜歡檸檬肉桂卷～推
541,訂了威士忌口味的肉桂捲，冷凍宅配收到，出貨速度快，包裝細心，食物一樣好吃。 新年難得的寧靜氛圍，還有貓貓🐈‍⬛🐱招呼，抹茶厚片套餐+新品草莓拿鐵，份量剛剛好！會想再訪的生活空間～ …
542,"餐廳環境很棒，設計也都是由老闆自行設計、裝潢，真的很不錯
甜點、飲品都棒
停車也方便 … 這邊的火鍋很好吃"
543,墨魚麵好吃但⋯建議來約會的不要點不然會形象崩壞哈哈哈 肉桂捲好吃😋 …
544,"店家很用心。環境不錯。
巧克力真的好吃。 咖啡不錯，氣氛好，老闆熱情~
值得再來~"
545,沒話說 咖啡一般 巧克力很不錯
546,好的。 氣氛好
547,店員好帥 食物美味，店員親切
548,"咖啡氛圍很棒，還有新鮮出爐的提拉米蘇。咖啡現場烘焙。燕麥奶有兩種選擇—澳洲品牌和美國品牌。 抹茶巧克力和布朗尼蛋糕都非常棒。

溫馨的氛圍，坐落在一棟古色古香的木屋裡。咖啡也很棒。 …"
549,"舒服~布朗尼超好吃 外帶了一個栗子蒙布朗，店員親切請我們坐下慢慢看點完也可以在店內坐著慢慢等，包裝沒有保冷劑但嚴實，帶回家享用也沒有壞掉或移動。
栗子蒙布朗一個150，用料實在也好吃，非常推薦!
我平常不敢吃地瓜，但這個地瓜餡很好吃喔! 驚奇旅程的店家，食物也好吃"
550,在花蓮最愛這家咖啡廳。 老闆在自己喜歡的領域有建樹。令人佩服。
551,"與友人聚餐，環境舒適解壓，雖然囿於空間格局，座位都靠得蠻近的（除了沙發區外），但用餐禮儀滿滿，沒人喧嘩，感受極佳。
餐點義大利麵的雞有點柴，但面體與醬料都很用心可是價格偏高，已經二次回訪價格漲了許多，希望可以再次品嚐到提拉米蘇 更有氛圍感"
552,推薦給那些喜歡「品嚐」咖啡味道，而不僅僅是享受咖啡館氛圍的人。 各種口味的手工巧克力！
553,今天點發泡牛奶咖啡、檸檬塔、酥酥的少女，每一個都很好吃！ 蛋糕很好吃，服務親切且環境舒適 讚👍 …
554,"尋著google找到的 店面小小的 但裡面的設備真是不得了😍 室內風格也簡單清爽
點了Espresso & Latte 非常順口 風味也很好 推薦來花蓮必訪🥹 … 店內裝潢風格獨特且富巧思 可愛的一間咖啡廳"
555,焦糖口味超好吃、店狗耳朵超好摸（？）喜歡司康的人一定要來！ 杯子很特別，如果時間允許，坐下來慢慢品嚐比較理想
556,很舒服的環境 環境優美，氣氛佳
557,"布丁極度好吃😋
咖啡味道濃郁芬芳
支持花蓮人洄家 … 在花蓮，能夠品嚐到匠心獨具的精品咖啡，真是非常幸福。好喝的風味就不贅述，來品嚐就知道是多麼的不一樣了。"
558,"楓糖麻糬鬆餅好好吃😋
下次想再來吃草莓🍓鬆餅 … 咖頌好讚！
讓人覺得很舒服的一間店
推推～ 舒適自在的咖啡店，忍不住跟貓玩起來XD"
559,"現在市場上的肉桂捲有非常多口味，最常見不外乎就是黑糖、核桃、奶油醬，在秀麗有個藍莓肉桂捲，是史丹利個人很喜歡的口味，對於不愛吃甜的台灣人，吃起來可能會覺得有點甜，肉桂味不是特別重（很怕肉桂味的人也能吃），與藍莓特別搭，麵包體紮實，既使淋上藍莓醬也不會變得軟爛。秀麗咖啡使用的是錫蘭肉桂，味道清甜，帶木質與淡淡的檸檬香。
⠀⠀⠀⠀⠀⠀⠀⠀⠀⠀⠀⠀⠀⠀⠀⠀⠀⠀ … 歐北風超級好拍的咖啡外帶店『烘豆廊』
⠀⠀⠀⠀⠀⠀⠀⠀⠀⠀⠀⠀⠀⠀⠀⠀⠀⠀ … 今天要跟大家推的坑是，有軒轅路迪麗熱巴之稱的愛迪生咖啡（有多像你得自己去看就知道），具胖迪的說法，他的肉桂捲口感比較像台式麵包，非常的鬆軟，比較建議用手拿著吃，用刀叉切有一定的難度（太軟Ｑ了），加上奶油起司醬，甜度滿點，但是麵包體還是可以吃到濃濃的肉桂味，整體風味來說是平衡且具有層次的。真心推薦一定要加奶油起司醬，偶爾吃甜一點沒有關係的，甜點不甜就不好吃了。 … Old Couple Coffee 歐咖波是間隱身在巷弄的咖啡廳，店內空間不大但很溫馨，佈滿著老闆的收藏，也為空間增加不少樂趣。
原本在台北從事咖啡的老闆，沖煮技術自然不在話下，具有一定的水準，咖啡拉花美呆了，不拍對不起自己。今天還點了一份提拉米蘇，帶有淡淡酒香，手指餅乾的軟硬度適中，不是泡很軟爛的那種，甜度也很剛好，我很喜歡，一口咖啡一口蛋糕，享受極了。 …"
560,"很有質感的外帶咖啡專賣店，咖啡好喝👍🏻
店內也有販售咖啡豆、濾掛包💕
進店感覺很放鬆，可以慢慢挑咖啡豆～
另外門口很好拍照😍 … 在市區小巷弄裡的咖啡廳～
老闆娘很親切，細心幫我們介紹餐點☕️
咖啡好喝～甜點也好吃～雖然有些都賣完了沒吃到！
店內環境很舒服，也很好拍😆 … 甜點好吃😋價格也很合理！
每個座位間隔都不會太近
店內也有提供插座
是一間CP值高的咖啡廳😍 …"
561,手沖：喬蓓莎 水洗 酸值明亮，中低溫澀感出現，建議不喜愛澀感的人，盡快飲用完。 咖啡好喝，老闆好聊，有空可以過來光顧喔！
562,來第二次，空間雖然不大，但一進去的感覺很好很溫馨，老闆娘也很親切，我們一定很快會再去！ 老闆超親切好聊，咖啡好喝，可頌好吃~
563,"咖啡很好喝是真的
貓只是存在 並沒有陪玩的義務
老闆娘沒有特別愛跟客人說話
不適合一大群人來 位子不多 可頌很脆咖啡很香
老闆很有趣
推薦👍 …"
564,放慢腳步，沈浸在咖啡與大海的世界 帶朋友來聚聚的好地方
565,很喜歡～連續去外帶兩天，喝了蜂蜜肉桂拿鐵跟小白都好好喝～就我觀察它的手沖一定很棒，內用的人人都點手沖，店主沖泡咖啡的態度真的會讓人想一直觀察，很有吸引力很專業，很認真對待每一杯咖啡。 連續兩次來花蓮都會買它的豆子回家
566,"喜歡外帶店的簡單，俐落的品牌設計，單品卡布選擇喜愛的淺焙，來花蓮充電～Flash! 🚗🥤
一早的小白外帶
喝一杯淺焙精神來了 …"
567,"環境小而美
不管是各類咖啡或是肉桂捲、可麗露
都超級好吃😋 … 整體氛圍超讚的
主要是販賣各式咖啡豆
現場也有手沖咖啡 …"
568,"第一次喝到淺焙花蓮豆，香氣、口感、層次整個令人驚艷，很難形容的感覺，值得一試！而且跟老闆聊咖啡還可以順便複習國中地理跟理化，讚讚～！
近期喝到最好喝的手沖，就是這家了，真心推薦！！ 這次花蓮行遇到最幽默風趣健談好聊aka在地美食王的可愛老闆（他推薦的東西都很讚），點了一杯淺焙拿鐵、草莓戀人作為這次旅程的漂亮收尾，真的好喝，大力推推～～！"
569,"內用棒，豆子bad 很舒服 習慣喝這家的咖啡之後，喝以前覺得還不錯的咖啡廳的咖啡，覺得以前怎麼會喜歡這種只有焦苦味的咖啡色液體？？？

各方面給五顆星
沒辦法每天喝到時的痛苦指數也是給五顆星"
570,"外帶了草莓戀人的冰手沖和淺焙的冰拿鐵，兩杯都好喝，休假的早上可以喝到這麼有質感的咖啡也太幸運！ 隱藏在小巷裡的專業咖啡店
熱拿鐵超好喝
讓人不小心就乾杯了XD 久久來一次依舊好喝
花蓮少數幾間咖啡真心好喝的咖啡店
就連義式機出問題改用手沖萃的熱拿鐵 …"
571,"很棒的手沖咖啡！店內的商品與陳列都看得出來經營者的細心與品味！
個人希望（許願）店內可以馬克杯或瓷杯飲用^_^ 很用心挑豆、烘豆的職人老闆！
光看現場的綜合豆品質就沒話說了！
最適合自己手沖的愛好者，精選豆平價賣，cp 值超高！
（不要小看那台烘豆機喔？！）"
572,環境優美，無論餐點或甜點飲料 多有不錯的水準，服務亦佳。 咖啡選擇多 果然是無設限 珍珠奶茶舒芙蕾很特別。
573,"外帶單品咖啡風味真的很棒
買了三包豆子回來自己沖
味道都很好👍🏻 … 小白👍🏻
單品咖啡也是味道很好
但是門口的小黑蚊一樣很多 …"
574,氣氛很好，很專業的一家店！喜歡咖啡的朋友可以來看看 店家蠻佛心的低消65不限品項，服務態度很好👍 …
575,貓咪 狗狗都好可愛 很愜意舒服，木製藝術超有味道，餐點好吃，價位親民，可以常來的店~~ 空間舒適非常適合聚餐
576,咖啡很酸、規矩很多、女的態度差 老闆親切，豆款選擇多，咖啡好喝👍 …
577,"好喝的咖啡 不需要多說
店內氛圍 音樂我好喜歡
這裡不只賣咖啡 還賣酒 … 可以順路購買 方便的咖啡☕️"
578,"超好喝小白超讚 野菇炊飯和雞湯好美味
甜點和飲品以及環境感受得到店主的用心☕️"
579,"花蓮最好吃司康！！！
已經回訪好多次，帶朋友來吃也都說好吃，兩位店員熱情親切，店狗Dumbo也超可愛，來花蓮絕對不能錯過的咖啡廳👍🏻 … 環境舒適 咖啡好喝"
580,很多不同口味。內用低消150 很舒服，咖啡與甜點都很棒。會想再去，也推薦給愛喝咖啡的人。 咖啡甜點都很好。位置比較少 有溫度又認真的小店，好吃的食物值得等待。店內佈置很有味道。期待再訪 位置不多，蠻容易客滿，客滿會限時，不會主動提供水。廁所內沒鏡子。甜點有限量，賣完就沒有。低消150。對我而言過甜。 咖啡很好喝 觀光客太多 好拍照，要預約 很舒服的咖啡店，咖啡很好
581,"點了拿鐵、焙茶拿鐵、卡布
都很好喝～
雖然有加奶但還是喝得到豆子的香味
也買了兩包耳掛回家喝看看^^ 環境超舒適
布丁特別好吃～ 餐點好吃、氣氛悠閒！ 每次到花蓮都會來拜訪"
582,甜點好吃還有可愛貓貓 很不錯！
583,紫醉金迷的葡萄味道非常強烈，真的很像厭氧加酵素的味道。 野花有明確的藍莓果醬味及莓果味，其他感受不明顯，以手沖價位及味道綜合來說，水準中上。
584,"舊抽屜咖啡 …位於花蓮市中心。

舊抽屜咖啡外觀設計，運用了植栽來點綴，滿滿的外牆掛滿了，大小不一、品種豐富的植物，夏天看起來就讓人很舒服。 … 傻眼
突然的停電導致沒營業 …"
585,"獨賣咖啡品項，無食物。
豆子很厲害，手沖了一支哥倫比亞，香氣味道層次豐富。
蜂蜜肉桂拿鐵稍甜，但很好喝。
橘店貓很可愛！ 外帶咖啡吧，幸運的話有張長板凳可以稍坐品飲咖啡。熱卡布溫順，西西里層次明顯清涼消暑，可麗露外酥內軟好吃，老闆娘很親切。"
586,放鬆的好地方，鬆餅又好吃，大推(´∀｀)♡ 餐點好吃，氣氛佳！一進門就有驚奇發現--門把跟推門方向相反🤣 …
587,"花蓮老家外又開了一間新咖啡店 - #科雷精品咖啡 #CUORECOFFEE

前面建築物是明亮寬敞的內用區域，後面軍綠色的工業風貨櫃屋是老闆私人工作烘豆區，內用限時2小時，但沒客滿的話老闆不會主動去趕客人。 … 這 #提拉米蘇 真的很可以 👍🏻😋
絕對值得一試啊啊啊 … 隱身在巷弄之內
咖啡很可以 😋
價格很親民 👍🏻
如果必須外帶的時候，絕對會是我的首選 ☕️ …"
588,濃縮好喝順口、手沖冰日曬冰谷也非常夠水準 淺焙1+1非常推薦，可以和老闆聊聊咖啡經。 好喝的1+1
589,隱藏小巷中的外帶咖啡吧，咖啡中規中矩，當天喝了冰拿鐵，奶香大過咖啡香，滑順入喉，喝完沒有特殊記憶點 外帶冰手沖，ㄧ入口水蜜桃香甜在口中炸開，香、甜、餘韻綿延，真的非常有水準，大推！
590,"糖漬汽水跟咖啡都不錯，很可愛的小店 非常有感覺的一家咖啡廳
坐在地毯區有一種小包廂的感覺
以為來到六福村的蘇丹王冒險😂 …"
591,"來試試新的質感咖啡廳，
節約風格非常時尚，
沙拉舒適清爽好吃， … 巷弄內的熱點，充滿能源的地方⚡️⚡️⚡️"
592,布朗尼神好吃，咖啡好喝，老闆娘親切，說著一口美式口音的中文，花蓮數一數二的咖啡廳 說是花蓮最好喝的咖啡不為過，老闆很專業，只要跟他說你喜歡的口感，他都能精準推薦適合你的豆子，手沖單品一定要試試
593,擼貓很爽，一直嚕一直爽。手沖咖啡沒有因為觀光區而溢價，還有附手工餅乾好吃。蛋糕類也算便宜大約都一百多一點。 拿鐵有拉花 沒有內用座位 有質感的小店
594,"不錯 值得一來 五星推！咖啡真的很好喝
很有質感
還買了濾掛包
下次還會再去"
595,只提供外帶服務，可以買豆子 咖啡好好喝，必須喝一次手沖
596,一定要試試手沖蕭邦咖啡，老闆娘太可愛默默換了蕭邦音樂 可麗露冰過後外層極脆內層香軟 親子用餐已去第二次，服務人員非常細心，會主動詢問香蕉牛奶要不要換成兒童杯，也好記性記得上一次點餐不吃的東西，覺得真的很用心！
597,如果可以在店內享用就好了，外面的座位有小黑蚊。咖啡真的很好喝。 完美。
598,咖啡好香好喝，可麗露好好吃😋。 … 很喜歡的日式建築，從裡到外的空間環境都很舒服，咖啡很好喝，甜點吃了有暖暖幸福的感覺。老闆很親切，有機會希望再來訪。😊😍 …
599,"讚讚 環境、氣氛很棒！！ 餐點有水準，人手少出餐速度略慢。 店裡其實蠻熱的，溫溫的風一直吹。
餐點不錯，可是等的有點久。
服務好，人員容易眼神放空(熱昏頭嗎？XD) … 咖啡甜點都有水準，環境舒服安靜，還有貓👌

很棒的小店 … 手沖的味道很好，店裡很安靜悠閒
價格也很合理 旁邊就是停車場，很方便，餐廳隱密，環境佈置的很美。
點了椒麻雞及醉雞味道都不錯，舒芙蕾很美味。
三份餐點加一成服務費共880元不算太貴，會再回訪。 可愛的一人小店面，點了淺焙冰手沖香氣十足立刻追加淺焙拿鐵，是沒有在其他咖啡廳喝過的層次；希望有機會能進入店面內用欣賞老闆手沖技巧 現場新鮮製作的華夫餅超級好吃👍🏻店主甚至在關門時間之後還開門讓我們品嚐！ 10/10 推薦！ …"
600,"咖啡很棒
肉桂捲不夠甜 咖啡真的很好喝
咖啡順口 香味濃"
601,聚會聊天吃飯好地方 鬆餅一級棒！也有手沖咖啡可以點，很不錯
602,"咖啡☕️好好喝
是個適合看書、小聚會的場所 好喝專業咖啡豆👍 …"
603,裝潢特別 很好渡過悠閒時光的地方
604,"咖啡的口感很好
味道蠻平衡的👌
布丁上的果乾偏甜
橘貓就是可愛☺️ … 每次來花蓮玩必喝
這次口感、風味都一樣非常優秀
點杯咖啡坐在小板凳上 …"
605,"店裡的裝潢和咖啡都很時尚又別緻。

但最酷的是老闆娘，她本人也超酷炫時尚！ 時尚。簡直時尚極了。

他們的品味真棒。 …"
606,美味的輕度烘焙咖啡，不便宜，但品質可以接受。 超讚的冰美式咖啡，濃鬱醇厚，味道極佳。價格也很划算，只要50元台幣！
607,環境不錯。我只是來這裡工作和吃點東西。網路還可以，咖啡很棒，但米漢堡只能勉強填飽肚子。 您友善的鄰裡咖啡館。它只提供外賣，但您也可以當場享用……只需告知咖啡師即可
608,卡布奇諾和馥芮白味道普通。只適合外帶。沒有室內座位，室外座位也非常有限。 這裡的一切都很棒，食物和咖啡都很棒，所有員工都充滿熱情，服務周到。今天是我的生日，我們在這裡度過了一段美好的時光。 😀😀😀 …
609,"對於咖啡愛好者來說，這裡是一個值得探索的獨特之地。店主擁有豐富的咖啡豆烘焙和沖泡經驗，絕對物超所值。

明年還會再來。 位置隱蔽，只有幾個座位，更像是歐式風格，價格合理"
610,"乾淨
舒適 餐點品質都不錯～
提醒，對貓，狗過敏者，可選門口座位"
611,美式料理，店內設計精緻 讚爆了 如果到花蓮，打算在這裡浪費你有限的時間，享受片刻的奢侈，那安娜咖啡絕對是最棒的地方。因為傑夫泡的咖啡可以讓你品到真正人生的滋味。貓老師大推景點！
612,"店內還蠻悶熱的，有養貓，環境的部分可以加強一下，但咖啡和蛋糕還不錯 咖啡非常好喝
大推1+1"
613,因為來不及在營業時間來，但又超想吃甜點，所以預約外帶，老闆娘貼心提醒保存方式並包裝很好，回家自己組合享用～要再找時間去店裡搭配很棒的咖啡 安靜明亮的環境，店家熱情招呼，火山咖啡不錯！黑橄欖櫛瓜千層麵也不錯~木盆沙拉豐富，建議兩人各點主餐再搭配一盆沙拉共享
614,喜歡嫩布丁的口感，用堅果味的巧克力豆中和了焦糖的甜味。安靜的空間很舒適，絕對會二訪的地方。 久聞老闆娘的客製蛋糕，這次特別訂了慶生生日蛋糕，看到蛋糕本人被美翻，使用台茶八號製作的戚風，搭配海鹽焦糖鮮奶油以及內餡的酒漬無花果，用心100美味100！ 冰美式很順口，提拉米蘇太驚艷好吃了，比很多義式餐廳做的都好吃👍 …
615,"好吃 好享受的一個下午
很適合偶爾犒賞自己一下 店主親切
店內氣氛很好 安靜 舒服
飲品很好喝 還用不鏽鋼吸管 超棒的 … 很棒
乾淨、適合帶孩子、有很多書跟很多質感超級好的玩具，親切的氣氛，貨真價實到餐點、餐具、設備
一切都很用心
一定會一訪再訪 芒果戚風超好吃
拿鐵也好喝
陳列很有品味 …"
616,"店內咖啡豆種類很多
都是老闆娘精心烘培養豆的心血
謝謝老闆娘認真介紹外 … 外觀完全看不出是咖啡店的老宅
豆子種類相當豐富
建議坐吧台近距離欣賞老闆手沖的過程
再慢慢享受沖完的咖啡"
617,"隱身在小巷中、很有特色的咖啡廳。
・店內有許多攝影及花蓮在地相關書籍，可以悠閒閱讀。
・飲品餐具更有店家自製的手工陶杯，裡面有各種不同姿勢的貓咪超可愛（部分飲品不會使用這個杯子），花草茶及拿鐵都非常順口好喝。 … 營業時間開到蠻晚，所以晚上抵達花蓮也可以拜訪。一進店就看到貓店長在椅子上睡覺超可愛。
咖啡順口好喝，巴斯克蛋糕吃起來濃郁濕潤很棒（拍照技術不好但很好吃！）
菜單品項豐富，也有很多鹹食，但今天來的時間較晚，所以一些品項已完售了，希望下次有機會白天來～"
618,感覺就像在別人家喝咖啡一樣哈哈！一個度過下午的舒適地方。這些貓也非常可愛🥰 … 非常親切的服務態度跟有品質的咖啡！當天下雨 店家還非常熱心的從櫃子拿出雨衣送我 不然騎機車就全濕了... 下次去花蓮還會二訪的滿分店💙💙💙 …
619,手工咖啡味道真好。值得來放鬆一小時左右。 就在火車站和汽車站附近。回家前，我順道去喝杯咖啡。
620,來花蓮必去 單一產地手滴濾酒有多種選擇
621,每個角落都有一個故事，就像老闆娘對每一個咖啡豆一樣都有他的故事。 從桌子椅子到一扇門都有他的故事，一間很有溫度的魔法咖啡屋
622,"環境和員工都很棒🌸 … 空間小巧舒適，家具質感滿分！！
甜點美味，小店長們可愛，愛狗人如我會很快樂🥰🥰 … 甜點毫不馬虎！
慕斯居然有zest，太感人了啦！ … 燕麥奶用的是oatside💖💖
提拉米蘇過關！甜點控極度推！！！
不小心一下就吃光光😆
肉桂捲也棒～ …"
623,"東西都蠻小的 普通 餐點都很好吃 而且很飽～只是店員態度⋯😐😐😐
一份漢堡有附薯條跟紅茶飲料可以補差額換其他的🥤
漢堡裡面有起司片🧀️生菜🥬番茄🍅洋蔥🧅酸黃瓜🥒 … ▪️#焦糖拿鐵 💰$120 🌟4/5
▫️#提拉米蘇 💰$130 🌟4/5
▪️#巧克力提拉米蘇 💰$130 🌟4/5 … 鮪魚洋蔥總匯很好吃！還有附優格～上面有燕麥！整間店蠻安靜 很適合打報告、看書休息～ #𝕐𝕁在花蓮
▪️#蜂蜜香草冰淇淋舒芙蕾鬆餅 🌟5/5 💰$250
▫️#香濃可可歐蕾 🌟5/5 💰$160 …"
624,"環境好。服務好 咖啡館看起來真漂亮！
我覺得他們比較出名的是咖啡的選擇。 …"
625,覺得CP值超高的店，雖然店內位子不多，但人平常不多，所以都有位子，很安靜。而且還可以自己挑豆子，咖啡也很香。最近還有Uber Eat 很喜歡整體氛圍，很安靜，很適合看書或是聊天，座位有點少，但是咖啡很棒，也有提供wifi，室內的裝潢也很喜歡。
626,和朋友舒服吃飯的空間。 空間不大但頗舒服，適合閱讀與放空的地方
627,環境好，咖啡香，甜點好吃 有點太暗了
628,鬆餅超好吃! 舒適的用餐環境，鬆餅好吃。 環境很舒服，餐點美味，服務態度很親切。
629,"氛圍很棒的餐廳 很有味道的舊建築
內外都能感受到Fiore獨特韻味
處處透著細膩的故事 … 很猛ㄉ一家店！ ！ ！ 花蓮最愛的咖啡店❤️
咖啡香醇順口且喝了不會心悸，甜點也非常美味!! 看到評論照片而來，店內很多果實、木頭、復古風格的裝飾很溫馨可愛！不過低消是一杯飲料（不包含餐點），菜單上寫熱壓吐司，但實際上是烤過的吐司，會和一般人的認知會有出入，餐點不難吃但是照片都很上相，覺得價位略高（吐司$150-160），cp值低了些，個人不會再來，不過吃氣氛、拍照、喜歡貓的人可以試試 花蓮市區最好喝的淺焙手沖，氣氛安靜輕鬆，可以好好閱讀或者和店長聊天
番茄巴斯克乳酪蛋糕出乎意料地美味"
630,如果你喜歡黑咖啡或咖啡館，這裡就是你的夢想之地。如果你兩個都喜歡，這裡簡直就是天堂。太棒了，真正的珍寶。 不到兩週我來了三次，因為這裡太棒了。咖啡很棒，老闆人也很好，甚至會說一些英文。
631,這是我們旅途中最棒的咖啡，也是我喝過最棒的卡布奇諾。口感和風味都完美得令人難以置信！第二天，還是一樣。這家店很獨特，也很特別，老闆熱情友善。 這次台灣之旅我喝過不少好咖啡，但這家絕對是最棒的。我特意來了兩次，甚至買了一袋咖啡豆帶回家！
632,"環境舒適，餐點好吃😋

老闆會問你今天想喝什麼口味？ … 很驚喜很有特色的下午茶餐廳

食物美味。甜點好吃。菜單幽默。 …"
633,咖啡還不錯，但這個地方很貴！ ！ ！預計價格會像西歐一樣！ 當我們到達時，廉價咖啡的機器壞了，也沒有便宜的茶了……希望不是因為我們是遊客……我們走開了，因為這似乎是一個旅遊陷阱 非常棒的第三波咖啡！員工也很友善！
634,"＃食記 遊客模式
難得今天有機會在花蓮走走
重新去了懷念的地方 … 一如往常的放鬆環境
好吃的輕食與下午茶
今天剛這整理早上婚禮的影片 …"
635,可以度過悠閒的下午 冷氣很涼，要不是吃不下，不然還想每種都點來吃。
636,"意外的造訪換來一個美好的下午，進門後的裝潢令人驚艷，各角落都可以看到細節佈置與選品的用心，咖啡和甜點的品質在台北都不一定吃得到，入口濃郁又綿密細緻，同行的朋友也十分滿意，謝謝老闆🥺期待下次來花蓮能再次造訪～ … 寵物友善餐廳👍 … 司康超級乾，服務人員態度使人感覺不太良好。
詢問是否有低消3次才直接回覆，後來提到在菜單第二頁，確認低消之後店家回覆：喔⬊所以你們要改外帶了喔。語氣給人不耐煩的感受。
點了焦糖司康，本來以為會像是櫃檯擺出的樣子，但實際上醬一淋上去就滑到旁邊了（店員給我時候的樣子就和圖片上的樣子差不多了，可能我太沒素質配不上這家店吧） 冷氣不涼 還沒上餐就不給換位
菜單上有寫，但服務人員應該提醒不是嗎？還是客人自己要注意，沒注意是客人的問題。"
637,"巴西人非常好喝一定要點
口感滑順香氣十足
店裡也很有質感
下次到花蓮還要來拜訪！ 這是一家小巧精緻的咖啡館，非常適合放鬆休閒。手工咖啡的味道也很棒。我上次去的時候是個下雨天的早晨，更增添了幾分愜意。如果你剛好在附近，強烈推薦你去看看。"
638,"無意間發現裝潢風格我很喜歡的咖啡廳，處處都有我最愛的綠搭配木頭😍
有些特別的咖啡品項（如火山咖啡），本來想品嚐但點錯成招牌咖啡（上面淋煉乳），但也很順口好喝😋
Affogato的冰淇淋像是堅果焦糖口味（？）總之非常搭配👍🏻 … 颱風前夕終於來到這間放入口袋有陣子的風格咖啡~先前只有稍微了解到老闆喜歡攝影，還有販售水餃覺得很特別！
實際到訪發現消費方式改為隨喜，覺得不論是否是因應今年花蓮狀況而做出的改變，都是個很棒的想法👍🏻
咖啡、鮮奶茶和巴斯克都很美味😋店內裝潢風格很有特色，包含杯具等處處都看得出老闆的用心，老闆史丹利很親和健談，聊到興趣所在充滿熱忱、知無不言，交流後感覺收穫不少😊
期待下次再訪再與老闆聊聊🥰 … 氛圍很棒的私宅咖啡店～很像拜訪朋友的感覺，門口有放牌子示意老闆有營業，歡迎客人入內，很可愛😚
喝到一直很好奇的Flat White，真的很美味🤤還有手沖有我好愛的莫札特風味😍（但是忘記是哪一個豆子了...）
重乳酪蛋糕也好好吃🥰（好像有藍莓風味？）
希望下次有機會跟老闆多聊聊，祝生意興隆☺️ …"
639,"很美的咖啡廳
在火車站附近～
老闆娘要休息一陣子了～～
很幸運有在營業最後一天到訪❤️ 室內裝潢設計很特別～
拿鐵好喝 非常喜歡！
店小小的可是很溫馨
靜岡抹茶牛奶很好喝
也可以加價換成燕麥奶～"
640,鋼琴歡迎你彈 有piano歡迎自彈自唱
641,"很推咖啡，老闆很用心，甜點項目也很多。隨喜的付費方式也是意外特別～ 來花蓮玩，民宿老闆大推的咖啡店，果然值得。店內設計寬敞明亮，很舒服，店員服務非常親切，桌子可以自行調整特別可愛☺️
咖啡甜點都很棒，如果有其他鹹食可以選擇會更完美！期待下次花蓮行再訪～"
642,"咖啡很厲害👍 價格也很便宜！
肉桂捲的肉桂味和甜度適中～手沖咖啡附的奶油餅乾也很好吃 … 手沖還不錯～人蠻多的！老闆娘很漂亮😂 … 老闆很有個性，肉桂捲也好好吃～"
643,"超讚
價格雖然普通偏中等價位但是非常超值❤️
焙茶拿鐵很好喝 布丁也讚讚 … 超級讚欸 巴斯克蛋糕~
氣氛也超棒❤️"
644,"餐點完美，服務完美，一切完美🥰 … 悠閒的一天，
美好的咖啡與甜點。 老闆對甜點製作的新鮮、完美的堅持，
以及舒適放鬆、乾淨的空間，
非常值得收入口袋名單。"
645,餐點價錢並不便宜，店內是很漂亮，但餐點實在等太久，別組先來的客人都吃完走了，我們的餐點還沒來，實在讓人走心，餐點上來也沒有讓人覺得驚豔到，沒有值得等那麼久，不會再訪 老闆娘人很好，跟我們聊天，還多請了我們一杯咖啡，店內有兩隻貓貓很可愛，咖啡很好喝～布朗尼跟花生起司乳酪也很好吃～～是個讓人很放鬆的環境
646,"不錯 廁所難找 10/31中午去用餐，我們有點三份酪梨太陽蛋，三份裡都有非常苦非常生的酪梨塊，苦到難以下嚥，吃到嘴巴裡後需要立刻靠我們點的咖啡去掉口中的苦澀後才有辦法繼續進食（還好有點咖啡）。
很遺憾的是向店家反應後也沒有任何的回應。希望店家在將採買的酪梨入菜前，能花幾秒鐘試一下酪梨的品質，別辜負了這麼用心經營的一家店。"
647,帥老闆很好聊 同志友善店家 英國風我很愛
648,"香榭大道旁的司康專賣店，點好後店員會幫忙回烤，要夾鮮奶油或果醬的話需要另外購買。

剛烤好的司康外酥內軟，雖然味道不錯，但裡面有乾一點點，夾個鮮奶油或配茶會比較好吃。 之前喝過一次後就對這家店印象深刻，這次來花蓮玩特地到這來買咖啡豆，店內的咖啡豆種類相當豐富，現場也可以試聞味道，來選擇自己喜歡的風味，買兩包還折100元，CP值很高。"
649,"店內裝潢很漂亮很有質感
選用座位桌子都很有設計感
光看裝潢就覺得很華麗 … 名字很酷的隱藏版咖啡廳
隱藏在巷弄裡
每天老闆娘的手作蛋糕 …"
650,"寵物友善的可愛咖啡廳
闆娘很美🥰
兩隻小臘腸剛開始走進去會吠一下 … 店內空間小小的
有看到評論說沒有洗手間
所以選擇外帶
吃起來就是還算滿好吃的司康～"
651,"臉書訊息回得很親切、店內咖啡與司康都很讚、狗狗可愛 外地來旅遊，看google評價來買
老闆娘很親切店貓超可愛❤️
咖啡也是水準之上 …"
652,"司康好好吃～～點了伯爵司康+自製乳酪好讚。

飲品點了小白、鐵觀音鮮奶茶也都很優秀，甜度不會很高，喝起來很順口。 很有味道的一間店，老闆人很親切很健談，播放著黑膠唱片、位子不多但很有家的味道，每個傢俱擺設品都很有趣，店門口招牌旁還有一個法國號很可愛！

夕陽（160元）柳橙汁+濃縮咖啡=意外的搭及順口，非常適合夏天來一杯。 …"
653,"空間很大
店內放的音樂都很放鬆
還有可愛貓貓 … 內用低消$150或飲料一杯
店員會幫忙回烤
三種口味都非常好吃 麵粉香氣很足 … 店內每個角落都佈置的好用心
進來就猛拍照📷
店狗豆油超可愛 …"
654,來這裡用餐很愉快，也謝謝闆娘的熱情與店裡兩隻臘腸狗狗，和我家的頑皮臘腸，還一直麻煩闆娘怪不好意思的，開心🥳認識新朋友還是大姊姊🐶 … 謝謝店家大大的關愛，讓活潑好動的毛小孩在店裡玩耍，也真的不好意思麻煩了店家幫忙清理，但桌上這一道甜點非常的喜愛🥰喜歡帶狗狗出門的朋友非常歡迎來寵物友善餐廳用餐，店狗的屁股也是非常吸引人的呦☺️ …
655,"咖啡好喝、氣氛好，最喜歡吧台旁邊的雙人座空間，有點小包廂的概念，服務人員超親切，絕對會回訪數次的優質咖啡店😍 … 空間雖然小但環境非常棒
很日式好喜歡
點了冰美式 … 咖啡好喝，蛋糕也好吃，闆娘人美又親切，環境很舒服，適合一人悠閒下午茶。 全花蓮最好吃的司康，拜託不懂吃司康的人真的不要亂下評論啊！身為花蓮人的我很慶幸隨時可以吃得到😋 …"
656,"蠻有創意的咖啡館 裡面氛圍不錯，甜點/飲料精緻，限二小時用餐。費用中上。
附近有收費停車場 外面看不起眼的店，進入裡面很安靜。喜歡品味手沖咖啡的人值得來品嚐看看。
也有提供甜點。 悠閒氣氛，喝咖啡看書的好地方 慢慢享受喝咖啡看海景的地方...
平日比較有位置
戶外區要防蚊"
657,很有特色的咖啡店，室內空間很有風格，招牌黑鯨咖啡結合氣泡飲，推薦必點。手沖咖啡肯亞也好喝 司康非常酥脆香氣十足，原味加果醬，好吃到要融化
658,這是一家花蓮醫生娘所開設的，當初因緣際會路過看到售地（廢墟）買下後非常用心拆除保留原本的樑柱，用心用了很多檜木品味建造，讓進來的人都可以強烈感受到檜木味道，非常舒服❤️，咖啡店秋朝取自醫生娘公公名，紀念當時辛苦獨立扶養孝心紀念，很有故事，其它溫暖有故事有待您來細細品味，老闆娘是個非常細心有品味有故事的人，真的謝謝您如此用心❤️どうもありがとう 絕對是去花蓮必吃的司康❤️用心口味多元❤️闆娘超級Nice❤️還有可愛店長招呼真的是卡哇伊😍😍😍😍😍😍 …
659,"雞肉捲，裡面有培根。
價格適中、店內乾淨、環境整潔。 剛開幕吃過2次，覺得司康不管現場烤過還是吃不烤過的，都很乾。一開始覺得可能是剛開幕品質不穩定。
但之後陸續吃過2-3次，依然嘴巴沙漠😗
在英國、外縣市吃過很多次司康，這家店真的是最乾的，如果這是店家特色的話，好吧🤣 …"
660,"在林森路的小巷內，很清靜，環境舒適
我點卡布，口感很滑順
整體來說很喜歡，休假如果想貪個悠閒 … 一進門就是司康的奶香以及咖啡香氣
點了一杯卡布、原味司康
卡布融合剛剛好，司康帶有淡淡奶香味 …"
661,花蓮必推司康店 很好吃 非常放鬆的環境 太鼓餅很強 吃的出細節跟用心 服務也很棒  強力推推👍🏿 …
662,座位很少，右邊的位子需要盤腿坐，久坐會很吃力，價格偏高，但甜點的表現很平淡，選擇也很少，很失望，跟價格不成正比，鹹食很好吃，不過份量很少，蝦子只有少少的3隻，一盤就要360，有點盤，點兩杯飲料，兩碗義大利麵，兩樣甜點就要1千多，根本台北物價，只有拍照很好看，但甜點表現就很平淡了，不太推薦～ 下大雨在門口停好車，要進去消費，告知要內用，直接叫我們把車子停在斜對面的停車場，又不是沒有要去店家消費，下大雨還要走這麼遠，內場員工態度有夠差，真的是不敢恭維^^，我是來吃東西不是來看你們臉色^^！ 在小巷內，需在外面停好車走進去，兩隻臘腸狗超級可愛，斯巴克乳酪蛋糕上面有焦糖超好吃，可麗露冰冰脆脆的焦糖很讚，鍋煮奶茶不甜膩茶香味十足，冒著大雨去蠻值得的，小巷內的甜點小店，小小的很溫馨，值得大家支持！
663,司康特別口味眾多好吃 巷內的小咖啡廳！座位不多！如果全部坐滿會有點擁擠！最多約10-11人座！裝潢有特色！
664,咖啡街上小店，可以來嚐嚐 闆娘這次沖的稍苦，豆子烘的算有氣味，有不少台灣豆可選，可嚐嚐 可攜帶寵物
665,"這家店位置很好，就在花蓮市中心。司康餅和咖啡都很棒。司康餅的種類也很多，而且都很新鮮。

另外，店裡的柯基犬也很可愛。 咖啡選擇豐富，店主非常友好，願意帶您品嚐咖啡並提供一些當地的建議。"
666,"跟我的女生朋友講話就很開心
對我就有點不理不睬 店員很帥哦"
667,環境很好，空間不算大，平日沒什麼人蠻好拍照的，聽海浪聲很療癒。 餐點好吃！
668,個人列入口袋名單的一間店 鬆餅挺特別 個人口袋名單之一 滿特別的鬆餅
669,"隱匿在市中心的 寧靜角落、有著得天獨厚的絕美地點 小巷茉莉 身處的恰如其分、那條靈魂的小巷 不愧是店如其名 鬱鬱蔥蔥 讓忙碌的市中心有一個放鬆cozy的好去處 不僅店內內外妝點的 用心 餐點 也師出有名、道道人氣推薦也都不讓人失望、招牌舒芙蕾 也滿星爆表 實在是實屬難得
夾著人氣網紅店的氣勢 餐點也不馬乎 滿分的確是實至名歸！！
真的是花蓮之光 打卡送薯條🍟 … 服務人員一位女性態度1-10分我給4分 沒有到極差 但為跩 不是一個服務客人該有的態度 可以再加強 真的 ！不知道是暑期打工還是正職人員 商品價位也不太親民 畢竟裡面還限制內用一個小時而已 可惜啊 ～～好吃程度 可以給過 但這個價位 我寧願再多出一點吃更好的 如lady M之類的 可能是配上這服務態度顯得相輔相成吧 點顆星是因為身為花蓮在地商家給的不然 就值一顆"
670,"1月2日去的了。

是花蓮少見的現代設計咖啡廳、混點工業風。 … 沒有想像中讓人驚艷，大抵是網上好評太多了，也被推薦過，只是當天不曉得為什麼感覺就是不太對。

3/17去吃的，照片再補上。 …"
671,提拉米蘇 100$，很好吃而且份量很足。酒味很香。點了榛果拿鐵150$，也是香醇好喝。店內空間寬敞舒適！ 點了拿鐵咖啡加肉桂粉，還有加一塊手工餅乾。拿鐵份量很足，肉桂粉雖然是加免錢可是給的很大方。店面生意很好幾乎都是客滿，服務也很親切。店內搭配很多綠色植物，氛圍放鬆。
672,一切都很棒 寵物友善餐廳就先給個讚～而且吃飯配超多網美植物真的很舒壓！雖然上菜速度稍慢，不過還好沒有影響太多
673,老闆非常親切，第一次來拜訪，微笑的介紹他們客製化的咖啡，也有自家烘培咖啡，餐點主要是拼盤和義大利麵。點了菠菜義大利麵，調味很夠味，菠菜和麵融合在一起，驚艷的好吃，拼盤小農生菜值得讚賞，菜種非常豐富，份量超有誠意，調味健康，紅茶也不會太甜，健康主義餐廳，同事推薦來吃的！超讚👍 … 感謝昨天慢漫市集的好心人讓出最後一塊達克瓦茲，吃過最好吃的甜點，本來就很喜歡茶類口味的搭配，鐵觀音好香，配上中間鹹奶油，平衡甜味，超級幸福，下次要買招牌提拉米蘇試試
674,"空間寬敞，氣氛宜人，咖啡很棒，周圍還有書籍和唱片。 白醬雞腿義大利麵320
爆炒海鮮義大利麵300
第一次來，義大利麵超好吃！ …"
675,"雞肉捲口感紮實，餐包淋了白醬以至於不會太乾，熱茶可以回沖，環境清幽舒適。
需注意餐廳外較無法停車。 巴斯克乳酪蛋糕本體口感濕潤綿密，上面的奶油很滑順，兩者非常的搭，吃完後完全不膩🤤 …"
676,菠菜義大利麵調味非常美味，麵體偏軟沒有嚼勁有點可惜。 不錯的咖啡店。
677,"意外發現的咖啡廳 拉花很美 咖啡杯更美
喝起來心情都好好 味道也很不錯
下次想來吃看看餐點 非常喜歡這間店的氛圍 好喜歡這一片鯨魚牆
可惜忘了拍全景😭
限量的雞蛋糕好好吃 連鯨魚盤子都想外帶 …"
678,舒服服務好 巧克力很不錯 店貓跟佈置都很喜歡
679,"環境很適合來聊天談心。
空間很大心情會很好。
餐點豐富而且很好吃。 … 只能說是太好吃了. 建議來吃吃看  年輕人開店真的不容易在花蓮  更不容易的是這麼好吃  而且很多可愛的植物美麗的鹿角蕨  反正就是很推薦就對了"
680,"被公仔吸進來的，餐點也很棒～ 燈光美氣氛佳，東西好吃，值得花時間在這裡….放空 環境好舒服甜點好吃老闆娘好漂釀🥹🥹好喜歡
去花蓮一定要再去 …"
681,甜點好吃，芒果很實在 好吃！！！但對學生有一點貴~~
682,餐點好吃份量足夠 雖然價位不便宜 美食美景久久一次很值得 讚👍 …
683,氣氛佳 座位舒適👌 … 好吃🤩 …
684,"親子友善餐廳，孩子幼兒園班上聚會，全場十多位孩子，空間、玩具還是很足夠，店員很有耐心（小孩吵鬧，還是很有耐心...）。
內設停車場，對於開車的人很方便，只是技術要很好^^ 很舒適的用餐地點，小孩也很喜歡，有很多故事書、繪本，老闆也很用心會定期更新繪本，對於繪本作家也有研究，會準備一系列的作品跟孩子們分享。
如果喜歡手作的孩子一定會很喜歡老闆準備的手作課程，有很多可以選，例如：拼豆、流體熊…等
餐點和咖啡我們都很喜歡，吃素也有很多很棒的選擇，我個人最喜歡麻油猴頭菇飯，孩子們喜歡香椿炒飯。"
685,"有戶外區兩桌，咖啡部分有每日特選，環境舒適不擁擠 很飽 很棒的地方！在地人推薦名單之一，騎自行車散步後繞過來吃午餐挺不錯的，離太平洋公園滿近的，可以吃完去看海！

我滿喜歡店裡的氛圍，很舒服又安靜，連客人都很有默契，彼此說話都降低音量🔊 … 老闆客氣專業健談，咖啡很讚！"
686,"自己烘培的咖啡豆，
推薦店特調風味咖啡 青醬 很爽口"
687,貓貓可愛 讚 送蛋糕
688,鬆餅讚！ 好吃！聊天好地方！
689,第一次吃到這麼好吃的舒芙蕾❤️😘🤤👍🏻 … 驚奇咖啡+鬆餅
690,"很多年沒來，今天點的咖啡覺得不夠熱，覺得熱拿鐵要在熱一點更好喝，但是今天點的點心都好吃會再來的 點了兩樣都好吃😋推薦👍下次還要再來 … 一直想來探的地方
是我喜歡的氛圍
可惜說不出來好像少了什麼"
691,很復古的裝潢，甜點精緻，適合悠閒的午茶。 空間寬敞舒適 悠閒，聊天或獨處都合適
692,"位於北濱附近的咖啡廳，整體店面不大但用了大量檜木裝飾與家具，讓店內的氣氛很溫馨。
店內的座位不多，大約能容納15人，適合讀書也適合聚會。當天平日下午1點左右抵達，後續陸陸續續有客人來，大約2點就客滿了。
最喜歡的部分是兩隻店貓都很親人，很幸運的是他們很喜歡來我們這桌玩。店長甚至直接在外套上睡覺，中途老闆娘叫他去吃飯也不走，真的很可愛～～ … 帶著我的平板和愉快的心情來到這裡讀書，點了小農拿鐵和黑蜜小鬆餅便在這裡坐了一個下午。可能是因為當天是雨天的關係所以客人不多，也很感謝老闆並沒有因為我坐很久而趕人
較不習慣的點應該是店內所播放的音樂為古典樂，平常不常聽古典樂差點睡著哈哈 …"
693,"2024/12/21再次環島的來到。
這裡已經變成每年如果可以都想來一次的地方，可惜這次沒有吃到鹹派，很想念那個味道，希望明年有機會再吃到那個味道。
一樣，再次的用不同感覺角度想法，來拍這咖啡館的角度畫面。 … 對我這個旅行者來說，花蓮不是熟悉的地方。所以想吃一個有點簡單健康的早餐，找了蠻久的。

離開花蓮的早上，搜尋到這家，覺得很棒！ …"
694,裝潢走精緻風格，空間上賦予了雅緻高級的感受；且雖然在路旁卻不會太吵雜，能夠放鬆自在的地方，推薦前往 雖然是旅行順道前來，但停留中處處感受用心，總共2層樓，在樓上有自己的工作室，也有一些老闆的木刻作品，而無比滿足的是在喝咖啡時聞到的陣陣檜木香，實在太增加質感了，很感謝老闆把木工融合在店裡的佈置（吊燈很漂亮！）及杯盤裡，實在讓我感到驚豔
695,"2021.09.18
「波堤娜麗精品咖啡」 … 2021.09.17
「咖啡木CoffeeMoon」 …"
696,"很可愛的小咖啡廳，還有害羞又愛玩的小貓陪你喝咖啡❤️ 20210830花蓮可以內用了！
店內氣氛很好，悠閒的午後享用一杯冰涼的咖啡，吃著剛出爐的鬆餅，幸福～"
697,"肚子餓別來會瘋掉，整體餐點還不錯，除了甜點很普通，吐司好吃!久久考慮回訪一次吃鹹食。

檸檬派，蜂蜜重乳酪蛋糕，普通。
洋蔥腰內豚肉還不錯吃。 🖍️生吐司 $95

吐司烤的酥脆，奶油還可以，整體吃不出厲害地方，如果便宜一點可以接受。想吃吐司類甜點大推《北非》 … 甜點都不錯吃，飲料也好喝，但沒有驚艷處所以也不會特地回訪，嚐鮮過就好。

栗子野菇炊飯偏普通。 拿鐵$80，低焙的咖啡，偏酸的口味，還算不錯喝。8.5/10 🖍️經典巧克力冰淇淋舒芙蕾鬆餅 $300

從$280變到$300 … 🖍️冬日松露奶香燉飯

聖誕節限定！超級濃郁松露奶香味，松阪豬小小塊超級酥脆有嚼勁，好吃。 … 🖍️白醬松露起司燉飯 $340

松露味道算濃，但感覺松露味道跟起司沒有很搭，雞腿皮很脆很讚。 … 🖍️抹茶拿鐵

奶味很濃抹茶味也很夠，還不錯喝。 … 現場吃現烤的真的很好吃!乳酪超讚必加點!!司康搭配超好吃的乳酪真的是超搭啊!!下次回訪要吃看看其他口味再搭看看鮮奶油!
想把全部口味都吃過!
常溫的吃起來就比較普通。 …"
698,這是一棟修復後的老房子裡很不錯的空間。 可以說是待過最棒的咖啡廳!店內的貓貓店長也很可愛 餐點也讓人驚喜! cp值很高!
699,在花蓮生活的支柱，如果沒有這家店作業都不知道怎麼交出來。飲料甜點真的都很好喝好吃，整個空間木頭的味道非常好聞，燈也做得很漂亮，非常舒服，要放鬆要認真都很適合。謝謝闆娘的用心🙏 … 很用心的店！適合放空、工作❤️陪伴了在花蓮的日子❤️
700,舒服！慢活！服務人員態度好！景色優美！ 讚讚
701,只賣咖啡 然後咖啡也普普... 謝謝老闆辛苦的幫我客製化男友的生日蛋糕！！哈哈上班族的小確幸 很感謝老闆的熱心協助～還有可愛的設計圖🥺蛋糕質感很好用料也很實在 非常喜歡💕大力推薦大家！❣️ …
702,"焦糖牛奶, 實在太甜了./ 蘭姆酒巧克力, 不錯吃。 屬於在地老咖啡店。店內空間大,算舒服; 但服務品質還有相當大進步空間。 很專業! 與老闆談咖啡是件樂事!! 餐點都蠻好吃的，
梅子雞還不錯，
燒肉ok。 … 讚讚 完美的現場燈光、氛圍、咖啡(真好喝)、音樂，
&超沒水準的客人……唉！(完全沒降低音量的講了半小時，半小時後我決定離開店家…)(同一桌的還接力講…)
害我全程戴耳機，浪費了店家的好音樂與音響…殘念。／不過喝咖啡…店內沒有提供洗手間…還是成了扣分項目。 花蓮最chill咖啡廳
西西里大推 附近不算難停車，
停好之後從一個不大的門口走進去，
往下走，沿路有路標跟可愛的彩繪石頭， …"
703,無麩巧克力蛋糕食材很好，紅酒牛肉純煉，可以請老闆煮熱一點。外加人氣貓 那個去年開紅色mini cooper 小姐 請聯繫我，東西落我這了😂 …
704,"安靜雅緻 店裡木頭味很香
外面海風很香 拿鐵咖啡風味很好，非常平衡順口，鬆餅亦相當可口美味；室內氛圍輕鬆、空間寬敞，有停車場。 會再次回來的cafe bar。"
705,"開在美侖的好咖啡廳，附近超好停車。建築上可以看見一些巧思，自然採光很好，是非常棒的用餐環境。咖啡部分可以請老闆專業的講解、說明，今天喝了澳白跟衣索比亞的冠軍豆，非常的優異。店內有WIFI,伸降桌，很適合辦公、讀書的好環境 推推推推"
706,轉眼間已回到香港品嚐着老師烘的咖啡豆，一邊寫著這篇。這趟旅程來了咖啡月好幾次，在晚上坐在充滿懷舊情懷的房子，沉醉在古典音樂，一邊靜靜地品嚐咖啡，渡過會心微笑的晚上，令人流連忘返。 … 那天剛去完北濱公園5點想喝手沖，找了一下附近的咖啡廳，竟挖到寶。老闆烘焙豆子很多年，那天想喝甜感出的，老闆為我選了紅蜜處理的Ethiopia Guji，花香、莓果香很出，口感順滑，像是果茶般。第一口喝時已經甜了，邊跟他聊天邊喝，那個層次感更多，最後一口是大約放了一小時，更甜。我在香港喝的很難有這樣的表現，通常一冷掉，只剩下酸感或單一表現。我還帶了這支豆子回港，男朋友也說烘得好棒，他說那酸感尾韻是洛神花香，好喜歡。 …
707,"改裝後2.0版的驚奇真的好棒!!
餐點好吃! 鬆餅也好吃!!
維持一貫水準，甚至覺得更美味了 … 拉花很漂亮!
推薦給喜歡吃塔類甜點的你~
貓咪很可愛，當天有位年輕鮮肉帥哥被白貓寵幸，舒服地窩在腿上，好幸福啊! 今天被Dirty吸引住，改天再來喝手沖!

初次喝Dirty, 第一口熱熱Espresso … 今天不擼貓改摸狗🐶
這間咖啡廳充滿著我喜歡的元素
明亮. 溫暖. 藤編. 綠植. … 走過經過常錯過……但別怕，勇敢推門進去吧🤣
咖啡順口好喝，放涼的西達摩風味更明顯，喜歡!
老闆挑的音樂很舒服，令人放鬆。 … 一間很有溫度，幸福的咖啡廳~❤❤❤
午後隨意找了間有貓的店，今天生意超好，滿屋子客人!!!但我仍被老闆娘親切溫柔的笑容吸引住，決定留下坐吧檯區~
芝麻起士蛋糕濃香不膩，很紮實，我喜歡。咖啡順口好喝。 … 好咖啡和好氛圍，一個可以放慢腳步的空間，很喜歡老闆的手沖 綠意盎然，餐點好吃~ (嫩煎海鹽雞腿拼盤300-附南非國寶茶:可回沖)
生菜新鮮+有先調味拌好，油/醋比例剛好，很好入口。
雞腿排煎得焦黃香酥，沒有肉腥味。 … 的確如網友評論~
新.乾淨.漂亮+符合人體工學的厲害升降桌
老闆幽默好聊~
手沖咖啡香/滑/不苦澀, (菜鳥如我) 覺得好喝。 原味提拉米蘇帶有酒香，是成熟大人版。
(小孩可能不愛)
⊙甜點好吃，與花蓮市區一般咖啡廳有所區隔。
⊙內用環境也不錯，屬於長條型，比較特別~還有間像會議室的包廂。 像是回到家裡客廳一樣的舒適空間，手沖好喝，有貓❤️ 很舒服的咖啡廳❤
老闆親切，店內氣氛不錯，西洋音樂好聽
環境舒適，拍照燈光也好看。 … 大推這間咖啡廳!
咖啡好喝，甜點好吃，老闆親切，店貓熱情親人~這家店必須火紅啊 有種溫暖舒服的氛圍，莫名就是喜歡!
初嚐音樂家系列手沖(巴哈)
中淺焙帶點酸味，剛入口有莓果香， …"
708,夠專業的技術，高品質的豆子，讓喝咖啡舒服順暢 開店時間算早，食物精巧不多，但都好吃，男生除了套餐可以再點吐司。老闆和老闆娘服務親切，整體而言值得再訪甚至來放鬆吃點心喝咖啡的好地方 單品拿鐵好喝，店家用心挑選適合牛奶的咖啡豆，有酒香，真的順口。店裡很多有意思的單品咖啡，值得來品嚐，老闆很願意分享，還有單品續杯折扣，真心推薦。
709,咖啡專業好喝 老闆親切！ 咖啡好喝 老闆幽默風趣 每家都有屬於自己的味道，來試試就知道！
710,"不ok,踩雷了！
看了時尚玩家，特地來，結果僅是觀光餐，唯一是有冷氣可以休息。 多了貓貓呢！"
711,很明顯的風味，很好喝 超棒
712,咖啡和服務都很棒。而且名片設計也很漂亮😁 … 城裡最好的咖啡和一流的服務！
713,"環境不錯，店內瀰漫著新鮮烘焙咖啡豆的香氣，但店主不太友好，價格昂貴，而且本地風味一般：咖啡偏酸，有點焦糊味，沒有口感順滑的烘焙選擇。 這裡的咖啡品種均由店主「店內」手工烘焙。作為一個長期居住在這裡的外國人，我可以證明這裡的咖啡是花蓮最好的咖啡之一。

這裡的咖啡能讓您暫時忘記典型的台灣咖啡。如果您去過台灣的咖啡館，您可能會感到困惑，並想知道為什麼“酸”咖啡在台灣如此受歡迎。 … 我最喜歡的咖啡店之一。夫妻店，熱情友好，「老爸」（Cooper）能說一口流利的英語。

您可以品嚐店內烘焙的咖啡豆，以及來自世界各地的咖啡，有杯裝、大袋裝和獨立濾泡裝（這樣您可以在家品嚐各種咖啡，然後再購買更多）。 …"
714,景觀很好，但沒有冷氣 餐點好吃
715,"花蓮很有味道的咖啡廳
推手沖咖啡 早上10點就開了，聊天，喝咖啡的好去處。"
716,特色咖啡店 很適合坐坐 鬆餅好吃
717,"提拉米蘇不錯吃
奶茶很大杯
貓咪也很可愛 台派先推 店裡位子不多但很溫馨
店裡的書籍都很不錯 有宜農再給推！
小白喝起來是偏酸的咖啡 牛奶是光泉的 …"
718,"初到花蓮生活的我很快就利用instagram找到這間可愛的小店🪴🧺🛁

鹹食不多選項，菜單常見的是粉紅醬白蝦義大利麵，口感濃郁，蝦肉Q彈，微辣且麵體也十分有嚼勁，但稍微有些重口，不過我很喜歡 … 花蓮可愛咖+1⭐️
店內有許多超可愛的海報及傢俱杯具，風格老派復古，店內陳設還有空間一直讓我想起登波咖啡，這種風格我還蠻喜歡的，輕鬆、日系、微微復古俏皮，無預約服務，可以一開門就直接殺來！檸檬美式微酸好入口，清爽宜人；提拉米蘇酒香芬芳，綿密細緻，舒服空間，適合辦公，不適合聊天（小聲的話可以）🫰🏻
不太適合開車來ㄛ，散散步就可以來 …"
719,"可以放鬆的地方 巴斯克奶香濃、伯爵茶磅蛋糕越嚼越香，是紮實的口感⋯甜點都很優秀

髒髒換燕麥奶好好喝！"
720,"隱身在民宅內，很容易錯過的老宅咖啡廳
焙茶布丁茶味十足，很香很好吃😋
黑糖卡布也不錯！ … 無意間找到的寵物友善咖啡廳。
覺得自己真的來對了！
咖啡好喝、檸檬塔好吃、又有貓咪 …"
721,"雖然第一次外帶，可以感受到店員很親切（這是裝不出來的），拿鐵很好喝欸欸欸欸欸欸😙！店員還跟我說平日有打折啊哈哈哈哈哈哈，我下次再來嚐食物嚕🦋 … 很讚欸！雖然裝潢比較舊，我前面都在放鬆放空，心情很好，後面讀書也不會焦躁！有插頭可以充電！今天點的拿鐵也很濃郁，也不會因為冰塊融化變得很淡！超喜歡！🙌🏽🙌🏽

選的歌很好聽很有品味（剛好都是我的愛歌）🩰🩰🩰🎈會再訪 … 這間咖啡廳是工作友善，除了大桌以外小桌都是升降桌，椅子也很好坐，我身高153也可以碰到地板，對矮子非常友善。有wifi也有插頭，不過菜單封面有明確指出「不能充電」後續問了店員，因為很多人都會一路差一整天，然後可能只會消費一杯才會有此規定，但沒有滿客或不是太誇張基本上都可以充電🪫超愛！不然這種好的店就會淪為路易莎感，而且路易莎也可能不能大聲說話，但這裡就沒有這個問題，所以你要讀書要安靜自己帶耳機！ … 奶酒布丁好好吃😍
花生厚蛋吐司也是一級棒欸😮‍💨
兩個都不膩口 …"
722,"舒服的日式老屋，流露歲月痕跡的原木桌椅，優雅含蓄的陳年木工檜木屋頂，親切的老闆娘，蛋糕都是親自手作，用料講究，手沖咖啡順口好喝，坐下來像走進時光隧道，非常令人放鬆的地方，有店貓為伴。 冰美式和提拉米蘇非常好吃
非常放鬆的環境
一個可以走累了進來充電休息的地方"
723,"環境雖小但氣氛舒適，老闆娘也很親切
適合閱讀小憩的地方。 整體環境復古舒適，老闆娘也很親切"
724,咖啡認真好喝！！環境氣氛都超棒！！ 很棒的咖啡和舒適的享用場所，還有便宜的美味甜點！
725,"（回覆奧客）
你們三位還是喝水吧，24小時加水站的那種水！ 走進來的那一刻，心中的聲音便悄悄放下，隨著空氣瀰漫著寧靜，身體也不知不覺放慢了步伐。彷彿在放電的同時，能量也重新被充滿。遠離市區的喧囂，這裡是一個能夠坦然面對自己、與自己對話的空間。 …"
726,好ㄔ 提拉米蘇好吃
727,環境舒適 超讚的深夜咖啡廳，還讓我們自己播電影🥰 …
728,推推～抹茶紅茶巴斯克和手沖咖啡！ 安靜放鬆的好地方，店貓很可愛 服務棒棒 料好實在！
729,"很棒很有氣氛的咖啡店，有空來坐喔！老闆很帥氣。 非常乾淨，鬆餅算是好吃的，要熱熱的吃。 喝咖啡配海景，超讚。 優雅的老闆，好喝的咖啡，好吃的蛋糕…… 飲料非常好喝。 還可以，老闆很仔細介紹 還可以 喝咖啡的老地方。
肉桂捲好吃…… 看海的好地方。
假日的時候常常客滿，但是羊膝跟羊奶咖啡是一定要點的。
從這間餐廳一開始興建就看著周明美老闆自己敲敲打打，現在由他的兒女接手又打造了不同的氛圍，但是食物還是很不錯的。
不過客滿的時候要耐心等待就是。 甜點很厲害"
730,"造訪時間：2024.11
【整體】
拿鐵好喝，環境舒適， … 造訪時間：2024.11
【整體】
空間明亮舒適， …"
731,"沒想到在火車站附近竟然有這麼一間店！以後等火車的空檔不怕沒地方坐了~不過店內位子不多，還是得碰碰運氣
個人很喜歡店內的擺設，不論是桌椅、櫥櫃或是器皿都很有質感，可以感受到經營者的用心，飲品單價還在能接受的範圍(主食的份量比較少一點，甜點沒嘗試)，不因為是鄰近車站或以觀光客為客源就哄抬價格 … 113.03.10更新
2年後再來回訪，現在多了2樓的座位區，可以容納更多客人了！
咖啡豆的品項依然很多，雖然價格略有提升，不過整體來說還算平價，200元內的就喝不完了，可以外帶豆子或濾掛包回去自己沖； …"
732,"熱可可好喝，奶泡細緻奶香很濃。/110
鹹派外皮酥脆，裡面有油滋滋的火腿和清爽的蘑菇，風味濃郁但不容易膩口。/95
位子非常非常舒服，氣氛很好，佈置得很可愛很特別，像小小魔法圖書館！外觀也很可愛，跟周圍比起來真的好像有緣人才看得到的魔法世界。 … 本來是來唸書的 但這裡桌子偏小不太適合
點的是國寶茶和焦糖司康
司康非常好，麵粉香與奶油香融合得很完美，淋醬增加香氣卻不增加甜度。外皮酥脆內裡鬆軟真的很好吃，大家都該試試。 … 黑糖拿鐵不會太甜，奶香厚實。/110
芝麻戚風有點紮實，蛋糕本體芝麻味普通，但配合芝麻奶油很好吃，芝麻香與奶香都很濃郁。/90 …"
733,"第一次去吃椒麻雞
二訪吃糖醋鮮菇腐皮套餐（比較推這個
雞翅也不錯 … 之前與朋友在這間咖啡廳討論事情
東西、飲品很好吃、好喝
印象深刻的是那個草莓奶酪 …"
734,"緊鄰太平洋海岸路上有特色的咖啡館，別墅型典雅外觀，進入精巧花院，推門而入，有著復古溫馨座位，輕鬆的音樂，整個心情舒適都放鬆了，逍遙一下，寵愛自己，不僅是在婦女節，日日都該如此！ 木瓜山咖啡，自家烘焙出的豆子，香氣撲鼻，口感溫順，搭配手作甜點🍮，讓人感到放鬆心情，享受著片刻的美好！
價位也實在，適合找幾個好友小聚，品茗美味好咖啡☕️的私房地方！ …"
735,"累了嗎？歇歇腳，喝一杯吧！
是不喝咖啡的我找到的唯一提供價錢合理而且品質上好的茶飲的咖啡店。 花蓮這樣的店越來越少了，安靜，且有一種寧靜的氛圍
而且對不喝咖啡，卻要跟喝咖啡的朋友聚會的人，這裡是很難得有好喝養生茶且物有所值的一家店。非常推薦。"
736,"檸檬塔好吃，貓貓可愛 紫風鈴風味很好
店內環境優雅
後門鐵路第一排很有趣༼ つ ◕_◕ ༽つ"
737,最愛的咖啡店，咖啡好喝，空間舒適，雜誌好看，闆娘超有氣質。 讚 非常舒服的小店，庭園佈置的很雅緻，店內擺設很溫馨，餐點用心好吃，連配菜附湯都好吃，店員服務熱誠，下次還要再來吃鬆餅。
738,後花園令人驚艷 氣氛佳
739,從吉野剛開始一路喝來，只有對老闆越來越敬佩，對品質的要求極高，可以滿足大家的需求，是花蓮少數認真的好店家❤️ 咖啡好喝，美式也很用心，下次看有沒有中深烘焙的豆可以試試😊 …
740,"點了冰美式和拿鐵，咖啡香濃，每個座位都有插座，店裡還有一隻貓、兩缸魚，可以慵懶的度過一杯咖啡的時間，很推！ 是一個神奇、充滿魔法的地方
裝潢給我的感覺很像哈利波特，裡頭的擺飾也都是歐洲帶回來的古董
老闆娘是一個很有故事的人，建議有時間的話可以坐吧臺，她很願意跟你分享她的故事，也是個很好的傾聽者 …"
741,"餐飲可鹹可甜～
服務人員親切溫柔～
非常舒適的用餐體驗👍 … 焦糖咖啡塔我的愛
拉花超強"
742,逃離顛三倒四的台北生活，伴隨姊姊和姊夫遠赴花蓮定居，對於未來仍然徬徨，卻誤打誤撞在一間咖啡店工作，學習經營和咖啡的技能，然後又在姐夫經營的旅宿裡開了一間咖啡店，這大概就是Nicole成立秀麗的極簡描述了吧。 … A-more 擁有城裡數一數二的咖啡，而且價格實惠，物超所值。無論想喝什麼咖啡，無論是單品咖啡還是卡布奇諾，它都是我的首選。有了 A-more，其他咖啡館都成了次要之選。更別提那裡還有兩隻友善的貓咪，它們會主動和你親近，或只是找個地方睡覺。
743,我從旅館走了 2 公里，旅館關門了，但谷歌說它開著☹️ 喜歡咖啡和自製的提拉米蘇蛋糕♥️強烈推薦
744,"沙拉非常一般，量也很少，搭在一起味道不OK，可推薦。 闆娘溫柔宜人🤍
焦糖奶酪超好吃🤍
黑咖啡好喝🤍 … 服務親切，咖啡師敬業♥️。
重點是桌椅舒適！很重要！"
745,是個放鬆的好地方。老闆很友善，會說英語。如果你在花蓮待一天，絕對推薦這裡。 花蓮一家非常棒的咖啡館。服務生非常熱情友好，讓人感覺賓至如歸，而且英語說得很好。咖啡很香醇，氣氛輕鬆愜意😊。如果你在花蓮待一天，強烈推薦這家咖啡館。 …
746,"這家店的咖啡很棒，環境也很好。店主對咖啡很了解，樂於推薦。

我特別喜歡他們家的太妃糖奶茶！ 非常可愛的咖啡店，飲品也很美味。

店主非常友善。如果您需要一個可以放鬆小憩的地方，強烈推薦這家店。"
747,咖啡很驚艷，甜點也好吃，口感比一般的店家多一份細節講究的美味 甜點很好吃，能感覺到用料跟製作過程中是用心的，雖然咖啡我覺得口味上對我而言稍淡，但整體是一間蠻不錯的店，下次會再來試試鮮奶茶。
748,環境很舒服，超愛他們家的舒芙蕾❤ 環境舒適
749,"專業的咖啡，美味的甜點，無可挑剔的午茶時光。 咖啡好喝加上超有質感的環境
是我花蓮的咖啡廳愛店
喜歡火車的朋友必定要去看看 …"
750,"今天仍舊下著雨，午後就在網路上找了一間咖啡廳—吉野，因雨，所以店門前已經交錯著停了幾台汽車，在小巷弄裡，我也不好亂停，怕擋到旁邊的住家，進到店裡詢問老闆哪裡適合停車，老闆熱情地來幫忙指引位置，還幫忙移了車！！ … 印象很深的是那杯咖啡的杯子，燒得很樸實的顏色，圓圓飽飽的又不是那麼平整，一杯喝了整個下午，和著溫柔的時間線，就是想要細細品味。
即便在最靠近時間線的火車站旁，卻感受不到外頭的時間流逝，像是沒有了時間，剛好店裡播著熟悉的歌單，小小聲地哼著歌，那天外頭下著一如往常的花蓮式冬雨，天冷冷的，心暖暖的。"
751,在繁忙的市區中找到一處放下疲憊的去處 沒有咖啡能讓你久留不走，這，會讓你這麼做 放鬆出神的秘密角落
752,舒服的氣氛 可以用口味、偏好來跟老闆點單品咖啡，很專業、很用心，店內裝潢也很漂亮! 非常舒服的空間，有很多故事藏在裡面，來找老闆娘聊天也很不錯喔！ 處處驚奇的驚奇咖啡
753,驚喜的綠茶布丁 喜歡這家非常安靜的咖啡館：單一產地的咖啡和餡餅非常搭配。
754,除了不用說的環境漂亮以外，餐點也都很棒！大推檸檬塔 好吃 🤤🤤🤤 …
755,花蓮喝咖啡首選 店面採光良好，店門前不難停車，重點是咖啡豆挑選咖啡沖泡有水準！希望繼續保持！一定會再訪的
756,裝潢溫馨，老闆親切，咖啡專業甜點美味。 專業，親切。
757,氣氛不錯，甜點價格小高，覺得冰抹茶味道稍淡⋯ 😀😀😀😀😀 …
758,很棒的音樂與空間空氣感的咖啡廳，都播放著halie loren。精心甜點與咖啡飲品，不喜肉桂粉的注意要先告知哦 很可愛的貓咪，好喝的咖啡和提拉米蘇。友善健談的老闆娘，聊了一個多小時。還有很多書籍
759,十分享受的下午茶，香草冰淇淋舒芙蕾像似棉花糖鬆軟入口即化的口感，搭配三種配料鮮奶油、冰淇淋、蜂蜜，多層次豐富的味蕾享受，真的很精緻好吃。連免費的開水都很用心，有香香的水果味。建議要事先訂位喔。 👍👍👍👍👍👍 …
760,"每到花蓮必訪，鯨魚雞蛋糕必點，手網烘豆拿鐵必喝，板娘的笑容必看。

外帶打折、買豆打折、環保杯打折，外帶咖啡真是太划算了。 兩代經營的咖啡館，很喜歡坐在吧檯與咖啡師傅的自在聊天，一杯咖啡、一杯單品，為我們的旅途增添了很好的回憶。"
761,好吃氣氛讚 愜意放鬆，可麗露很好吃，店貓很可愛
762,很不錯的一間店，店內擺設多元，很多進口啤酒瓶，電影元素。餐點好吃，青醬顏色不濃但其實很濃鬱，白醬也是，不水，半濃稠，蛤蜊新鮮，迷迭香烤雞肉嫩鮮美。甜點草莓麻糬鬆餅是用蒸籠，鬆餅裡面有白麻糬跟黑糖兩種口味。咖啡只有拿鐵有拉花！但圖案都很精美！第一次吃沒有預約，好險有位子，短時間內一定再訪！不容錯過的好店😄 … 主菜不錯👍，但是飯很乾⋯⋯⋯醉雞酒味濃厚！莓果冰沙好喝！👍😁 …
763,環境優美、接待親切、咖啡專業！ 環境佳！ 咖啡好喝 ！大推👍！ …
764,"我們提供各種咖啡相關服務。我們使用自家烘焙的咖啡豆，讓您在舒適的環境中享用咖啡。
我們還擁有倫敦城市公會 (City & Guilds) 國際咖啡師培訓和考試資格，您可以在這裡上課，也可以在同一地點參加考試。 這家店成立於2015年，位於花蓮繁華的商圈。店內裝飾由著名插畫家Gankyu親自繪製。他們研發了自主研發的烘焙設備，力求專業品質，並保留咖啡豆的原汁原味。店內仍販售本地種植的咖啡豆。接受信用卡付款。"
765,"這是一家可愛的餐廳，提供美味、充足的食物和友善的服務，店主的寵物還在周圍玩耍。 羊奶咖啡很香很特別☕️
松露薯條份量超足🍟
牛肉三明治超級好吃🥪
下次再訪！ … 一家超專業的咖啡烘培店。
每次來都有驚喜❤️❤️❤️ 非常舒適、明亮、有氣氛的地方，絕對是花蓮最好的咖啡館之一，擁有店主的專業知識和品味。"
766,咖啡很香，不苦不澀，有在賣豆子，我會買回家自己手沖 好的。
767,食物總體來說還行，不過這裡有一隻小狗，在每張桌子周圍徘徊。太可愛了！在我在這裡吃過的所有東西裡，甜點華夫餅最令人難忘。它裡面有著嚼勁十足的麻糬般的口感，很有特色。這裡看起來是個不錯的快速吃點東西的地方。 咖啡價格有點高，但老闆很友好，這是一家喝杯咖啡的好咖啡館☺️
768,店貓可愛 有氣氛 巧可力櫻桃慕斯很讚 配特調拿鐵也很大人味 老闆很親切 氣氛很棒 很幸運有吃到馬卡龍 很好吃 去廁所要注意一下地板清潔 畢竟有兩隻可愛貓貓  建議超棒的老闆 廁所可以美化一下唷！
769,家常美味，價格也合理。老闆顯然很喜歡動漫/漫畫——裝飾很有趣！唯一美中不足的是缺少健康/素食小菜或小碟菜。 咖啡口感超順滑，肉桂捲也超好吃！唯一的不足是沒有洗手間。
770,"在花蓮市區巷弄裡的北非/摩洛哥風格咖啡館
店內設計風格顏值高
店內的所有人都顏值高 … 甜點都很推，但口味每個人不同。
配上手刷抹茶🍵真的很剛好
最讓我驚訝的是鹹派
外層餅乾的部分，是酥酥的好好吃🤤 …"
771,"前一晚騎車穿梭巷弄，店長宛如黑暗的希望之光
，彷彿隱藏在結界裡的店家。隔天來訪後，發現萊姆酒香的可麗路意外的好吃。喜歡這道甜點的可以來參訪（環境很小 但桌子椅子用料很好 老闆娘重本投資，疫情創業勇氣要支持下） 百香果檸檬塔不錯！提拉米蘇是台北的水準。咖啡香濃蛋糕體滑順，不是低價版可比擬。在花蓮可以隨並列最好吃的

8/1訪問，吃到傳說中的雞肉豆腐漢堡。店主號稱從沒有客戶吃過，只給厚臉皮客戶專屬，真幸運呀。"
772,"已經二訪的好店，老闆笑容可掬，鬆餅好吃！比較可惜的是，待了快3小時才終於能享受與店內裝潢相襯的「咖啡廳音樂」。

（剛到店內兩小時多「音樂都很吵」，像在健身房或大賣場，要靜靜處理事情都還得自己帶耳機⋯⋯） … 在一間老宅裏，不要被外表嚇到了哦😟
老闆的咖啡及甜點很有特色。
法式甜點好吃，雖然位置較少及較小， …"
773,餐點好吃用心，咖啡飲品好喝，座位數不多，用餐環境舒服。 環境舒適，餐點美味，服務人員專業。
774,"在海邊被太陽曬到有點暈
想找間咖啡廳吹冷氣
隨手在google上查到這間很可愛的小店 … 很少特地留負評
但這間咖啡廳真的讓我失望
首先 菜單非常的不友善 …"
775,東西好吃，價格實惠，但容易客滿，最好先訂位。推薦牛肉漢堡，煙燻裡肌義大利麵，鬆餅口味特別，很Q 風景好，可以點杯飲料喝度過悠閒午後
776,很用心的美食和咖啡，但缺插座… 充滿咖啡味的地方，咖啡好喝，老闆美麗親切喔！
777,"招牌的＂驚奇咖啡""建議要嚐嚐,如果你進來不知要從哪點起的話…(對!就是説自己..XD)!
有點心機的驚奇咖啡要分三個階段喝，第一階段記得先不要攪拌,喝黑咖啡。第二階段吃1/2球的冰淇淋。
第三階段在冰淇淋呈微糊狀態時，與咖啡一起入口！ … 一個浪漫的邂逅,午後的咖啡與老屋,恬適悠閒...充滿木頭香氣.… ^^
人很親切、咖啡好喝、環境雅緻 ^^"
778,"好吃唷 甜點好吃，環境很棒很舒適
服務人員也都很親切❤️😇 … 在花中附近的咖啡廳，要仔細一點找，外觀看起來像一般住家，老闆很悠閒地在澆花，裡面坐位不多但很舒適，老闆人很好，沒有時間限制，巧克力蛋糕帶有杏仁味，喜歡杏仁的朋友可以嚐嚐，濃縮通寧喝起來很獨特，濃縮咖啡配上通寧水，濃郁又微酸加點淡淡的檸檬味，很清爽，不常喝咖啡的我很推薦 日式昭和風，環境安靜舒適、甜點造型可愛好吃、價格也平價，今天點兩款都不會過於甜膩，再訪意願高。店內無客滿不限制用餐時間，若客滿限時90分鐘呦。

☝🏻無訂位採現場候位
☝🏻低消$150或一份飲品 … 質感美店✨芒果洛神花生乳酪用心好吃！盤子底部滴了幾滴蜂蜜，吃完還有甜甜的味道，真細心。 超推 半夜可以去喝飲料配漫畫 店面美美的，焦糖肉桂捲很好吃，西西里冰咖啡也平衡的很好，推薦 很有特色的一家咖啡店，隱身在花蓮市的巷弄內，一進到店裡彷彿身在日本，店內的座位不多，闆娘養了兩隻貓，裡面的擺設很有宮崎駿電影的味道。

去的時候剛好客滿，原本想說改外帶、後來闆娘問我要不要坐外面（窗邊），我當然好啊！比起裡面座位，我覺得在窗戶邊的位置更讚，還有仔仔（貓）陪伴😂 …"
779,城裡最好的咖啡店，自製咖啡豆最棒。甜點也很棒，店員也很友善。 員工非常友善，環境也很好。
780,"好吃 環境非常棒，很舒適
餐點也好吃，價位平易近人 衝著舒芙蕾來預約的店
結果中午來還是沒有抹茶口味
巧克力舒芙蕾不會過甜 …"
781,"他們家的室內設計很有特色。等餐的時候可以四處走走，看看不同的區域，還挺有趣的。

沒點餐，來這兒喝咖啡消磨時間。濃縮咖啡還不錯，不過我覺得台灣人更喜歡奶味更濃更甜的咖啡。 這家特色咖啡館遠離繁忙的中山路，讓您可以恢復精力或遠離繁忙的街頭美食，休息片刻。復古的木質裝飾為您提供輕鬆的氛圍，讓您可以享用咖啡。如果你喜歡咖啡，老闆會親自烘焙咖啡豆，從混合咖啡豆到各種單一產地的咖啡豆。如果你在城裡，這絕對是一個值得去看看的地方。"
782,"巷子內稍微不明顯，
附近有停車場，
店內是近十人位子的小店， … 難停車以外，從餐點、環境、店狗全部都很棒☺️"
783,很棒的咖啡館，咖啡好喝，蛋糕更棒。我們點了一塊熱騰騰的莓果塔（見最後一張照片），奶油味十足，鬆軟可口。咖啡館的兩位主人——一對毛茸茸的黑白貓咪，哈哈——在室內。它們會熱情地擁抱任何對它們同樣熱情的人。服務熱情友善。 服務人員態度超棒！整體環境也很精緻、特別，看得出來下了不少功夫，連盤子也很特別！餐點也非常美味。
784,布丁是適合大人的口味，草莓蛋糕非常好吃，餐具賞心悅目，主理人會關心我們對食物的感想，尊重每個人對於口味的好惡習慣。選用的陶瓷餐具都是藝術家的作品，裝盛美麗的甜點很有儀式感，是美好的下午茶體驗，會想再訪。 老闆美 兩隻小員工可愛 甜點咖啡💯 …
785,"咖啡是少見的拉霸機拉出來的
味道水準之上
室內空間舒服 … 總評兩顆星，三顆給裝潢，兩顆給狗狗貓貓，食物扣三顆星。
整體食物飽足感夠，味道像極了早餐店進貨，以及costco 販賣的微波食品，價格超貴。
整場最好吃的是白開水，純淨的水，好喝的水 …"
786,老闆娘人很好，咖啡不錯 CP值高，豆子很香！
787,走完白雲步道，午餐在慶豐麵店解決，意外在附近找到「若水生活」，有我喜歡的肉桂捲，跟金萱烏龍很搭，店裡有很多書跟植物，不錯的店👍 … 有特色的小店👍 …
788,"好粗！ 雖然門口沒有方便的停車位，但是會協助引導至方便的停車格～
進門被滿滿的蕨類植物包圍，眼睛瞬間被淨化👀（重點是都照顧的很好～～
早午餐拼盤份量很足夠，並且非常好吃😋 …"
789,"每道菜都好吃呦~~~ 當天點的是打拋豬套餐，套餐內容很豐富，份量也很足，可以依自己的口味選擇辣或不辣，套餐的餐點都很好吃，沒有雷點👍👍👍。
另外盛飯的容器也很特別，是用灶鍋造型的容器，上餐速度算快，不用等很久（可能是因為服務生有先問是否要訂有飯的餐點）。
可以先線上訂位就不用等囉~~~ …"
790,好吃 讚
791,"很棒的空間
讓人很放鬆
可愛的鬆餅必點 … 神秘的小店
老闆是一個很厲害的神秘人物哦
有時間的話和老闆聊聊天會有很多收穫"
792,"真的超好吃！吃了一桌，還買了一大袋回家❤️
下次一定再回訪！！！！ 點了蛤蜊青醬義大利麵&泰奶
青醬奶味很足夠很好吃
泰奶味道很夠不會死甜大推❤️ …"
793,好吃，推 改了菜單，有點失望
794,美食佳餚，氣氛極佳 這裡環境非常安靜舒適，是享用咖啡和蛋糕的好去處。他們的索阿維咖啡清爽可口，別具風味，與普通咖啡截然不同。推薦來花蓮旅遊時來這裡看看。
795,"先說結論：非常適合讀書的環境！很安靜🌟
🔌有插座（有些位置沒有）
⭕️低消一杯飲料 … 🔌提供插座
☕️低消一杯飲品or $130
焙茶拿鐵很大杯！焙茶味很重 喜歡😍 …"
796,"婦女節咖啡聚，來到海岸路新開的咖啡館，咖啡不錯喝，價格也合理，老闆自製的蛋糕🍰，搭配手沖咖啡，再加上輕音樂，高寓咖啡真是愉快下午茶的首選！ … 在家附近第一次來，老闆感覺是遇見生人會害羞但生性搞笑的人。
今天點他兩樣甜點都很不錯，內餡有麻糬的口味令人意外，很適合配上熱茶或咖啡"
797,"還沒進店前就有超客氣的人員接待真的不敢相信(然後店員都漂亮帥氣、認真說)，進店穿過走廊就到了摩洛哥區，視覺嗅覺聽覺都很舒服。
裝潢風格俐落漂亮、室內香氛不讓人眩暈、播的音樂頻率都很舒服好聽。餐點又好吃！度過一個超級美好的下午。
明明是星期天、幸運客人不多可以待超過90分鐘真的太幸福了☺️ … 過年有開、有幸跟朋友來踩點。很久沒吃到優秀漂亮的可麗露了。每個甜點都好吃，不會有誰搶過誰的風頭🧁 …"
798,"隱身在住宅區後方
清幽環境及舒適的內部裝潢加音樂讓人感到放鬆
親切的老闆 … 每年到花蓮旅行必定造訪的店家，好喜歡好。咖啡的每種餐食，今天點了鬆餅、比薩、肋排、咖啡跟燕麥奶都好好食啊！
另外，親子友善空間也是咖啡店讓我感動、堅持每年來的原因，不過身為帶小孩的一份子還是希望大家有公德心，讓咖啡店的客人有個安靜、舒適的環境唷！"
799,"風味茶跟風味鮮奶茶很有特色，舒服！
桃子風味鮮奶茶永遠喝著❤️ 體驗總結：低品德店家，服務體驗極差，店家難接受負評且易糾結。給予消費回饋，店家積極解釋並模糊焦點，也刻意提及客人的個人資訊，低品德行為，經不起真實評論。

1.請勿以「能公布監視器佐證」作為假冒清白的話術! …"
800,"貓咪很可愛，環境很適合放鬆(*¯︶¯*) 甜點很有特色！！
可麗露外層酥脆內部濕潤，抹茶味充斥整個鼻腔又濃郁。
回烤後的巧克力司康酥脆又不會太乾，很適合搭配一杯美式咖啡。
花生費南雪超級花，根本花生他兒子"
801,"點了冰茶和草莓派，搭起來味道非常和諧。派皮偏軟，但是是喜歡的口感，端上來的時候被草莓的量嚇到……店貓活潑，會跳上竄下，卻都不會干擾到任何人。店內空間不大，但光源充足，所以感覺意外開闊
後來外帶了磅蛋糕，即時是外帶也非常精緻，看上去一眼還以為不小心帶到蒙布朗
唯一要注意的是，這裡偏半開放，要有被蚊蟲叮咬的心理準備 適合拍照。
環境裝潢佳，但整體給人的氣氛不太放鬆
甜點……只能說我沒有很喜歡 環境以白色為基調，客人感覺多以文青為主。咖啡與甜品看上去都是極簡風格，味道表現中上，但如果喜歡看起來豐富感十足的人可能會略感失望。店里只有店主一人忙碌，因此要略等一些時間，今天第一次到訪，店主也很耐心的介紹豆子和甜品……有機會想嘗試檸檬塔 環境清幽，建築設計和光線讓人放鬆，每個部分都能看出用心。
餐點無論主菜和小菜都很用心，即使是自取的水，也切了水果片在裡頭，能喝到水果清甜。黑糖卡布也很香甜，黑糖紮實。
期待再訪，會選擇其他餐點品嚐。 好吃好喝～"
802,"溫馨舒適的木紋裝飾小巧咖啡空間，
很適合來此放鬆或與三五好友相約聚會點。
老闆用心烹煮咖啡， … 很自在舒服安靜的環境，
點了手沖肯亞咖啡，
桂花香氣濃郁，咖啡放涼風味也很棒；）
很適合一個人的me time!!!"
803,在時尚輕鬆的氛圍中享用美味的咖啡和美食。工作人員的態度比較冷淡，但也不至於不友善。一些評論指出，食物花了很長時間才送達。雖然等待時間對我來說還可以，但我是在工作日早上來的，所以一點也不忙，而且準備工作仍然花了相當長的時間。我可以想像，當這個地方擠滿了人時，你寧願避開這個地方。哦，但我不應該忘記，你真的應該嘗試他們的黃油，裡面有一些香草和水果，而且超級香，幾乎讓我想起了自製的榅桲黃油麵包。 員工友善，食物不錯，裝潢別緻。
804,很有趣的地方。推薦在花蓮的外國人來參觀。 我喜歡這個地方。食物、咖啡和氣氛都很棒。選擇也很多。
805,"乾淨整潔，空間寬敞！
整體設計很舒服！
安娜吐司非常好吃👍 … 裝潢得很美，適合打卡拍照，咖啡好喝👍
櫃檯前面兩桌的椅子不太好坐
燕麥拿鐵160元非常好喝👍大推 … 很棒！ 餐點好吃 老闆很專業而且親切，咖啡豆子種類非常多，都是親自烘焙的，店雖然小但是很溫馨，裡面有很多古典古董家飾，值得你來！ 環境優美，音樂高雅，讓人放鬆！
餐點好吃，CP值很高😍 … 餐點精緻
咖啡好喝💕 …"
806,"很喜歡的咖啡廳，有停車場，有好吃的鬆餅，濃郁的咖啡與舒服的環境～超推！ 很棒的咖啡廳，餐點飲料優質，服務親切，
沙發好坐，空間氣氛舒適～"
807,餐點蠻健康營養的，環境寬敞清幽，讓人感到放鬆，唯一缺點是價格有點高。 溫馨愜意的地方～老闆很親切、咖啡好喝。
808,"少了一本書，可有可無的小遺憾。^^ 來了又去，巧遇。
咖啡饕客擦肩陶友，
霎時，
漫起靜氛圍繞，沉心。"
809,這條僻靜的小街上瀰漫著濃鬱的摩洛哥風情。咖啡香醇，氣氛溫馨。是消磨午後時光的絕佳去處。 很棒的咖啡館，空間舒適，還有自己的停車場。我點的冰奶茶和其他地方的完全不一樣，一半是鮮奶，一半是茶，感覺就像喝了兩杯不同的飲料。強烈推薦。
810,巴拿馬 翡翠莊園 手沖 好喝 必吃5星好店
811,"寬敞舒適的空間
咖啡香濃又不刮胃
值得推薦 好吃 新奇 又好玩"
812,"隱藏版的咖啡店
很多隱藏版的美味⋯ 位在小巷內-巷子內才知道的小店
氣氛跟咖啡都不錯，
適合閨蜜好友一起，
每個位置都有自己的特色。"
813,"這邊的咖啡都是老闆自己烘豆在用義式咖啡機沖泡出飲品給消費客人品嚐
店家很小，座位區只有兩組桌椅，是家迷你店面來的😊 … 手沖很棒，人員服務很周到，裡面環境很異域風情，外觀很明亮，另外還有潛水/浮潛相關課程，會值得再來消費的地方
可惜假期太短，不然我就手沖直接報名浮潛課程"
814,"大推鬆餅!!!! 心目中第一好吃的鬆餅~
口感很特別~ 裝潢也很用心!!
老闆也很熱情~~ <3 牛排配菜用心，cp值普通。焗烤飯分量不大但料很多。鬆餅有創意，分量紮實建議2人以上分食。"
815,"這次跑到美崙來探索，初次造訪科雷，喜歡他們大片的落地窗，店內空間寬敞，座椅軟硬高度適中，最喜歡也驚喜的是店內的桌子居然是升降桌 ，座位旁也都附有插座。

帶本書、或數位遊牧工作，或放空，相信Chill到不行。 … 點了一杯季節限定的「秋橙咖啡」，有點西西里風味的翻版（檸檬vs柑橘類)，是好喝的；點心是對半切，餡料豐富、實在，還有付兩小球水果味冰沙，解膩。推薦+1😊 …"
816,好喝順口的咖啡，晚上品嚐不會睡不著（個人感受），店裡有很多老闆的古董家具收藏 一定要來的店  東西好吃  裝潢北非風❤️
817,"進店內剛好剩吧台，坐在離貓咪最近的位置☺️而且米糕好親人，會主動接近人討摸摸很可愛。

鬆餅很好吃，竹炭鬆餅很推👍很愜意的貓咪咖啡廳，適合下午來坐坐。 … 平常來都有訂位的，海景佳，最讓我印象深刻就是這個德國豬腳了！！！必點項目，他的外皮酥脆有嚼勁，肉本身有非常軟嫩，不會柴，真的好吃！其餘可以點些羊奶咖啡、餅乾什麼的，都是他們家的特色 店內有些昏暗，單價偏高，但飲品點心有在水準之上，是不錯的下午茶去處。 很漂亮的咖啡廳，整個裝潢有一種復古美式風，而且店面面積真的超大！後門出去有整個大庭院，養著幾隻可愛的動物～廁所要繞過後院才可以，剛好在庭院散步一下，滿漂亮的～
餐點及飲料種類非常多，有沙拉、米食、輕食、甜點等，這次點了雙倍起司火腿熱壓吐司，份量很剛好，起司真的超濃厚，吐司咬起來很酥脆，而且熱熱的，吃起來真的很美味～但餐點普遍價格偏高，大約落在300-400左右。 … 這次已經是不知道第幾次回訪了，有明顯感覺比四五年前的餐點，更上一層的水準。這次點小梅子醬燒雞，雞肉軟嫩，配菜也好吃。
如果不吃正餐，一定要點舒芙蕾！！！他們家的真的超好吃，很大盤，吃下去入口即化，鬆軟綿密，一口接一口⋯還有三種調味你自己搭配 店內環境寬敞、舒適，裝潢很用心別緻，這次去的時候有兩隻貓一隻狗在周圍晃來晃去好可愛，偶爾也會來蹭蹭！
在那邊可以一邊享用餐點，一邊看影片（有投影幕）或是用電腦都是很不錯的選擇，一下子午後就不見了！真的很愜意！ 義大利麵奶香足，松露薯條好吃，松阪豬套餐肉質很嫩，調理十分不錯，只可惜份量較少單價高。"
818,定食好好吃啊啊啊！ 環境乾淨整潔，音樂也很有氣氛，今天甜點只有藍莓乳酪，老闆手作的很好吃不會太甜，拿鐵我也很喜歡，只是有些品項可能沒有，老闆也會選相似的推薦給你，整體來說，很值得來一趟！ 環境很舒服，很適合辦公的咖啡廳，店內氣氛很好，音樂很好聽，老闆很健談很有趣
819,鮮蝦沙拉飯好吃😋 … 看到介紹特別來的，沒想到週六不營業，撲空。如果你是平日需要上班的人，可以把這間從名單刪除了，上班族喝不到喔～
820,感謝在此美好環境，度過不想離開現場的幸福午后！主理人經營空間的眼光與生活故事，滋養了拜訪者的生命！餘韻繚繞，後勁十足！力推質感出眾的人客來坐坐！ 令人愉快得不得了的空間！放鬆到直接打盹！
821,"新的鹹食燉飯小丸子 很厲害 有專業 👍
蛋糕飲料一樣維持正常的水準 … 非常適合喜歡安靜的人
餐點餐具都很精緻
一人作業 可以點隔壁的和菓子一起用❤️"
822,"從國中喝到現在
即使人不在花蓮了
每次回花蓮都會來喝☕️ … 好吃 100分的肉桂捲💖 …"
823,"老闆一首歌(aiscream)可以從開店聽到打烊，我
想給六顆星都不行 好吃！"
824,"食物不錯

飲料還可以 … 支持花蓮在地小農，咖啡好喝！"
825,"人員親切且講解很詳細。
推薦大家可以到餐廳內用，享受舒適的環境。 咖啡好喝～"
826,目前心目中論餐點、飲品、氣氛第一名的咖啡廳，超推！ 服務親切、環境清幽、餐點簡單好吃，是個可安靜閱讀沉澱的好地方～
827,環境舒服，咖啡滿特別的，甜點也不錯。 精緻的甜點，潤口的咖啡，可愛的貓咪，輕鬆自在的氛圍感，熱情的女主人，推薦到這裡，享受自在的片刻。 環境寬敞舒適，佈置精巧，菜單選項很多！漢堡料多實在，鴨胸義大利麵尚可，價格合理！整體來說是讓人放鬆吃飯的好地方！ 咖啡、花茶、甜點都很精緻，環境很舒服、清幽。 環境佈置很好看，開水有一些水果還蠻特別的！餐點普通無吸引特點，舒芙蕾要下午2點才能點，下次再來吃吃看！
828,"空間很舒服～餐點都很不錯！
紅柴蜂蜜冰紅茶的茶味很香 特別喜歡🫶🏻
鮮奶茶的味道偏淡 但也很好喝 … 去過一次就被列入我的愛店名單了😻 …"
829,"位於七星潭旁.一間很有氣氛的咖啡店.店內安靜.因為吃飽了所以點了磅蛋糕跟布丁.咖啡濃郁很適合喜歡濃一點的人.到七星潭看風景可以順便來喝喝咖啡享受下午茶。 有後花園的咖啡廳、還養了可愛的雞、餐點美味新鮮、咖啡香濃好喝、環境乾淨整潔. 甜點不甜膩.蒙布朗好好吃.日式風格設計.燈光昏暗氣氛佳.飲品也還行.下午茶好選擇.建議先訂位.用餐時間1.5小時。 很好吃 餐點整體看起來豐盛、雞肉跟牛排很嫩調味有香料淡淡的香氣、很好吃、舒肥鮭魚個人覺得普通、生菜沙拉調味很清爽不膩、墨魚麵也還不錯、只是吃完嘴黑黑、環境空間不大、午餐用餐時間人多、可以提前預約、咖啡也算ok、服務很好、值得再去用餐 生意很好、需要提早預約才可以吃的到、
餐點都很好吃、舒芙蕾綿密好吃、不會太甜"
830,服務和員工都很棒！ 咖啡很棒，氣氛很好，員工非常友好。還會再來。
831,"以份量來說價位雖然偏高一點點🤏
但是很好吃，我有吃光
出餐速度比較慢 … 翻新後第一次來，整體感覺變很簡潔
甜不辣還是一樣超好吃🤤🤤 …"
832,"松阪豬用麻油煎非常香。食材吃得出來不僅新鮮，處理也很用心，歐巴吃得出微酸感和發酵的氣味，軟硬度也很親民。
咖啡粉和檸檬片赤砂也很驚豔，檸檬皮比預料中好咬碎，三者在口中融合蠻美妙的。 空間可愛舒適，單品選擇豐富，老闆說歐洲式烘焙比較不酸，但今天Kurume的酸感（或程度）是我最喜歡的，那種接在苦之後很快能感受到的酸。仔細想想，三支都恰到好處的順口，我甚至忘記自己常常要求水粉比要1：13才會感到過癮的習慣。 …"
833,"好吃 環境懷舊復古，
餐點好吃，
店貓超可愛😁 …"
834,風景優美 餐點好吃 好吃
835,"照片看起來很大但實際蠻小的
日式懷舊風格很像一秒到日本很喜歡
這天去點了昭和之心跟咖啡凍 … 薯條是美式脆薯
螺旋皮酥皮濃湯很好喝
整家店的氣氛很像以前的泡沫紅茶店 … 晚上臨時想買蛋糕慶生 剛好在民宿附近有找到你們🥺
蛋糕非常好吃 可惜我們是去花蓮玩的 以後有機會會再來回訪的！❤️ …"
836,栗子甜點好好吃 好吃
837,好喜歡他們家的深山跟窗外，闆娘賞心悅目 好吃
838,"小小的很溫馨～
缺點位置不多！
店貓很可愛～～ … 單品咖啡種類充足，自焙咖啡豆高品質，很安靜也很放鬆的環境，很有味道的復古咖啡廳，有兩隻店貓很可愛很親人，要不是住台北，否則真想天天賴在這不走！ 餐點好吃，店裡的貓貓超可愛 下雨天不想騎車四處跑，
朋友說要找間咖啡廳耍廢
但要咖啡好喝的地方， … 裝潢不錯，吃氣氛的，食物非常普通，用餐限2小時，樓下評論洗好兇。 一家非常棒的咖啡館，咖啡和蛋糕都很好喝。 好好喝喔"
839,舒芙蕾很鬆軟，唯一缺點是價格稍高，但用餐環境很美，非常適合拍照! 義大利麵屬於較扁的麵條，很有嚼勁與口感！
840,美味 餐點美味，咖啡超好喝 特殊 氣氛很棒 咖啡好喝，服務親切 目前喝過最棒的咖啡
841,"老闆專業的烘豆技術，讓每一口咖啡都有精彩的風味👍 … 單看照片依舊能回味當時的體驗
環境很舒服氣氛很好
食物也是讓人讚不絕口 … 手沖咖啡好喝，肉桂卷也超好吃~"
842,氣氛好/咖啡好好喝/店員很🆒！ … 氣氛好，改裝後裝潢很有特色，有遊戲機可以玩
843,"非常棒！ 美式咖啡+威士忌巴斯克蛋糕
每次來都要來坐坐
喝咖啡的好地方"
844,"身為花蓮人總是路過，一直沒來過驚奇咖啡，在店家重新裝潢後才來訪，餐點都非常美味，而且上餐速度很快
最推薦麻糬鬆餅，這次回訪就是為了鬆餅而來，是一吃驚艷、吃完會想念的味道
義大利麵的麵體是扁寬型，份量偏多，今天幫朋友慶生，兩個人點了主食加一份鬆餅才760，cp值很高✨朋友吃素，這邊提供的鍋邊素料理也很好吃唷！🪿🤍
服務人員態度很親切，店貓超級親人可愛😻 … 餐點真的非！常！好！吃！環境也很舒適可愛
我不知道原來花蓮的咖啡廳有這麼好吃的蛋糕🥹以前沒吃過不知道 原來離我這麼近～～下次還會再來 老闆和老闆娘都好親切！還好老闆貼心告訴我要趕快攪拌我的摩卡咖啡我差點就喝不到好喝的完整咖啡了😆😆！唯一不好意思的是跟朋友在店裡實在太吵了 久違的見面 不小心沒有克制音量 謝謝老闆娘跟老闆都很包容我們💗 …"
845,"老闆超有趣（還很帥）！
反文化統戰！ 真是太棒了！廚房週二休息，所以我們只品嚐了飲料。羊奶拿鐵非常美味。可以欣賞海景，服務員訓練有素。 老闆很風趣很健談，主要還是咖啡不錯，環境也舒適。推一個"
846,"深夜的好去處，乙定是大拇哥 這家店就簡單分享一下心得
1.  賣景點說真的，還好
2.  價格偏高，我點四杯飲品就700 多了，其它我不敢想。而且當時原本想點餐，但經詢問後餐點品項缺的零零落落，心情都冷掉了。 …"
847,店內座位比較少 裝潢特別 非常有氣氛的地方 甜點真材實料但比較沒有那麼甜 適合怕甜的人吃 吃起來很健康 驚奇的牛排真的不錯吃 每次來都會點 回訪無數次 值得推薦朋友聊天聚會的店
848,質感與舒適的環境，咖啡也十分講究，極度推薦👍 … 冷氣有點弱，其他都很棒 空間很舒服，餐點很講究，味道很棒，相當用心的店家
849,"可愛小店
位置不大但很溫馨漂亮
淺焙的手沖咖啡蠻喜歡的 … 原野牧場是可以接受訂位的，這天到訪已事先預約窗景桌，低消只要一杯飲料，點杯飲料就可以坐下來欣賞海景度過悠閒的下午茶時光

點了招牌原野羊奶咖啡和羊奶拿鐵各一杯，均附贈羊奶藍紋起司手工餅乾一片，點完餐服務人員會詢問敢不敢喝羊奶，不敢喝羊奶的人也可更換牛奶或燕麥奶 … 今天點了雞腿捲拼盤跟百搭焦香咖啡配拿鐵，個人覺得餐點份量很夠，一進去服務人員很親切的介紹餐點，感受很棒；但餐點部分覺得沙拉的口感不夠清爽，油醋（不確定是不是油醋？）感覺有點多，雞腿跟餐包的醬吃到後面有點膩，個人的小小建議 希望餐包可以做選擇，例如加價換成切片的歐式麵包（雜糧或是堅果那種），值得一提的是拿鐵很好喝，咖啡豆跟鮮奶的味道配合的很好，很香很醇。"
850,"店員非常健談可愛幽默帥
美崙山下智久 溫馨的小咖啡店！咖啡香氣十足很順口，還點了平時比較少見的煙燻紅椒牛肉三明治，料很多也好吃！$70 的堅果沙拉也很讚

空間佈置的很舒適，還有一些書可以看，適合午後來打發時間～ 有淺焙豆的選項，做冰拿鐵很好喝！第一次來就感到驚艷！"
851,環境清幽，餐食精緻 單品咖啡太淡失去味道，點心酥脆 隱身在小巷中，開車可以停在外面，店裡的貓咪超可愛，手沖耶加雪菲咖啡帶點微微的果酸，奶茶帶有草香味道很特殊，水果茶酸酸甜甜的，值得推薦 麻糬鬆餅口感Q彈，酥皮濃湯酥皮香脆，雞腿排肉質滑嫩，環境清幽，裝潢處處可見巧思！
852,"手沖咖啡層次分明 果香濃郁. 老闆還會分享其他客人點的試喝杯.提拉米蘇酒香明顯 香氣十足不膩口 肉桂卷和可麗露完完全全深得我心
<3太好吃了~是幸福的味道 老闆親切，場地又舒服，重點是每一款豆子都非常有特色，歡迎大家來花蓮玩時，都可以來喝一杯咖啡☕️。"
853,老闆娘親切，咖啡好喝 超過一百分
854,"高中回憶之一，雖然重新裝潢過，不過餐點還是一樣很不錯。多了可愛的貓咪跟公仔、遊戲機及漫畫書。
蠻像餐酒館的，不過價位不會太高。
美中不足的是只能付現，這年頭會隨時備有現金的人真的越來越少，希望之後可以電子支付或刷卡。 恬靜又舒適地方，座位不多，想看貓貓要靠緣分🤣

🍶伯爵奶茶很順口，奶泡綿密，甜度也很適中，很推薦搭配甜點一起飲用。 … 咖啡好喝，又可以看貓貓 在廟口紅茶及豪華戲院兩條路的交叉口，附近的人行道雖然重新規劃了，但大多建築因為是住家，還是一保有當年的樣子。
純白翻新的建築在一片古色古香之中卻不會很突兀。 …"
855,這裡很不錯👍因爲有很多很驚喜的東西！很適合聊天的地方！餐還可以🐶也很可愛❤️ … 從外觀角度來看好小一間！裡面裝飾走文青路線！舒適度還好！開水一壼裡面是水果檸檬水😃餐點色香味俱全！甜點舒芙蕾是店裏的名氣點心之一😋綿密的口感在舌尖融化好吃極了😋這邊也很好停車對面有付費停車空間👍 …
856,"氣氛很好卻比較貴 氣氛很好。

座位上的很多沙發都破了，坐起來很硌。 …"
857,"飲料很好喝，甜點也很好吃！！
二樓要拖鞋子，但空間很舒服！ 現泡茶飲，價格實惠。熱飲的杯子很好看，處處可以感覺得出來店家的用心！ 甜點好吃，飲料好喝"
858,風格特別，咖啡好喝。 佈置非常特別，餐點也好吃，蒸籠裡的草莓麻糬鬆餅鬆軟酸甜，非常推薦！
859,"三明治是好吃的
但飲料可以有很大的進步空間……
而且想點的都不能調甜度……☹
對不嗜甜的我們有點苦惱 現場登記人數在指定時間回來入坐。每人低消150。飲料選項不多，以抹茶跟咖啡為主。甜點昭和之心跟蒙布朗必點，都是招牌點心。菜單說昭和之心是泡芙，但口感酥脆內餡混合焙茶+榛果。馬斯卡彭蛋糕依季節有不同口味，現在剛好遇到草莓季。 義大利麵跟燉飯還不錯
我們比較常點外送的
上一次的鴨胸只有三片，這次比較多片了，不知道標準在哪怎麼兩次不一樣哈哈哈
附的紅茶跟以前的喝起來味道不一樣，總覺得有種“黏土味”喝起來很奇怪 寵物友善先加分 很舒服寬敞的環境 會讓人想待很久 服務也很好 唯一可惜一直會有電鈴啾啾聲"
860,"走進店裡簡單乾淨又有一些小細節等待你發現，老闆親切的微笑打招呼～點了杯美式和草莓泡芙，超大杯和超大顆非常的滿足🤣
美式偏濃，剛好是我喜歡的口味❤️草莓泡芙的草莓吃起來非常的新鮮！老闆說是在試營運，大家可以來支持新的店家～ … 環境真的是一級棒
一進來就像是來到樹洞一樣
有種安定人心的效果 …"
861,位在小巷子裡的一間店，入口有些小清新的風格，還立著一塊小站牌，是會讓人一眼注意到的巷口，從巷口慢慢走近店門，有種柳暗花明又一村的感覺。服務生的態度很好，店內氣氛不錯，裝潢別緻有質感，且備有三種水可以自助取用，除了一般的水之外，還有香草水和水果水，味道清爽特別，個人很喜歡，餐點部分外觀讓人食指大動，味道則很家常、還可以，倒是舒芙蕾味道和口感都很不錯，可惜雖然菜單列了兩三種口味，但其實只有提供蜂蜜香草冰淇淋口味。若要找地方聚餐約會喝喝下午茶，那麼這裡是個不錯的選擇。 空間不大、座位不多，店內有兩隻可愛親人的貓咪，甜點好吃、咖啡好喝，有機會一定會再回訪。 店門口沒有明顯招牌，位於路口的轉角處，打開門後可以感受到屋內悠閒的氣氛，開放式廚房看起來整潔且有條不紊、店員很親切且店內似乎不提供拋棄式餐具，座位不算多，除了一般座位之外還有一組藤編的沙發座位，雖然沙發與桌子高度較低用餐比較不方便，不過座位很舒適，另外牆面上擺放了書籍和雜誌可以閱讀，早午餐供應至下午兩點，餐點的味道簡單可口，尤其推薦甜點，當天點了藍莓生乳酪蛋糕和酒香鮮奶油巧克力帕芙洛娃佐莓果，兩款甜點的口感大相逕庭，一為入口即化，另一款則是蛋白霜像餅乾一樣的口感，唯一相同的是兩款甜點上所佐的酸酸甜甜莓果醬，跟兩者都搭配得很好。如果想要度過一段悠閒的時光，這個地方值得一訪。 店內有很多特別的小擺飾，還養有一隻貓和一隻狗，氣氛還不錯。餐點也不錯，但可惜有遇到店家飯不夠，所以無法供應限量的套餐，但是推薦嘗試它的鬆餅，中間包有兩種不同口味的麻糬，原味及黑糖，很可口。二訪吃到套餐，內容豐富多樣，看起來不多但其實滿飽的。
862,鬆餅好吃😋😋😋 … 好吃，氣氛佳，但價格偏貴
863,"有焦糖和肉桂香的蘋果，搭配鮮奶油和冰淇淋，真的好好吃♥️ 店內氣氛很好，沒有用餐時限，推推 店員人很好，離開買一下周氏蒸餃，有等回座之後才現沖咖啡，很貼心。
提拉米蘇好吃，是手指餅乾版本。"
864,鬆餅超級厲害欸~吉安真的不好找類似風格的店家!咖啡也好喝啊！下回要嘗試餐點類~ 鬆餅好吃，金箔是同事自己從加賀屋買來灑的，立刻浮誇變身~~
865,昭和之心 皮薄脆，餡不甜膩，搭配一杯手沖咖啡☕️ 絶搭👍👍👍 … 有貓咪94讚👍🏻 …
866,"氣氛舒服、飲品用心的好店家，喝咖啡閒聊放空的好去處。 景很棒
但消費頗高 舉辦非常多的人文活動
食物、氣氛均佳 好喝咖啡，來這裡準沒錯。"
867,"🐐 原野牧場｜羊奶飲品分享

這次在 原野牧場 點了兩杯人氣羊奶飲品，整體體驗滿特別的，很適合喜歡嘗鮮或注重天然乳品的人。 … 實季。Seedson café 是花蓮深受喜愛的咖啡廳之一，以 當季食材、質感甜點與精緻飲品 為主，環境風格溫暖有設計感，很適合放慢節奏享受一頓下午茶或早午餐。 … 坡上餐廳營造一種靜謐雅緻的用餐氛圍，店內裝潢極具格調，部分座位採用脫鞋席地而坐的風格，增添了居家溫馨感，也很適合喜歡貼地用餐的客人。這樣的布局也帶來更舒適的近距離互動與聊天體驗。 …"
868,"環境：天然海景，真的美的沒話說，很值得在這裡放鬆看海景。
乾淨度：整個餐廳都很乾淨、廁所也是。
餐點： … 很棒的用餐經驗！肉桂卷讓我驚艷，吃了後立馬外帶分享給朋友，幸福的一餐。"
869,店家位置很好，可以看海，餐點的部分推米布丁，飲料大都以羊奶為基地，個人覺得羊味蠻重的。 環境很好，店內座位不多，狗狗很可愛，司康口感很好👍 …
870,"無敵海景,店家親切,店狗好可愛 一分完全是給景🥹~~~,點餐方式非常奇怪建議要來吃正餐的人不要選擇這邊,有更好的選擇的！只有飲料可以抵抵銷,想要吃飯的我們硬是還要點兩杯飲品,也不是非常的好喝,只能說得上羊奶很特別,最後折衷只點了一份餐點,還好豬腳還不錯救了你們,不然真的會生氣😭😭這樣消費方式非常的不苟同,可以改名叫原野咖啡廳會好一點？！😃單純想喝杯東西的人可以來！特別訂位的意義可能只有這片景色吧！蠻失望的,且價位不低 …"
871,"燉羊膝非常好吃。骨肉分離，肉燉的很好。記得跟店員拿吸管吸骨髓。
吹著冷氣看著海平面好療癒 來花蓮多次一直沒機會來用餐。這次有記得預約。
舒芙蕾非常好吃，雞蛋的香味很足，搭配中澤奶油，超級滿足。
中間有個像蒙布朗的是豆沙，下面有冰淇淋，另位有給龍眼蜂蜜。
我自己最喜歡的就是中澤奶油，是可以一來再來的小店"
872,"好吃！！！環境乾淨舒適 用餐環境全花蓮第一名🙌🏻
餐點好吃～松露薯條超大份
主打羊奶系列飲品喜歡就喜歡
不喜歡有別的選擇！ … 花蓮超讚咖啡廳！
深夜聊天好地方🤍 … 超好吃的鬆餅！
花蓮晚上有這種店咖啡廳、酒吧很幸福☺️"
873,"夏日情懷，我來到花蓮七星潭原野牧場是一個結合了海景、咖啡廳和親子的特色場所。 它被形容為一間位於太平洋旁的白色玻璃屋，提供令人放鬆的海景咖啡廳氛圍。 室內裝潢以木質系和藤編元素為主，營造出森林系的風格，並設有多種座位區，包括窗邊搖滾區和角落區。 除了用餐，這裡還能讓遊客直接走向大海，感受海風，是一個適合放鬆身心和享受美食的好地方。 … 浪慢咖啡~夢幻海景咖啡廳，隱身在台11線海景第一排，，花蓮海洋公園附近有一間超美的海景咖啡廳-浪慢咖啡，這裡擁有一整排夢幻海景座位，低消只要每人一份餐點或飲品就可以讓你擁有180絕美無敵海景，來到這裡請你一定要放慢腳步，好好聽海的聲音，好好享用美食，好好放鬆一下，眼前就是一望無際太平洋，在此享受最Chill的海邊時光，無敵海景讓人心曠神怡
2025/06/11浪慢咖啡【花蓮縣壽豐鄉大橋24-2號】"
874,貓咪們超級可愛～店面小小的但很溫馨舒適，下午來喝杯咖啡看貓咪很療癒🩵 … 本來是為了撸貓，但生意非常好沒預約沒位置，後來吃完飯想說來外帶回飯店吃順便擼貓，貓咪是真的超親人可愛，沒想到外帶回去的麻糬鬆餅超級好吃！有機會會想再來吃看看別的餐點如何～
875,"超愛散步的肉桂捲
風味濃郁又不甜膩
適合大人與小孩～ … 很讚的咖啡店
非常free
做的咖啡也很棒～最厲害的是他也有很棒的甜點哦
空間也很舒服😌 … 裝潢100分
甜點與內容100分
很搭配的感覺♥️♥️♥️ 原野牧場位於花蓮七星潭，是一家擁有太平洋景觀的絕佳餐廳。這裡的主餐由燒烤專業的主廚設計，讓每一道菜餚都充滿了精緻與美味。尤其是他們的羊膝料理，更是令人驚豔。羊奶咖啡的口感濃郁順滑，搭配上獨特的香氣，讓人一試成主顧。除此之外，他們的羊奶蛋糕也是不可錯過的甜點，口感細膩，甜而不膩，是餐後完美的收尾。 … 超棒的高寓咖啡就坐落在海安路上一個靜謐的角落，1樓的空間改成了非常舒適的咖啡廳空間。相當多元的規劃，有吧台區，有兩人座四人座的區域，還有沙發區。
老闆一人獨自顧店，但是品項非常的多，有義式咖啡，手沖咖啡，因為只有一個人製作，所以需要比較多的時間，來客量大一點的時候需要細心等待。而上餐的品質絕對值得您等候～ … ⭐️⭐️⭐️⭐️⭐️ …"
876,好美的景觀，用餐環境超級舒適，餐點也很有特色。值得再來。 這是充滿文藝氣息的餐廳及咖啡館，很適合談話，寫作，聊天。有時候也可以得知花蓮地區藝文活動訊及索票。更令人驚訝的是，服務人員不止很親切細心，竟然還記得我常點的餐點及用餐習慣，讓我好感動。
877,"司康好吃😋
店員可愛🥺
環境舒適😍 … 羊奶吐司、羊奶起司蛋糕都不錯！室內環境規劃蠻好，搭配海景讓人很放鬆。飲品和點心類都是單點的，價格偏高，還收取10%服務費，但叉子是我們自己去索取的，服務的細節有點可惜。"
878,很不錯的地方，很舒適，適合和朋友一起度過美好時光。 點羊奶拿鐵、松露牛肉三明治套餐。羊奶拿鐵喝起來有淡淡一點羊腥的味道，還好咖啡是有壓過羊奶的腥味，入口順滑好喝。松露牛肉三明治套餐，先上前菜，吃起來麵包酥脆，沙拉口感新鮮美味；濃湯料多，喝起來非常濃郁；松露牛肉三明治撘配鬆軟適中軟法，配上煎的剛好的牛肉片，加一點松露醬，一口咬下，很驚艷。這次的爐烤牛肉要點沒有了，下次來花蓮，這裡的靠窗位置，需要事先預約，松露牛肉三明治套餐會放入口袋名單，如果有爐烤牛肉一樣會嚐鮮。
879,"距離七星潭很近，附近有蠻多民宿或是度假村，走路約8-12分鐘可抵達。內有停車場或是附近沙灘區也有停車場，佔地蠻廣闊的，進門很寬敞，門口就是櫃檯除去櫃檯基本上都是座位區，有透明的玻璃窗可以看海。不過附近很多樹木而且還有電線，風景普通。
餐點多元，有套餐也有單點，店內空間雖然很大但是冷氣有送到各個區域不會很悶，特色羊奶咖啡還不錯，熱的是無糖可以跟服務人員要糖自己調。
牛肉、羊膝、豬腳做的都不錯吃，份量不少建議多人食用，麵包有鬆軟也有富嚼勁的口感，搭配果醬很好吃。濃湯很濃郁也吃的到料，最後搭配甜點很滿足。 搭配海景吹著海風喝咖啡或是飲品是一種享受，純粹就發呆，咖啡廳有一些造景可以拍照，基本上輕食系列，如果想吃點主食有水餃套餐，靠海岸線附近沒什麼可以逛，發呆放鬆的好地點。"
880,"營業時間11：00
下午到店看還是沒有開，快3點才有人在打掃，當天ig有po司康菜單，到店說今天沒有（？）態度還極差，沒司康就不要在那邊說會po當天口味唷！謝謝餒 餐點都好吃
義大利麵醬汁都有巴在麵上，good!
廁所乾淨"
881,"飲品甜點都很棒，店內是部分留白的簡約風格，令人放鬆 這裡的貓貓狗狗都照顧得很好，很親人、很乾淨，食物好吃、熱拿鐵香醇好喝，女兒來這邊看到貓咪好開心！ 隨意點了綠咖哩雞肉飯與椒麻雞肉飯，都很美味。綠咖哩小辣，裡面有雞腿肉、玉米筍等，薑黃飯還可以續，另外大推森林莓果果昔！可惜晚餐時段無供應鬆餅…
服務人員很親切，環境舒適、明亮又美，可以拍網美照，約會聚餐的好選擇! 伯爵鮮奶茶淡淡的茶香與鮮奶融合得恰到好處，無加糖就很～好喝；
可麗露外脆、內Q軟，焦糖味（不確定是不是？）很香😋
隱藏在小巷弄，環境小而美，狗狗可愛，在這裡發呆放空、滑手機又有狗狗撒嬌，真幸福 … 有套餐、有咖啡，還有多肉花園可以逛～
餐點、咖啡都不錯，適合自己靜靜享用、也適合三五好友聚會
大推外帶蛋糕（需提早預訂），4吋葡萄$515，6吋草莓$1300，很漂亮、高質感，鮮奶油清爽、非常好吃，連平時不吃甜點的長輩都忍不住把鮮奶油吃光光 餐點好吃，份量大，當天點的牛肝菌野菇燴雞、漢堡排都非常美味👍
可惜個人味覺敏感，不太能接受招牌羊奶咖啡的羊騷味；
無敵海景，視野非常好、用餐環境及氛圍令人放鬆；
提供兒童椅、兒童餐具、尿布台，但入內用餐需爬約兩層樓高的樓梯，無法推嬰兒車喔 … 內用司康烤的外酥內軟，飲品非常好喝，環境舒服放鬆，還有可愛狗狗
整體來說，司康、飲品、狗狗、環境都非常療癒❤️馬上推薦給同事
店內無提供廁所，有點可惜 溫馨的小店，手工巧克力融入花蓮在地食材，挑上幾顆細細品味，再配上一杯咖啡更是享受! 隱藏在巷弄間的特色小店，熱壓三明治料好實在，吐司軟、生菜新鮮"
882,"位於七星潭的龍宮咖啡廳，整體的木造裝潢有種幽靜的感覺，寧靜的氛圍+咖啡香氣、讓人感覺舒服，來杯現煮的咖啡或熱可可、挑本喜歡的書，可以坐上一個下午。 昭和復古風的日式甜點，許久沒來感覺這次的口味偏甜了！ 看到網友分享這間咖啡廳，完全奔著這三隻可愛的貓咪而來，沒想到他們如此會營業，太會撒嬌太惹人喜愛了、既乾淨又優雅、晤子還能摸到他圓潤的小肚肚、真的太令人驚喜了。
甜點也很好吃，點了橙香乳酪塔和藍莓卡士達塔都很喜歡、而且塔皮是我愛的、是紮實的口感、不會粉粉的散掉，卡士達醬也是甜而不膩、藍莓大顆又甜、搭上外層酥脆內層鬆軟的餅皮，幸福滿點，下次ㄧ定要預定個綜合口味。 位於市中心的後花園「金湯達人」，綠意盎然、就好像有了任意門、一腳踏進了山林裡、彷彿置身在山谷中、小動物圍繞在身邊、有鳥鳴，雞和可愛￼￼￼￼￼￼￼￼￼的兔子、上萬株的多肉￼可欣賞，￼瞬間煩惱抑鬱都隨之消失了￼￼，在這麼溫度高的炎熱夏季，當開啟洗手台的水龍頭、會以為自己在山谷中沖著冰涼的山泉水￼￼￼，好舒暢啊！
餐點當天的飯偏硬，蔬菜的部分有點偏乾，燉牛肉的部分是好吃的很入味，值得推薦。
￼ 七星潭的看海咖啡廳，擁有很棒的看海視野，午後的姊妹下午茶餐聚特別享受，來杯咖啡羊奶、搭配羊奶吐司超級幸福，第一次點羊奶吐司、份量很足、而且軟Q好吃、咀嚼的過程中散發著奶香，熱熱的好好吃、推薦給來訪的朋友必點。 彷彿一秒帶你進入奇幻世界，氣質儒雅的闆娘喜愛收藏來自世界各地的古董「丹麥打字機、留聲機、古董煙盒音樂盒⋯」每一處都是闆娘的巧思、乾燥花、植栽，在這裡除了品嚐一級咖啡還能欣賞畫作及音樂，讓你放鬆身心沉浸在夢幻的國度⋯
在寧靜的午後，來杯手沖的冰滴咖啡、伯恩山犬小公主陪伴在你身旁，美麗的闆娘分享著小故事，就是最幸福的時光⋯⋯。 隱藏在巷弄內的舒芙蕾網美店、很好拍照、餐點也很棒。 店內種植了許多植物及蕨類，讓整體的環境看起來更加舒適，簡單乾淨，份量很足。麵包屬紮實口感，歐姆蛋很滑嫩，好吃😋 … 距離市中心只要不到10分鐘的車程，最美的看海咖啡廳，無敵的海景景觀，超放鬆超療癒。
來過很多次，必點水餃和沙拉土司，真的好吃。
餐點的選擇也非常的多，超適合壓力大的時候來這裡放鬆用餐，咖啡和飲品都不錯。 … 寧靜的原木咖啡廳，裝飾充滿著藝術感，木作與植物花卉，都看得出老闆與老闆娘的用心，在店裡享受慢悠悠的時光，喝著一杯香醇的咖啡￼，搭配一塊美味的戚風蛋糕，還有貓咪的作陪，既幸福又療癒。位於海濱公園旁的「咖啡木」不管晴天或雨天都是最棒的存在，店內桌椅和擺飾都是老闆親手製作，搭上滿滿的植栽做陪襯，舒服又放鬆的空間！ 在日式老屋裡的完美甜點，創意甜點春戀-紅白草莓達克瓦茲&紅白草莓帕菲杯搭上冰涼的西西里咖啡，就是完美的下午茶。
雖然座位不多，但氣氛卻十分融洽，咖啡香氣、甜點甜甜的味道散發在空氣中十分療癒，加上可愛貓咪、親切又美麗的老闆娘，值得推薦。"
883,"離海岸很近很近的浪。慢咖啡～～
可以近距離聽見浪花拍打的聲音❤️
點杯飲料🥤享受一下這片大海🌊 … 離七星潭很近很近！看海很棒🌊
居高咖啡廳可以還看整片海域～
有開放訂位可以預約窗邊位看海景很美 …"
884,"咖啡非常好喝，刺青美女老闆充滿氣質，咖啡店內有種寧靜舒適的氛圍。 舒適的用餐環境 後面有個小花園 位於七星潭南岸的原野牧場🍴

地理位置良好，床邊座位景色非常動人，天空海水都很藍。開進來比較不好會車，有停車場停車方便。服務人員都非常親切，可以用inline網路訂位也很方便。 … 跟Flash Coffee不是同一家！"
885,"空間非常溫馨舒服
畫的配色療癒好看
裡面多是筆電工作的人 非常安靜 … 店家推薦的櫻桃黑啤很不錯，不會太苦又帶了櫻桃香氣，也點了大家推薦的法式吐司，真的很好吃值得一試，布朗尼的巧克力味算濃，也沒有很甜一般人應該會喜歡，但螞蟻人會失望XD，環境很悠閒適合放空 空間不大 小小的很可愛🤎
巴斯克看起來普通 結果會不小心順口到一口一口吃完！
拿鐵超級佛 $80 一杯 不過比較小
用高腳杯裝很酷 但是很怕弄倒😅🥶 … 咖啡好喝，環境乾淨、景色優美，服務人員也親切。 花蓮第一漂亮的咖啡廳🤎
喜歡裡面的花藝與擺件 很多細節好好看
拿鐵也另人驚豔 有特別的香味很清爽！
空間舒適悠閒 … 沒有坐到看海的位置
但看山景也是挺美的🫶🏻 … 環境很漂亮，可惜主餐有點失望，打拋豬偏乾、椒麻雞不道地比較像椒麻唐揚雞，皮厚肉少也有點乾⋯ 醉雞算是最好吃但就是很普通，唯一好吃值得推薦的是鬆餅還有飲品，可以來喝下午茶就行！ 海景無敵
露營椅子也很可愛
整體美感很不錯！ … 海景及狗狗及老闆都是100分
剛好滿足我們家每個人😆 …"
886,"☕️Coffee soda 氣泡綿綿不會刺口，咖啡不會過酸或苦，悶熱的午後飲用，剛剛好的緩解煩躁感❤️
🍮布丁屬於綿密紮實派，焦糖偏苦（對螞蟻人而言）但整體是好吃的！ … ☕️羊奶咖啡味道獨特，第一口令人驚訝說不上好不好喝，但會越喝越順口（不愛羊奶切勿嘗試）
🍞羊奶麵包有嚼勁，淡淡的羊奶香
🥘羊膝味道中規中矩，不是特別的嫩，但也不會過老 …"
887,"建議先打電話問有沒有位置 蛋糕好吃 可以線上預約真的是I人最愛🤣🤣

餐點非常好吃 時間很充裕 有機會一定會回訪 … 非常放鬆的地方 可以帶本書 渡過悠閒的時光 需要先預約比較不需要等

非常幸運的坐到窗邊 風景超好 食物好吃 羊奶拿鐵特別 有時間一定會再訪 餐點好吃 就是需要先找好停車位 餐點好吃 又好停車 還有貓陪吃飯🤣🤣🤣 …"
888,"環境很乾淨 咖啡好喝 老闆娘很親切🥰🥰🥰 … 豬腳烤得很軟嫩，皮脆但比較不是有膠原蛋白的那種口感；
松露薯條炸的酥脆松露味很濃郁；
招牌羊奶咖啡如果不敢喝羊奶的還是換一下奶比較好，入口後羊味會從鼻頭嗆出來😂
羊奶起司蛋糕很可以接受，沒什麼羊味 … 單品咖啡選擇多，品質也很不錯～店貓真是太可愛了"
889,"吃好飽
被舒服雷驚艷到 貓貓很可愛
蛋糕很美味 附圖為
莓果酥粒乳酪塔 與 榛果巧克力塔 … 有低消，先點完餐之後就可以上到二樓
品質控管，給予舒適的下午茶環境
氣氛很好，非常適合拍照，日系風格
肉桂捲好吃，非常喜歡檸檬氣泡飲，好好喝 當天去天氣非常好 ，有停車的地方，因為有先預約所以不會等很久，一進餐廳直接看到無敵海景，遠遠可以看到海上的定置魚箱，吃不完的餐點還可以打包 非常讚，食量比較小的可以共食不過有低消，服務好氣氛佳，吃完還可以沿著步道欣賞海景👍🏻
對了 還可以帶寵物👍🏻 …"
890,抵達的時間約下午四點，正好碰到有窗邊座位！遠眺的美景無敵！環境整潔，服務人員有禮貌，品項有羊奶也很特別！米布丁現做則是需要一點時間；低消是一杯飲品，小孩好像是未滿十歲不受低消限制，算是很棒的店家喔！有機會一定再訪～ 讚喔！路過發現的可愛咖啡廳，老闆很親切的表示機器壞掉沒辦法做熱飲，可愛態度令人如沐春風（？！），外帶一杯flat white，尾韻很讚，非常推薦～
891,"鬆餅好吃，沒有到非常甜，剛剛好
飲品也很好喝
店內人不多，氣氛很舒服 一直看到，卻都沒有踏進去，研究過後，第一次踏進店裡，滿意啊！

沙拉餐蔬菜量很夠，還可以加點麵包香腸之類的，滿足不同食量的顧客。 … 開車來要小心會車，路很小
餐點有一定水準，配上絕美海景
這個價格很值得 … 氣氛好，風景不錯，一進店的介紹等服務也很好，餐點上菜也很快，餐點好吃，雖然價格稍高了一點點，但可以接受，畢竟享受氣氛呀！

點冰淇淋時，上桌時餐點不甚跌倒，食物碰到店員的手，很乾脆的直接換新的，值得讚許！ … 餐點好吃，氣氛不錯，店員親切，店小小的，位子不多。
可惜餐點份量稍小，下次再多點一些餐點。"
892,"環境乾淨舒服
接待人員專業親切
必點舒芙蕾 … 環境優美，蠻舒適的地方。 好多年沒來，以前是羊奶咖啡配一塊起司蛋糕。 好好喝的西西里咖啡，場地分+音樂搭配很舒服 一定要點熱咖啡
超級好喝
奶泡很綿密 開店前一定要來等候
店家只接受現場候位～
甜點意外的精緻好吃
葡萄氣泡飲不甜膩好喝!!"
893,"想來吃這間口袋名單很久了 這次終於吃到 每樣甜點都讓人驚艷 尤其是抹茶聖代 口味層次相當明顯 從抹茶冰淇淋到中層的焦糖餅乾以及下層的抹茶凍 甜而不膩

焦糖阿法奇朵淋上義式咖啡 苦中帶甜 是大人的滋味 整體下來沒有雷的甜點 下次會再二訪 很喜歡這邊的環境 很舒服 因為有先訂位的關係 被安排至床邊 可以直接看到海 下午茶時刻點了義大利脆餅跟招牌米布丁 吃起來不會太甜 飲料不喝羊奶的可以換成鮮牛奶 但羊奶飲品也不太會有羊騷味 個人不吃羊的也可以接受"
894,"位於花蓮七星潭，造訪幾次這間以羊奶牧場為主提的觀景餐廳，羊膝套餐軟嫩充滿膠質的口感搭上新鮮蔬菜是店裡的招牌人氣餐點，充滿羊奶的咖啡有一種挑戰味蕾的冒險新體驗，至於招牌的羊奶吐司值得推薦，新鮮出爐的軟嫩口感搭上微香奶油，讓人忍不住一片片的送進口中。 … 小巷中意外發現的好店
1. 檸檬美式有綿密細緻的口感，微酸中尾韻帶焦香的層次，出乎意料的喜歡
2. 黑糖卡布也是屬於不刻意討喜的類型，表層黑糖薄膜和咖啡搭配的恰到好處
3. 店家友善低調，希望有機會再訪"
895,"人氣網美名店，最好先訂位喔
適合和閨蜜一起吃吃、喝喝、拍拍、聊聊的美美的空間😍
1️⃣ 泰式椒麻雞肉飯$270 … 前幾次都是買了咖啡豆就走了⋯
今天這涼爽的初秋時節、決定坐下來在戶外座位區找個角落悠閒的享受午後的咖啡時光☕️
前陣子重新裝潢後有多了幾桌室內座位👍 … 我心目中的最美窗景😍
餐點+用餐空間+窗外海景真是物超所值👍
我們喜歡預約下午3:00的時間，悠哉的吃吃喝喝，傍晚時間從餐廳前的階梯直下七星潭海邊，玩石頭疊疊樂，這天適逢滿月還欣賞了好美的月光海😁 … 來民國路80巷喝杯「快閃咖啡」絕對是一天中的小確幸😁

幾乎都自己在家煮咖啡，偶爾來這裡買咖啡豆時都會順便喝杯熱拿鐵，每一口濃郁又充滿焦糖香的咖啡總會讓昏沈的腦袋在咖啡香中甦醒☕️ … 位於中美路旁的「奧莉咖啡館」雖是第一次來，卻是一家令人難忘的咖啡館。
打開咖啡館大門，這裡的空間裝潢充滿了溫馨和舒適的氛圍，背景音樂的選擇也毫無違和的融入整個空間裡，店內每一個角落都體現了顧客至上的設計理念，寬敞的空間和舒適的座位間點綴著生氣盎然的綠植🪴 …"
896,適合外拍咖啡店，但沒標註容量，拿到發現頗小杯的！ 內用低消一杯飲料，還有收服務費，點了羊奶咖啡和套餐，飲料都先上，羊奶咖啡風味不錯還有附餅乾，套餐有沙拉、濃湯、甜點、飲品，建議可以合點一份，主餐沒到很喜歡，雖然喜歡吃香菇，但裡面菇類即多到讓人害怕，雞腿肉有4大塊，調味一般不會過於油膩也不到下飯，甜點起司蛋糕蠻小塊的，靠近窗邊的座位蠻好拍照，座位都還蠻寬敞舒適的，服務也還可以！重點是有停車場，離海邊也近！
897,"這是我吃過最好吃的早午餐
點了德式帶骨香腸雙拼、美式煙燻牛肉、鄉村培根嫩蛋都沒有踩雷
老闆非常親切 貓咪胖嘟嘟的很可愛
祝老闆走失的貓咪早點回家QQ 距離七星潭很近的原野牧場，低消是一杯飲料並含10%服務費，提供的飲料幾乎都是羊奶製品，不喜歡羊奶也可以請店員換成牛奶

這次點了羊奶咖啡（💰：180），附一片手工餅乾，個人覺得羊奶味不是很重，手工餅乾很小一片，但還蠻好吃的😋 …"
898,"輕鬆的氛圍 ，美味的食物 ，惟獨停車不太方便 海景很美。
食物是原味原型健康的，口味見人見智。
服務人員表達很直接，在服務界不多見，現場看到客人不滿的反饋，所以氣氛扣分。"
899,"建議提前訂位，3點前的時段都容易客滿。店內空調較顯不足，需要搭配大型電扇，幸好目前才三月，夏季應該會很熱。
招牌羊奶咖啡值得嘗試，還附贈一片餅乾，靠海窗景真的無敵👍
服務生親切有禮，若是未客滿無人候位，亦不會趕客人離席。 … 強烈建議一定要先訂位，因為我只有一個人，想說直接去碰碰運氣看有無位置。還好櫃台服務生知道我是台北客人，硬是幫我安排位置，也先事前告知，用餐時間只有一個小時，因為後面有團客預定。
因用餐限時，所以上餐速度也很快，入座15分鐘左右即可開始享用。 …"
900,"花蓮七星壇附近最有名的餐廳莫過於是原野牧場了，雖然地點距離台灣好行下車的地方要步行一陣子，但看到窗外的美景就知道不虛此行了。
點了經典的燉羊膝套餐，真的非常好吃，沒吃過這麼軟嫩的烤羊肉。前菜的沙拉跟蔬菜配料那些吃起來都非常新鮮，吃的出用料很高級，羊乳拿鐵個人不太習慣，下次要點的話應該會點一般的牛乳拿鐵吧。羊奶蛋糕很好吃！ … 點了很多人推薦的拿鐵，口感還可以，但是店家推薦的可麗露就很普通了，又偏貴，個人覺得不需要加購。"
901,"古色古香的咖啡廳
有種回到過去的感覺
甜點甜而不膩
茶跟咖啡都剛剛好 以羊奶為主題的咖啡廳
奶類飲料如果不敢喝羊奶都可以換成牛奶
紅茶牛奶偏甜 …"
902,這間店位於市區，進店時和一般咖啡店無異，但走進了後院就彷彿世外桃源，很寬敝的戶外庭園，有雞跑來跑去，多肉植物花園，神秘的防空洞，還有一間2層樓的用餐區，如果有其他小動物就更好了（店員說以前有小兔子，但現在只剩照片）。 … 海景100分的超級美店，但是要坐到窗邊的位子要憑運氣，服務人員很多，但帶位流程不順暢，除了掃QR codes 量體溫這些例行公事外，每個人都還需要在門口稍候帶位，而且店內外很多階梯，對「無障礙設施」有需求的人來說，不是友善空間，假日限時90分鐘。 …
903,"店員親切友善
風景不錯👍 … 踏完七星潭的沙，來喝杯下午茶
幸好假日有訂位才能坐到靠窗的絕佳座位🥰
必點這裡特色的羊奶蛋糕、米布丁
連是咖啡師的男友都稱讚羊奶咖啡非常順口好喝！ …"
904,"眼睛跟肚子都飽餐一頓了😋很舒服的一間小店。 … 重新裝潢後第一次到訪
一樣好吃的餐點 更空曠的環境
還是一樣調皮的大門🤣🤣
值得回訪 …"
905,北濱公園旁，停車非常方便，很溫馨的小巧咖啡店，隨處都是用心的木作佈置和苔球盆栽，連托盤都是手作的，拿鐵咖啡很順口，熱摩卡也濃郁好喝，一旁有愛睡覺的可愛店貓陪伴，非常舒適放鬆的空間。 點了一杯熱摩卡咖啡（180元，冰的要再+20元）和冰水果茶（180元），水果茶應該是屬於果粒茶，個人比較不喜歡這種的，但是可以回沖，而且杯子中間有一隻貓咪很可愛，摩卡非常順口很好喝，巧克力跟拿鐵融合的很好，奶泡細緻綿密，可惜不算大杯，店內風格走溫馨復古風，座位不多約莫10個位置左右，門外有許多老闆細心照顧的植物，看出去綠意滿滿很舒服，可惜整體價位偏高，不然會想回訪。 東漂花蓮2年終於來踩點，遲遲沒光臨是因為價位有點高加上記得之前菜單幾乎有9成都是羊製品，現在羊奶餐點都可以更換成牛奶喔。一週前訂位，人品爆發被安排在窗邊第一排，搭配藍的要蜜的大海與有點朦朧的山脈，太幸福的享受，吹著冷氣就能欣賞美麗的七星潭，飲料雖然貴貴的但份量非常實在，真心推推，記得提前訂位唷。
906,"用餐環境舒適，景觀無敵美，很幸運平日下午時間來直接坐窗邊位，餐點也很有特色又好吃，服務人員親切，最棒的是寵物有牽繩即可落地，謝謝原野牧場讓寵物家庭可以好吃好看好舒適。
建議羊奶咖啡可以無糖，或讓客人自己加糖。 臨時在Google map找到的寵物友善咖啡，飲料製作很用心，寵物可以落地，店貓店狗都很友善。"
907,"氣氛很好，空間寬廣，親子友善 花蓮七星潭絕美景觀餐廳原野牧場，喜歡羊料理的招牌羊奶咖啡跟特色餐點都非常值得坐下來品嚐看看。
#爐烤牛肉 $780
#原野德國豬腳 $680 …"
908,"蛋糕好吃，氣氛愜意 超級推鬆餅 巨好吃
飲品咖啡都很好喝
香氣很足 口裡留香 … 網美必來，舒芙蕾必點，好鬆軟好好吃^^ 很好 位於市區的日式老宅咖啡館，老闆娘十分親切，店內的裝潢擺飾及音樂非常深得我心(可惜沒有拍到吧檯區的照片)，透過餐點的食材用料可以感受到闆娘的用心👍🏻 … 餐點超級好吃!!!可頌，白醬義大利麵，炸薯條，是我的第一名^o^*鬆餅是我的第二名。店內裝潢很用心，非常值得去約會唷！"
909,🍴餐廳-原野牧場 … 咖啡還好，裝潢不錯，蛋糕普普。 寧靜的小咖啡店，老闆娘人很好，飲料還不錯，偶而會有火車從後面經過，滿特別的．
910,"整修後再訪，炸鬼頭刀蠻好吃的。酥皮濃湯普普玉米粒少得可憐。點餐+40元紅茶很小杯，但可無限續，只是店員會一直說等一下，等到沒來。 值得一訪再訪的好店。
餐點、飲料、服務完全無雷🧡
蘿蔔糕和炸豆腐意外的好吃！ … 去的時候甜點只有兩樣可選，最後只點了一杯黑糖還是焦糖的奶茶，不是很好喝。 環境很多植物很優美
餐點整體CP值低，尤其是雙拼單人套餐
義大利麵還可以，服務態度良好 非常大人口味
拿鐵偏苦
酒味提拉米蘇
整家店很可愛 有可愛的貓咪就給讚"
911,燕麥拿鐵不錯喝，寵物友善的咖啡廳。 因為參加鳴日廚房花蓮一日遊行程，其中安排到七星潭的原野牧場咖啡店簡易精油教學暨下午茶，除了課程很棒外，此處的海景也是無敵，可惜時間稍短，下次可以專門到這裡待個一整天。
912,老屋溫馨氣氛，蛋糕好吃，貓咪很可愛，老闆娘很漂亮，下次再去試試其他蛋糕及咖啡。 拍照起來蠻好看的，但味道普通，熱檸檬蛋糕熱熱吃蠻特別，不過感覺只有上面糖霜有檸檬味，蛋糕體沒有檸檬味，裝飾有用心有賣相，味道非常一般，不會有想再去吃的衝動，坐在最裡面角落位置一直被蚊子叮，應該是個有氣氛的店，但甜點師在廚房製作餐點時一直有空空空的敲打很大聲。 風景佳，擺盤不錯，餐點味道普通，一盆麵包只付一小個奶油太少，另外要奶油要加購，羊奶太腥，牛排不怎麼熱，濃湯沒什麼料，桌子有點小，廁所很小，喜歡吃羊的可以去。
913,"# 📍花蓮探店 | 無攝限咖啡 UNCONDITIONAL COFFEE 🌊☕

你相信嗎？在花蓮有一間「無價格菜單」的咖啡廳！😱 … 原野牧場 — 花蓮海景咖啡廳🌊

花蓮景點「七星潭」的海岸邊，離花蓮市區約10分多鐘的車程。主打羊奶商品的咖啡廳🐑 …"
914,舒芙蕾草莓鬆餅軟嫩好吃，餐點好吃 羊奶咖啡濃醇，餐點量超多，吃不完外帶打包，店家很用心包裝，還附餐具。無敵海景，可惜無法如願坐在靠窗位置。 楓糖核桃，楓糖起司肉桂捲及培根鹹派，搭配冰滴咖啡，非常美味
915,"日式懷舊喫茶店的氣氛
木質裝潢帶著陳舊感
食物好吃也有許多選項 … 非常漂亮、適合舒服觀海的地方
羊奶咖啡的羊奶味非常重 還會附贈小餅乾
平日無限續杯/假日限續一杯
但以單價180來說還是稍顯貴"
916,"音樂家系列貝多芬很好喝，甜點桑椹生乳酪和戚風都很好吃，而且CP值很高 就在七星潭遊客中心再往下去走一點路就可以到！也可以開車過去！

特色是羊奶系列的產品， …"
917,店內環境很舒適，咖啡非常好喝，堪稱此生喝過最好喝的咖啡，每喝完一口都會想停下來好好享受咖啡的尾韻。老闆沖咖啡的樣子認真帥氣，散發職人氣場。今天原本只是想買咖啡提神，又沒看到便利商店，正好路過就進去買外帶，沒有辦法好好享受店內的氛圍，如果有機會的話想好好在這邊看書品嚐咖啡。 每樣餐點都非常好吃，大推鬆餅。店裡很多公仔可以拍照，寵物友善餐廳，可以看到很多可愛的狗狗~
918,"🥇超好吃三明治x老宅x木質調x果實(?)
- … 雖然餐點（main course)價格有點偏高，但食材真的紮實、美味，服務態度也很認真，更重要的是漂亮海景&舒適空間
本身是孕婦所以很重視原型食物，他的素食餐真的很優秀👍下次來花蓮一定還要再來用餐！ …"
919,"拿鐵蠻好喝的，摩卡是用黑巧克力，味道很特別。
店內氣氛不錯，位在七星潭所以價格偏高一點，磅蛋糕搭配的焦糖醬很好吃～正餐選項不多份量也比較少，算是滿適合七星潭走一走喝喝下午茶的地方！ 店面乾淨又明亮，很適合長待，可以工作看書都蠻舒服的。 … 以套餐為主，前菜的沙拉跟濃湯都不錯，牛肉三明治味道算協調，醬汁搭配的蠻好。豬肉漢堡排很大一顆，超級厚實，搭配的醬汁煮的也蠻好，肉很新鮮，搭配白飯跟半熟蛋一起吃很不錯👍 …"
920,甜點還不錯，但飲料表現較優，可惜戶外小黑蚊較多，要注意。 推薦的前提是，必須能接受羊奶的味道。麵包盤有四種，有的蓬鬆軟綿，有的Q彈嚼勁，細細品嚐更能享受奶香療癒。來此無論選擇咖啡、可可還是伯爵茶，建搭配羊奶都能帶來獨特、不同層次的風味饗宴。
921,"紅酒燉牛肉不錯吃 來花蓮觀光一定要來的地方😊

休息喝咖啡享受甜美的時光 …"
922,"每次來花蓮都會來一趟七星潭
似乎變成必來景點
從小時候點羊奶喝 … 價格算划算 店內氣氛很好
大推布朗尼蛋糕 80塊雖然小但很好吃
拿鐵偏酸且蠻香的 整體cp值還不錯
很適合等火車時來放鬆"
923,"風景無敵，餐點稍貴，但能接受是風景區價位。
沒有收服務費，服務不錯，但是餐點的知識不太熟悉有點生澀。
西餐餐點口味不錯，可惜飯有點爛，可惜了花東米的Q軟本質。
羊奶咖啡好喝，沒有羊騷味，不敢吃羊的都敢喝。 起司蛋糕清爽，好吃！
咖啡，我不是專家，但是也是順口的！
貓，不用講，超可愛！"
924,"1.景觀很漂亮，正在網置補魚，回味童年時光
2.西餐燒得很入味，手藝好，到味
3.價格我覺得很合理 … 1.東西好吃，價格公道
2.景點很棒，值得停下腳步"
925,"風景很漂亮～剛好坐到靠窗的位置真的拍起來很讚
食物滿精緻的，豬肉漢堡排很好吃，小點心的羊奶起司蛋糕也很好吃！
點了羊奶但羊味有點重，喜歡羊味的朋友應該會喜歡～ 肉桂卷很好吃！熱美式很順 ☺︎寵物友善店家就是讚👍
店狗當波🐶超可愛‪ꔛ … 有可愛貓貓 甜點也很好吃"
926,"環境舒服.餐點豐富.有時候還會有貓貓在身邊圍繞喔。 氣氛很復古
很喜歡
甜點好吃
咖啡好喝👍 … 下午來真的非常舒服，喜歡看海吹風真的推薦👍👍👍建議帶防蚊液唷～ … 氣氛很棒，咖啡好喝，蛋糕好吃，整體好舒服
一定會再來❤️❤️ 氣氛很舒服
位置不多
貓貓可愛 … 舒適，老闆用心裝飾店內，食物多元，來這一定找得到喜歡吃的食物。"
927,"嘗試了羊奶咖啡，果然還是有一些些味道。手工餅乾好吃！
感覺單點咖啡稍貴，點套餐比較划算。
咖啡館海景無敵，店內沈浸的氛圍，親切的員工，讓人回想到日本景點的餐廳。 可愛貓貓"
928,"價位稍高，不過是來聊天的就沒特別拍餐點
但份量和美味程度絕對對得起價錢！很適合聊天聚餐，有重要日子覺得可以來慶祝享受美景！ … 1/1到訪: … ⚠️低消是一杯飲料⚠️

每一樣都好好吃啊，不愧評分得4.8 …"
929,"靠近海邊的咖啡廳，有店貓、美景、好茶跟美味甜點，一切都好完美 十幾年前就是走高價路線，時隔十幾年再訪，以前大片的草坪跟上面的羊咩咩通通被
變成咖啡廳跟停車場，覺得沒有以前的悠閒，羊奶咖啡羊騷味還是很重，內裝是比以前好一點，不過一杯$180-$220的咖啡，如果沒有海景要彎彎曲曲開小路進來，真得不太值得"
930,"點了野菇雞肉跟牛肉三明治
牛肝菌雞肉飯味道不錯但雞肉有點沒入味 … 覺得手沖咖啡濃度偏低 但萃取應該是足夠的 且風味很清澈"
931,"貓咪好可愛❤️
蛋糕飲料也都很棒👍 … 氛圍跟景色都非常好，餐點飲品稍貴，羊奶咖啡是特色還不錯，但可能特別的日子才會想到來訪🥲 … 吐司好吃！非常多料！吃起來層次豐富沒有負擔感，也不會過膩，清爽好吃！雖然夾很多料，但整個吃起來不會爛爛軟軟的，巧克力塔很濃！（內用紅茶需要加油）整體來說～推推！ 今天點了四個蛋糕：
最最最喜歡的是焦糖咖啡塔，上面的核果超級加分！下面是綿密的口感，上面是脆脆的核果含有焦糖味～讚啦
第二名是芋泥塔，有夠爆綿的，入口即化～ … 來了好幾次都點不一樣的甜點，每樣都沒讓人失望，讓人想一來再來，咖啡也都非常順口，好喝，跟蛋糕是完美搭配，小小的空間常常塞滿人，還有可愛的貓咪🐱 … 不必多說的網美店，吸引我的是整家店的佈置與環境非常舒服，非常的好٩(˃̶͈̀௰˂̶͈́)و舒芙蕾好吃，舒服！飲料單價貴貴的，已經是花蓮咖啡廳普遍的價格了😭
適合跟就姐妹來的下午茶，旁邊座著一對情侶，女生一直要求男生幫她拍照很煩，看著都想生氣😊東西都要冷了，下次等人少一點會在來嘗試鹹食，不過真的不便宜，吃個兩次差不多。 …"
932,可以看海，餐廳環境很愜意、漂亮，低消為一杯飲料，套餐兩個人一起吃滿剛好的，當天點原野牛肉松露三明治，牛肉調味佳 以寵物餐廳來比較，食物（包含飲料）表現優秀👍🏻 店貓會四處巡邏，但不太給人主動摸。沙發區的位置可以看到很多貓咪破壞痕跡😂 …
933,"海景第一排，悠閒享受下午茶欣賞七星潭風景的好地方，可使用信用卡、Gpay跟apple pay，有提供停車場；附近巷弄偏小條，開車前往要注意一下。

🔸原野羊奶咖啡 … 🔸私房醉雞飯
醉雞口感緊實，酒味較重，薄苦，鮮味淡，膠質甜不顯，雖然表現不差，但不是個人喜歡的味道；下次會嘗試麻油松阪豬肉煲。 …"
934,"外觀看起來很一般，進門後有驚艷到，環境舒服，海景很美，羊奶咖啡很特別，有停車位也很方便 完美的咖啡店
值得專程前往
期待下次再訪"
935,"除了上餐速度慢了點，推餐點-羊膝很軟嫩好吃和羊奶麵包都很好吃👍整體環境還不錯！
很幸運坐到窗邊，離海很近❤️ … 貓兒咖啡店，很有深度的咖啡，乾燥花小店，檸檬塔好吃😋 …"
936,"要記得喝羊奶奶喔⋯⋯
無價海景視野，服務人員親切用餐環境舒適，還可以直達海灘
推 每個餐點都可口，舒適的用餐環境"
937,風景優美，環境乾淨有質感，服務態度優良，景觀餐廳的價格，點了牛/羊/雞的主餐，除了雞的醬汁稍鹹外，全品項肉質軟嫩新鮮，長輩也很滿意，推薦，另外還有靜態空間租借，整體適合各種聚會類型的餐廳。 環境典雅，餐點精緻，是會想再吃的好味道。
938,"在七星潭旁的小餐廳，可以眺望一望無際的鵝卵石海灘，熱羊奶咖啡平日可續杯，羊奶紅茶跟羊奶吐司也不錯！米布丁偏甜 風格 氣氛 服務好 好品質、風味佳的咖啡
喜歡闆娘自製的甜點，天然無負擔❤
還有兩隻店貓陪伴 超讚的咖啡廳
老闆一開始對客人的喜好詳細詢問，後來提供了一杯帶有藍莓香氣的咖啡，藍莓味非常明顯又自然，冷了之後香氣又更明顯，是在其他地方沒有嘗試過的風味，一杯200真的超值
拿鐵的拉花超美，法式吐司特別又好吃
大推 好喜歡店內的坐位，整體溫馨光線好。現沖泡的紅茶不會苦澀，如果需要冰的會另給冰塊好貼心，還有另附糖漿。常遇到無法客製化的店家，無法有這樣的服務。續沖泡還有另外再裝一杯冰塊，真的是大大貼心。 男友喜歡喝咖啡 帶他來這間品嚐手沖
手沖的品項很多不是只有在菜單上而已 老闆用詢問的方式讓男友決定要喝什麼
問了 酸甜苦、濃淡、花香果香、回甘 感覺得出來老闆很用心 最後男友一喝 驚為天人 …"
939,"令人放鬆的木質小空間😊
餐盤上都會有老闆手工製作的彈樂器小昆蟲，無奈友人蜜蜂螞蟻蚱蜢蟋蟀青蛙分不清楚，辜負老闆的巧思😂 … 原野牧場是一間咖啡店！
在地人好久之前就推薦這裡，但是我一直以為這裡就是個可以拿牧草餵羊的牧場😂
沒想到是間咖啡店，羊奶咖啡廳，還是海景咖啡廳！ … 來到龍宮，如入秘境
一進到龍宮，七星潭的喧嘩吵鬧瞬間安靜了
點了甜點跟飲品，看著外面小貓圍著店的牆垣，相互追逐，一圈又一圈，心覺得特別平靜，有種神奇的魔力😳 …"
940,"找了一個早晨的時光去探訪
實季在成功路上是開的最早的咖啡廳
它們除了咖啡和飲品之外 … #花蓮咖啡廳

離七星潭最近的咖啡廳 … 嗨大家好，我是喜歡探索城市角落的美食與景點愛好者！不論是巷弄裡的隱藏版咖啡廳，還是老店傳承的小吃，我都熱衷記錄並分享最真實的體驗。透過我的Google在地嚮導帳號，你可以找到許多實用又有溫度的在地推薦。不只吃喝玩樂，還包含環境氛圍與服務細節，就是希望幫助你做出更好的選擇。如果你也喜歡用雙腳發現世界的美好，歡迎追蹤我的Google在地嚮導，讓我們一起挖掘更多生活裡的小驚喜！🌟 … 嗨大家好，我是喜歡探索城市角落的美食與景點愛好者！不論是巷弄裡的隱藏版咖啡廳，還是老店傳承的小吃，我都熱衷記錄並分享最真實的體驗。透過我的Google在地嚮導帳號，你可以找到許多實用又有溫度的在地推薦。不只吃喝玩樂，還包含環境氛圍與服務細節，就是希望幫助你做出更好的選擇。如果你也喜歡用雙腳發現世界的美好，歡迎追蹤我的Google在地嚮導，讓我們一起挖掘更多生活裡的小驚喜！🌟 …"
941,咖啡好喝！老闆一家人都是經驗豐富的咖啡師，有問題也很樂意分享。推！平日附近停車方便 食物不錯、風景也不錯。不過冷氣葉片壞了，導致冷氣下方好熱。期盼趕緊修好。疫情當下，大家都辛苦了！加油💪 …
942,"風景超美的😍
真的很喜歡這樣的感覺～
藍天白雲，好像一幅畫～ … 可麗露外皮很脆，內層紮實濕潤度也足夠！
檸檬塔酸甜度剛剛好，無論是怕酸還是怕太甜的人都很適合吃～塔皮不會太鬆散也不會過硬😻（而且老闆娘超漂亮超有氣質，兩隻狗狗超級可愛） … 超讚🥹 … 店裡佈置的非常溫馨可愛 店裡容納人數不多 用餐氛圍悠閒 價格也合理 如果不想去大排長龍的人氣早餐店人擠人 來這裡享受早餐也是不錯的選擇 寵物友善，同時也會約束飼主管理好寵物，不會影響到其他人用餐，很用餐環境很好。"
943,"景色100，其他看運氣。事隔二十年再來，已是觀光聖地。規模變大，餐食ok，許多項目已缺，選擇性低。價格也日漸高漲。 環境舒適，典雅，餐點選擇多。
用心可見。
建議需訂位。"
944,視野超好的海岸咖啡廳，食物也好吃，羊奶吐司和羊奶咖啡喝得出羊奶味，松露牛肉三明治很推！ 一進到室內就是沁人的檜木香，到花蓮這麼多次，第一次到秋朝，非常喜歡安靜迷人的日式風格，值得一來再來
945,本來只是要等火車回家，臨時google 隨意暫停區，沒想到很喜歡這茶及豪華挑高舒適環境、紅玉真好喝，回沖味道仍很香，將茶渣放入隨手瓶回西部了，抹茶拿鐵上美麗拉花為花東行留下perfect ending 無敵太平洋海景，七星潭灣盡入眼簾，餐廳冷氣很強，涼涼欣賞海景及享受美食。
946,羊奶咖啡建議點冰的 比較沒有羊味 附的餅乾很好吃 乳酪蛋糕很棒 沒有羊味 才30 伯爵鮮奶茶很好喝 很大一壺 很划算 來了三次才成功入座 太夯了 咖啡不好喝 檸檬生乳酪蛋糕很好吃 巴斯克乳酪蛋糕有濃濃的香草味
947,"如果你想在花蓮喝點道地的咖啡，就來這家小店吧。我們很著急，所以我們只點了一份巴拿馬柏林手滴劑。它執行得無可挑剔，所有的好味道都被提取出來了。比市中心的一些著名的要好得多。咖啡師甚至為我們提供了品嚐杯，以便我們可以分享。 想在花蓮喝高水準的咖啡一定要到那家小店！ 餐點（有素食）、環境、服務都有到位。價位也算是合理的。請留意這家的奶製飲品（如拿鐵）是以羊乳為主的。

90分鐘用餐時間、$250抵銷。零時到場的話很可能會等不到位。"
948,緊鄰七星潭、風景絕佳，室內裝潢也有一點海島風格，餐點價格不低，羊奶系列的飲料跟甜點值得一試，但能否接受就看個人喜好了XD 有特色的環境，精彩的咖啡技術，精緻美味的甜點，都展現了老闆獨特的風格品味，親切的服務與可愛的貓咪更是大加分。
949,"抱著姑且一試的心情過去，還真的沒人排隊耶，立馬進去發現只有2桌客人，店員直接讓我自選座位，真開心。點了金時蒙布朗、龍眼白蘭地磅蛋糕和一杯焙茶拿鐵，甜點一上桌，不斷有淡淡香氣飄來，原來是磅蛋糕啊，溫溫的蛋糕一咬下就有龍眼的香味，沒有感覺到酒味，不會太甜膩；蒙布朗也是只有淡淡的甜味，最底層像是泡芙，有酥脆感，都很好吃，下次想試試他們的生吐司和冰品。 特地為了舒芙蕾而來，吃得出使用很好的原料，只是舒芙蕾本身的口感跟以往吃到的不同，滿意值小小降低了一些。 走到海邊只要3-5分鐘，非常方便。
東西滿好吃的，生意也蠻好的，態度很客氣
餅乾超級好吃！！！"
950,"隱身巷內的小清新空間 服務品質很優喔～餐點也都有一定的水準 超舒服的海邊咖啡廳 羊奶製品都很特別 營運多年 質量都維持一定的水平 建議先訂位再前往 不會吧～來這麼多次 竟然還沒有寫過評論怎麼行…
一般來說 風景優美的地方餐點都不怎麼樣，東西好吃的地方，風景都不怎麼樣  浪慢咖啡是很難得 視野開闊舒服 餐點又有一定水準的地方 所以才會帶朋友一來再來😁
老闆堅持有座位才放人進來 讓進入消費的朋友可以有不擁擠的活動空間 服務和價位也很ok 是個優閒 殺記憶卡的優質空間 …"
951,漂亮有氣質的年輕老闆，能把巴拿馬水洗咖啡，沖出濃郁滑順極甘的ㄧ杯好咖啡，對海拔不高的巴拿馬咖啡，善用其濃郁卻能摒除雜味所帶來的不愉悅，不得不佩服老闆的手沖功力，無疑的她善用了水的溶解度與溫度的特性，這是一般人甚至老師都不可能瞭解的原理，就只能靠敏銳的感知及耐心的測試。另外點的ㄧ款，香氣四逸，口感淡薄但卻極純的是哥倫比亞的咖啡，一般買得到的哥倫比亞咖啡豆，品級均不高，但其實哥倫比亞西側都是高山，要把咖啡種在兩千公尺的高海拔易如反掌。而此咖啡如此呈現有兩種可能，ㄧ是超高海拔即種植 … 七星潭剛開發時，週邊仍是老舊荒蔓，在幾經轉折來到一家木造但卻氣派又充滿巧思布置的營業場所，視野開闊餐飲有特色，甚多以羊奶的食品和飲品，讓我這遠道客念念不忘，時間飛逝，一愰已過十幾二十年，七星潭越來越美，規劃越完整，週邊高級旅舍越蓋越多，當我再度來到這地方，我有說不出的失望，庭園感覺是缺乏整理，內裝也退步了，質感是簡陋。點了羊奶咖啡，喝了大吃一驚，這個年代還有如此難喝的咖啡，幸好其它點的羊奶聖代、羊奶起司蛋糕及餅乾都很好吃。一路走來感覺它跟不上時代的腳步了，但願它不會在未來被淘汰。
952,"三個人點了三杯飲料，但一直沒上，我跟他們說了，他們說理解並等了一會兒，結果卻把飲料給了另一桌，再也沒給我們。等了一個小時左右，火車快開走了，我得走了，就讓他們取消訂單，他們居然說“好吧，隨便啦~”……結果只有兩個人吃了東西，我一個朋友因為等飲料都沒吃上，他們的這種態度讓我很生氣，結帳的時候就跟服務員說了，但他們一開始連句都沒有，只是跟我解釋了原因。難道他們當初說飲料沒上的時候就不該解釋一下嗎？最後，他們只是說了句“哦……關於那件事……對不起”，連看都沒看一眼正在調飲料的那個人，那人看起來像是老闆。當時客人不多，但一個小時過去了，他們還是沒把所有桌子的飲料都上齊。他們做東西好像很慢……如果你沒時間，最好還是別去了。 位子在窗邊風景很好
餐點也很好吃😋
絕對會列入二訪名單❤️ …"
953,"非常不錯的景觀餐廳
靠近七星潭 … 咖啡與貓。 貓X咖啡X書籍
太棒的地方 好咖啡！ 手沖有水準之上
自家烘豆"
954,烤羊膝非常美味，羊奶咖啡很特別，來七星潭走走總會想來吃一下！ 一棟日式建築存在著兩家店，差點錯過這家只營業週三四五的咖啡館，滿室的檜木香，￼附送的可頌也好吃！
955,鬆餅是必點哇，已經不知道回訪第幾次了，過年的時候會送紅包哦！ 甜點極度的好吃，雖然要等但是很值得
956,意外發現角落的小店，熱壓吐司的表皮烤的焦香酥脆，生菜也很充足，價格約80-120附有小杯紅茶，店內氣氛十分地悠閒，還有兩隻可愛的貓，很推薦大家來 位於七星潭的咖啡店，海景很美，招牌是羊奶咖啡，裡面有癢幾隻羊還可以跟他們互動
957,"雖然還是沒辦法接受羊奶的味道，這還是一家很棒的店，享受了一下午的無價海景 。 非常奇特的店家，讓人完全失壓～
老闆是台北小孩，到花蓮唸書，從此落腳花蓮，11載歲月……"
958,很有巧思的文青咖啡店，今日用了素食麻油杏鮑菇，薑黃飯好吃小菜清爽不鹹不油膩，湯品用料感覺很有機。舒芙蕾鬆軟不會太軟爛又不會太硬適中好吃！ 味道一般般 油醋醬頗油 湯品好喝但太鹹 主餐煎櫛瓜好吃 炒菇菇也是有點鹹 價高物不值🤪 …
959,"連假中午前往用餐
很幸運的沒有排到隊 … 甜點很好吃且價格合理
服務也很親切
會想多試試咖啡和其他甜點"
960,"民宿配合的咖啡廳提供早餐
可能是太早了店員還沒睡醒（？
外帶內用吃什麼確認了好幾次 … 停好車後，覺得環境有點荒廢，雜草叢生，看起來沒什麼整理，可能想凸顯原始的花蓮，進去店裡後，等了許久才有服務生來問幾位，態度也不是很好 如果飯上能加點醬汁會更好
單吃起來有點乾～
整體很不錯，份量大！
飲料、鬆餅都很讚👍🏻 … 燒肉飯不太推薦
我會吃三層肉，蒜泥白肉、叉燒平常都喜歡吃，但那天吃了燒肉飯，第一口就覺得外皮炸太乾，吃到中間時覺得沒到好吃但也沒到難吃，但每一口都覺得炸皮存在感很高。 … 好棒好可愛的小店！咖啡很好喝，戶外四個小座位也很舒服，輕鬆喝一杯咖啡很棒！價格很實在，每個角落都很好拍，來花蓮的時候推薦來看看❤️❤️❤️ 景點風景很好
羊奶奶昔很好喝
餐點點了牛肉松露 … 價格偏貴，但好喝"
961,這是我20年後第2次造訪，平常不習慣到觀光客擁擠的場所羣聚，許多東西跟從前記憶連不上，現在是羊奶咖啡普普，手工咖啡我沒辦法喝，人一多待不住。 1/31這一天花蓮市的咖啡店幾乎集體罷工，找好久才找到這一間，剛進來我還以為回到從前摸摸茶的特種場所，落坐後細瞧卻別樹一格蠻有復古老派的装修風格，飲品甜點餐具都有一定水準，值得再訪！
962,可以先上網訂位，10:00剛開門的時候來可以坐到靠窗位子。點了羊奶咖啡、乳酪蛋糕、藍莓聖代都很不錯。好看又好吃的咖啡店。 超適合帶小孩來的網美餐廳，看到我們推嬰兒車主動幫忙換成一樓的座位，有兒童椅兒童餐具，也主動提供畫筆跟紙，書櫃上更有一整排童書供小孩打發時間。店員服務非常親切，餐點也都非常美味！ 點了兩種三明治，都不怎麼好吃 涼涼的天適合散步來買肉桂捲跟咖啡。布朗尼普通
963,套餐皆附紅茶，氣氛悠閒，裝潢精緻用心，店員態度佳，套餐價位在175元以上。食物值得這個價錢，牛肉捲餅趁熱吃，皮外酥內軟，韌勁恰到好處。 小小一家咖啡館，有一面書牆，距離東大門夜市近。咖啡種類多且好喝，不過沒有正餐喔
964,"10.4.2024下午等待火車時在此停留，很喜歡這裡的清悠感，而且大家聊天不會只顧自己，很舒服的環境。

本想慢慢享用，風雨愈來愈大，不得不先到車站內更改上車時間，下次再到花蓮停留，會再來坐坐。 這是會想再去的景點。
預約的話感覺可以坐到窗邊的位置~ …"
965,吹吹海風休息一下吧！ 早餐午餐下午五點左右用餐最好 太晚會看不見風景
966,"久違的花蓮之旅～3天內就來吃了兩次😬
第一天只吃到巧克力冰淇淋舒芙蕾鬆餅，於是在第三天再來吃一次小山園抹茶冰淇淋舒芙蕾鬆餅😋😋😋，超級滿足的，鹹食也都沒讓人失望～水準之上👍，更值得稱讚的是店員個個都很nice~大推，好吃好拍服務又好的優質店家。 … 羊奶拿鐵跟羊奶焦糖瑪奇朵，蠻特別外面很少見，應該有一點羊味。會怕還是建議不要點"
967,"神奇飲料，永不耗盡。 無敵海景，羊奶咖啡很特別，但是羊騷味真的很重，價格不是很便宜，一杯咖啡要兩百多塊 2023/08 週五的下午時段用餐🍽️
提前兩週在網路上訂位，我們單純是去吃午餐，因此沒有品嘗到舒芙蕾鬆餅的部分，點了泰式打拋豬飯與台客燒肉飯，真的蠻好吃😋而且份量很剛好～自製的炸豆腐也很好吃😍飲品選擇玫瑰鮮奶茶與拿鐵咖啡，玫瑰鮮奶茶很有香氣，拿鐵也很濃醇香，整體而言很滿意👏 … 服務：5顆星
餐點：4顆星
地點：5顆星 …"
968,花蓮必去療癒的好地方🙂 … 非常好吃，提拉米酥
969,"很好拍照的地方，2/18到訪，飄著細雨也無礙。也很適合在平日在這放空看海 窗邊面海風景很漂亮，有自己的停車地點
餐點融合了羊肉、羊奶的元素，好吃！"
970,"多年前吃過，鬆餅確實好吃，咖啡餐點也都不錯 景觀非常好，尤其靠窗位子可看到美麗的七星潭。
飲品羊奶奶昔 好喝"
971,想吃這間很久了，特地選在下午2點舒芙蕾供應的時段，連午餐ㄧ起解決。台客燒肉飯好吃，綠咖哩微辣、雞肉很嫩，另ㄧ半讚不絕口套餐搭配的小菜「炸豆腐」😂餐點都很滿意，會帶家人回訪！幫忙點餐結帳並安排座位的服務人員非常親切👍🏻 … 餐點普通，價位偏高，但是景色很美是真的！服務生要再加強訓練，點餐丟三落四的🥺這種高價位餐廳，至少在夏日冷氣應該要開強ㄧ些，不是讓顧客邊吃邊噴汗，沒有享受到的感覺🥲 …
972,店小小的但非常舒服乾淨，scone超好吃，原味的搭配德文郡鮮奶油棒極了！檸檬凝乳口味微微酸甜，深得我心，水果茶清爽微甜。寵物友善大加分！❤️必定再訪！ 餐廳本身沒有想像中大，但整個氛圍滿舒服的，服務很好，風景很讚，餐廳內冷氣夠強，餐點不錯吃，而且是寵物友善餐廳！離開前我們走到可以看海景的地方照相，真的很漂亮，只是夏天戶外實在很熱。
973,"貴店命名驚奇咖啡果然實至名歸，從服務到餐點都讓人驚奇連連，潮讚。
服務：被店員兇、點餐不耐煩、上餐用摔的；餐點：就我服務業經驗，燉飯如果不是調理包做的，那廚師真的厲害了，廚藝了得。
總結這間店真的很適合用再也不到訪來表達我發自內心的由衷欽佩，respect ! 絕對是全臺灣最好吃的司康～～
食物好吃、環境漂亮，還有可愛的科基
我還不吃爆😆😆😆 …"
974,"有貓，好喝，好吃，位置偏少，樸實打卡好地方 甜點，飲品還不錯，價位偏高，主要是吃風景
不過平日可以續杯跟慢慢享用，可以坐一個下午可以忘記煩惱的位置 …"
975,裝潢漂亮環境舒服，個人覺得提拉米蘇比布丁好吃。 可以邊看海邊吃下午茶的好地方，特色是羊奶系列的咖啡，米布丁也很有特色，但整體價格偏高。 裝潢很復古有特色，餐點水準普通，沒有什麼特別出色的餐點或飲品。
976,"咖啡系列都好喝，鬆餅酥脆，奶油不膩，好吃！ 觀看了評價自覺希望優質店家可以被更多人瞭解。
先說重點，喝咖啡是需要學習的，每一個產區、莊園、海拔、處理法、保存、烘焙、萃取都息息相關，而豆卡的風味描述是烘豆師或店家給予的大方向表現並非與手搖飲奶茶就是奶茶、草莓就是草莓。咖啡有趣跟價值除了大環境的原物料、人力等之外，是人與人互動的連結分享。 … 景觀好、氣氛佳
飲品很有特色
但羊奶味很重，對於不愛羊的人不適合"
977,"靠近火車站非常值得推薦的一家店
店如其名 非常秀麗優雅
整體而言裡面的氣氛很放鬆 … 跟台北比的話價格相近
但氣氛無價
檸檬塔很好吃 每個餐具的質感很好
很適合聊天放鬆 感覺店家外面可以稍做整修一下會更完美
餐點的部分很完美 價格偏高的景觀餐廳
雖然可以看到海景的位子很少 …"
978,"每回到花蓮的七星潭一定到訪，
可休閒/放鬆/談心/看海/放空，
海景與天空雲的變化令人陶醉！ 放鬆的好地方！"
979,復古味的咖啡館，裝潢有點像日本的特色列車，木頭裝潢，甜點不錯，咖啡是小杯量。 門面看不出是間很受歡迎的咖啡館，可以訂位，餐點多元，店員親切，點麵包餐的注意手工麵包烤後比較偏硬，沙拉餐好吃，點單率高，優格盤是依當季水果搭配，所以可能內容物與照片有些微出入，整體而言當日的餐點與咖啡都不錯，只可惜沒有點到飯類不知道口味如何。 內部整體裝潢及服務都不錯，飲品價格偏高，靠窗的坐位可以見到湛藍療癒的海景，附有停車場。
980,"可麗露超級好吃，買過外帶可麗露，冰冰涼涼表皮酥酥脆脆，就像烤焦糖一樣，好好吃～好驚豔！真的推薦大家來吃看看可麗露😍
店內環境很棒，老闆娘非常親切美麗，吃完餐點也會詢問吃的如何？寵物友善餐廳也很棒👍
唯一覺得有點不滿意的是我覺得椅子不太好坐😅有點硬～ … 餐點好吃，風景漂亮，服務人員也很親切，隨時注意來收餐盤，唯一美中不足的是真的好熱，只有兩台落地式冷氣，價位偏高，主餐類加服務費要600元以上，以這個價位應該至少要提供較為舒適的環境，但是真的好熱"
981,上次朋友帶我來，這次換我帶家人來吃：） 草莓塔一級棒！店貓也很盡責的出來招呼客人喲～
982,每次結束花東旅行都會來拜訪七星潭，然後也一定會來原野牧場吃午餐，景色和食物都非常喜歡。 試營運中，鬆餅只有一種口味（蜂蜜香草冰淇淋），真的好吃😋但只有下午2點到5點半才提供。餐廳外面很好拍，服務態度也還OK，平日候位的時間也沒很久。 … 特地來吃鬆餅，鬆餅沒讓人失望。和朋友聊的那麼晚真的很盡興，是一個聚會的好地方，老闆人感覺也不錯。
983,"羊奶拿鐵蠻特別
但羊騷味有點壓過咖啡的風味
感覺還是牛奶比較適合 餐點偏貴，上菜速度很慢，第一份吃完20-30分鐘才上第二份隔了半小時，吃完將近快一個小時，西班牙紅椒牛肉跟黑胡椒牛肉差別在於只撒了紅椒粉跟黑胡椒粉，牛肉都是筋，失望！"
984,餐點選擇不多 點心類無法抵低消 建議先訂位選靠窗位置比較值得 Fantastic yigarcheffe coffee! 很棒的耶加雪非水洗咖啡!
985,"喝咖啡拿鐵加羊奶，是招牌，一套180元，配一片羊奶起士餅乾。
我喝冰拿鐵，羊奶味尾韻會有點臊的感覺，但是順口好喝的，餅乾倒是吃不出羊奶味來。 … 木質調小木屋，舒服閒適的氛圍，喜歡她有一小片書牆，咖啡香配書香，這是一定要的啦！
只是他們家要加一成服務費耶！"
986,"價位高，餐送完快一小時飲料才上
生吐司很香很好吃
鬆餅如果外脆更好 義大利麵很好吃，鬆餅普通。
不知道為什麼已經入座了店員還要我留姓氏和電話。 阿法卡多跟金時蒙布朗都很好吃！"
987,"景觀很漂亮 餐廳內部佈置感覺出老闆的用心
餐點不錯 但價格偏高 卡宴蕃茄辣肉醬真的好吃(｡･ω･｡)
氣氛好！店員親切、店喵可愛！歌好聽
拿鐵好喝、食物好吃👏
好店推推～～～ … 環境舒服清幽乾淨，還有很多可愛的貓❤️食物也好吃！"
988,各方面都不錯的餐廳。與同性質餐廳相比，算是平價又超值的用餐地點。 咖啡好喝，老闆很有趣👍 … 店如其名。巷子走進來，屋內讓人有驚豔的感覺。很隱密、安靜、是適合與好友聚會慢慢吃慢慢聊的好空間。每份餐點都相當精緻，甜點舒芙蕾鬆餅現點現做，很美味。有空時會想再來。
989,"環境安靜有質感適合小聊～
卡布奇諾好喝！乾奶蓋推
冰淇淋鬆餅120 有焦香味皮也很脆 牛奶冰淇淋濃 … 請問老闆有在看嗎 請幫@Nina加薪！

我們沒訂位臨時去，靠海的窗邊位置都滿了 …"
990,找個靠海的餐廳 點杯飲料+小點心 與好友聊聊近況 還不錯的地方 小時候常來 餐點變了很多 但是羊奶依舊🥰 餐點我很喜歡 偏高價位 但是值得一試 … 是個很適合帶筆電去的咖啡廳，貓咪都很可愛～也很喜歡說話😍當天坐了比較久，點了兩輪不同的甜點跟茶飲，布丁真的很好吃😋有機會會再去一次的 …
991,"氣氛一流！
各種詐騙手法絕對驚奇！不要問是怎麼詐騙自己來體驗！
店貓將將可愛極了😻 … 一切都好，只缺煩惱。假日沒提早訂位三四次都沒有辦法吃到…挑平日去吧！
單品咖啡很貼心-點熱的會附帶一小杯冰的讓客人品嚐！
蔬果汁只有喝到很重的蜂蜜味，沒有果汁的味道，可能店內的水瓶水還更好喝… 好"
992,相隔一年再訪，室內空間更加舒服，新菜色味道蠻好的，值得特地前來看海以及用餐。 好喝的咖啡和喜歡走過來走過去的可愛店貓😍 …
993,"挑高的咖啡廳
使人很放鬆
抵達時已過供應正餐時間 … 餐點好吃😋 …"
994,"風景優美，但是消費不便宜
抹茶羊奶拿鐵$220
羊奶紅茶$180
羊奶起司蛋糕$30 不錯吃 好吃咖啡好喝"
995,"咖啡是很騷的羊奶味 很不習慣⋯ 乳酪蛋糕普通
假設有機會 可以吃吃看餐點 不確定是否好吃 舒芙蕾好吃 裝潢很可愛😍😍 …"
996,"貓咪超可愛！飲料到餐點的擺盤裝飾都很有創意，鬆餅加冰淇淋簡直是神仙組合~超好吃！ 溫馨可愛的小店，很喜歡每個座位都有各自特色的樣子。 有非~常熱情的兩隻小可愛！剛開始還被牠們的熱情嚇到不敢開門XD但其牠們超乖巧的，可以摸摸的的那種~店裡的小姊姊好溫柔也很貼心，讓人在這樣可愛的店裡心情特別的好。甜點跟飲品也都表現的很棒~期待下次再去。 窗外視野真的超棒！羊膝也超好吃的~ 他家的餐點不論是麵類、餐盤、溫沙拉還是鹹派都很推薦。
室內綠植木調的風格很舒適，偶爾門外有小貓出現，看著窗外還能療癒一下。 有超美味三明治，跟超讚的飲品。
三明治料超～多，流淌的半熟蛋跟香濃軟化的起司，清脆爽口的生菜以及微酸的蕃茄片，最重要也是最加分的厚實肉肉，大口咬下滿滿的幸福感，多汁爽脆還有特殊香料點綴，讓人忍不住一口接一口。 … 餐點很好吃，份量也足足的，環境也都很棒，來之前要記得先上網預約。"
997,"有水準的手沖單品，連包裝都不馬乎
可麗露更是一絕👍
在花蓮每天必喝～ … 非常棒的餐廳，擁有270度的海景視野，
餐點也都非常出色👍 …"
998,"原野牧場可刷卡，低消是一份餐點或一杯飲料，主打羊奶系列，如不敢喝羊奶的可換牛奶或加價換燕麥奶。內有附設停車場。環境不錯，值得推薦試試。 店面裝潢有特色，讓人覺得很放鬆
飲品好喝～
檸檬派極好吃！！夠酸、不甜膩！
超級驚艷！大推！"
999,很值得來的一家店，可惜當天廚房休息沒吃到餐點，只好喝羊奶囉濃郁 老闆人很好，咖啡很專業會依客人喜好建議，咖啡非常好喝，也非常好拍。
1000,"很特別的一間店
環境舒適，有漫畫書報可閱讀
餐點精緻美味
寵物友善餐廳 在七星潭很棒的用餐及咖啡廳"
1001,很棒的視野，餐點也好吃 5/24因帶女兒到東華大學面試，找到了花蓮市區內的一間餐廳，從進門服務人員的說明及服務都非常好跟仔細介紹，餐點CP 值也很👍，下次如果再到花蓮，還是會再去吃😁 …
1002,難得心血來潮，帶朋友到 原野牧場 卻深深感受到 又一間客人變多了 品質卻低下的店了，過去的原野  服務人員比較少 且和善  安排座位也會盡可能讓人看到該店的優點，雖然價位本來就高 總能以服務態度讓客人寬慰許多，環境沒有多大變化，餐點品質持平  量少 價位沒漲 口感卻無法掩飾 過去就蒞臨的客人的嘴 取消續杯 蠻可惜  唯一能建議  空桌 要是訂位  訂位牌很簡易也很重要  不然沒訂位客人  看到滿滿空桌 … 這是一個讓人非常放鬆的很有老房子特色的咖啡館，高高的屋頂沒有壓迫感，日式建築保存，就仿佛隱藏在城市中的小秘境，很推薦喜愛的朋友一來再來，檜木香讓人心靈很平靜！咖啡醇厚有層次，甜點，巧克力，香而不膩..很👍 … 拿鐵很好喝  咖啡濃郁醇厚，開心果馬卡龍 很有特色兼具口感，巴斯克乳酪蛋糕，很綿密香濃 ，氣氛很好 有電影可以看 很特別！很棒 女友讚不絕口
1003,"熱門觀光景點東西賣得很貴，也就罷了！
飲品、咖啡的水準不比超商好，就離譜了些！
視覺系餐點，份量夠塞牙縫，服務人員態度，堪稱查稅官等級，倒是，還有許多蒼蠅會熱忱地陪客喔…🙄 … 四訪花蓮最佳咖啡店！(沒有之一)
店內使用較罕見的法國Conti Ace義式機與磨豆機製作Espresso，手沖咖啡，則以EK43磨豆。
年輕的女店主會依據不同豆子的特性與飲品的調性，不時地做沖煮參數的微調與試飲，如此細心、敬業的態度實屬難能可貴！ … 要價220元的拿鐵完全沒咖啡味，鮮奶品質也很差"
1004,寵物友善餐廳！加分👍 … 💯無可挑剔！到花蓮來這邊喝咖啡就對了 …
1005,咖啡選擇多元（已類客製化），好喝~ 餐點好吃，客人多可惜位子小了點，不過還是不錯。 遼闊大海連接無邊天際的景，足以讓人自在愜意的空間~ 靠窗有無敵海景~美麗的七星潭
1006,環境好，貓貓很可愛❤️，餐點好吃 店裡到處令人驚豔的果實手作作品，果然有歲月靜好的感覺～餐點也是非常好吃，每道都無雷，所有東西很喜歡，以後來花蓮必定再訪
1007,餐點低油原味，環境優雅，支持藝文環保 花蓮近市區，唯一的看海咖啡廳，在海鹽日日吹弗中，餐館外面維護不易。餐食也用心，以羊奶為主食材，開發料理
1008,"下午茶  點心好吃
咖啡可以依個人口味調整
服務、環境都不錯 … 友善餐廳  服務  環境  餐點  都還可以！
店家有養兩隻貓咪！！！ 外帶餐盒
餐點做得很用心   好吃😋
推薦 … 風景不錯   下午茶的好去處"
1009,甜點好吃 店員親切 貓咪可愛🥰 … 點套餐，沙拉都還沒吃完，湯跟主餐都已經上了，當熱炒在吃？趕什麼？
1010,這裡的海景很棒再加上餐廳的景觀也佈置的很美，是拍照的好地點，吐司及炸物很好吃，剝皮辣椒水餃很特別。 從學生時代到現在，已經吃了二十年了。
1011,環境裝潢都不錯 外觀歐風內部南洋風，走累了是不錯的休息看海好地方
1012,"看大家的照片覺得普通
到現場真的是很棒的感受
離海面很近 … 每一次到花蓮都一定要來喝的羊奶咖啡
非常喜歡的店
這次帶老公來
老公也非常喜愛❤️"
1013,雖然周遭有不少特色景觀咖啡廳，這裡有不少裝置藝術讓人拍照打卡，大海也近在咫尺，好好享受悠閒的時光。 景色優美，餐點好吃，份量充足。
1014,羊奶咖啡很騷，餐點還不錯。 咖啡很好喝，甜點也不錯，推。
1015,"老闆跟店裡的妹妹很古錐
跟客人的互動很不錯
咖啡也好喝 喝起來有淡淡的花果香味
讚讚讚！！！ 園內有養羊，視野也不錯"
1016,難得在花蓮找到開到晚上十點的咖啡店！ 店員服務親切...完全羊料理店！ 我快要變成是老屋蒐集情報員了！酸甜檸檬塔超美味！❤️💚❤️💚 …
1017,"超級推薦漢堡✨（下次會為了漢堡再去的），希望服務人員的態度可以好一點～ 每個品項都用料實在！
店內的氛圍也很舒服
讓人完全沈浸在美好的環境享用甜點 …"
1018,氣氛好，餐點（中餐）很精緻好吃！ 使人寧靜舒適，看海喝羊奶咖啡配點心，很棒的下午茶！
1019,"美味，好吃，舒服
咖啡很棒 餐點用料實在，風味十足 咖啡非常好喝，沖泡出單品豆的獨特風味。
甜點吃的出用心，甜而不膩"
1020,英式風格很舒服，播放的音樂也超棒~友善寵物咖啡廳大推，咖啡好喝店員親切，水果優格擺盤超美 早餐好吃又好拍，老闆很健談。寵物友善咖啡廳。店內超多優質老件與創意裝潢~ 很棒的海景咖啡廳，寵物友善，推羊奶咖啡，米布丁，羊奶聖代
1021,"花蓮愛店
狀況後變得很好看
而且有貓可以嚕 環境優美氣氛佳，而且貓咪很可愛"
1022,"蒙布朗味道濃郁，不死甜，大推。
咖啡芳香順口。
充滿濃濃的日式著和氛圍，享受廚師製作餐點咖啡時，環繞的香氣。 真的好好喝！老闆很幽默可愛👍 … 舒服的環境，餐點好吃，服務人員親切"
1023,"之前來花蓮走路碰巧找到的咖啡廳，總是想不起來到底是哪一間....

1.店家環境相當自然舒適，適合放空的打發短暫時間... … 小小的店家，充滿滿滿的細節...

1.店家許多目製品以及自然小東西可以好好探索發現，在這個空間真的相當放鬆舒適，時間都不知不覺的流逝.. … 有貓就給讚！
1.旁分、中分、米糕真的相當可愛！可以感受到店家照顧貓咪的細心👍
2.店內裝潢擺飾相當細緻，可以用心體會！尤其是貓腳印水泥地真的相當喜歡。 … 連假前夕來到花蓮，早早就到達花蓮就找了一間咖啡廳來打發時間...

1.七星潭臨海的咖啡廳，環境遼闊舒適！ …"
1024,心目中最好吃的舒芙蕾、沒有之一！ 餐廳擁有美麗的無敵海景、太讚了！
1025,"老闆態度好，謝謝老闆為我處理娃娃機台問題，非常感謝🙏🙏🙏
如果有任何問題，可以私訊老闆的粉專喔 … 重新裝潢後，外場服務真的很棒，真心給5星好評，還會再來👍👍👍 …"
1026,"餐點非常好吃，且份量充足。
餐廳環境維持的很文青風，很乾淨舒適。
附近有停車場，不怕找不到停車位。 … 餐廳是老宅重新裝潢的，風格很文青、很漂亮
餐點份量剛剛好，食物也有在水準 風景真的超級無敵漂亮，而且用餐的環境也非常舒適
預約的時候建議備註要窗邊的位置，限時90分鐘
餐點的價格跟份量都很合理，而且工作人員服務非常親切、勤快，我都沒有開口，就會主動提供海鹽、黑胡椒，餐巾紙沒了也會主動補上。 …"
1027,"比較像是吃早午餐的感覺~~
下午茶去，現場可以點的蛋糕其實很少~
蛋糕樣式雖少，但都蠻好吃的就是 … 這家海景餐廳位於七星潭，提供了壯觀的海景餐廳，讓用餐更增添愉悅。
停車場位於餐廳的最內部，餐廳環境舒適，氛圍寧靜，是享受美食和自然美景的理想場所，他們的餐點大部分都是羊奶商品，連拿鐵都是羊奶唷，可以試一試。
另外，餐廳外面有養小羊，不知道是否能互動。
無論是品味美食、觀賞海景都能帶給您愉悅的用餐體驗。"
1028,"很可愛的一家店但食物比較偏貴可是好吃！ 無意中找到的一家店！風景非常漂亮，座位也舒適，雖然現在是夏天但坐在外面吹海風也不會太熱，店員每個都很親切！ 環境優美，飯食的部分很好吃
但舒芙蕾鬆餅沒那麼驚艷 想吹冷氣又看海來這裡真的是太適合了，建議提早訂位比較有機會坐在靠窗，飲料價格合理，很多羊奶的飲料，但如果不喜歡羊奶是可以換牛奶或是加價換成燕麥奶，建議有一點不喜歡羊奶就真的要換牛奶，因為羊奶味真的蠻重的喔！"
1029,位於花蓮七星潭海岸邊，我們於炎炎夏日的中午到達餐廳，餐廳前面馬路邊有停車場方便停車。門有一個羊圈，圈養著數頭黑山羊跟努比亞羊，可以讓遊客餵養。餐廳位於建物的二樓，一進入就有一片大面積的採光窗的南洋風木構造用餐大廳。可以看到七星潭的定置魚場，及東海岸的太魯閣山脈。大廳十分高挑，視線良好。中午用餐時我們點了招牌羊奶咖啡，咖啡本身香氣夠，加入羊奶後十分順口不會有羊奶的騷味。午餐我們點了羊膝、辣雞、漢堡及燴雞等套餐。價位從560-680不等。餐點的口味是清爽的，不會太油膩。飯後的甜點是起司蛋糕也是有一定水準。我們到時雖然是暑假非假日，但是也接近滿座。所以假日來這可能會有等待用餐的問題。 朋友小聚聊天的好地方 有美景的餐廳
1030,雖然價位偏高但是景色真的很美，主打羊奶系列，店家也很貼心地備註怕羊奶的可以換牛奶！吐司吃起來非常紮實香氣濃郁，搭配羊奶冰淇淋味道更為突出！靠窗的位置很看運氣～建議先打電話訂位，是個適合跟朋友一起來喝茶聊天看海景的地方！ 咖啡、甜點都挺好的，外帶還有優惠價。 一進去服務人員就來接待，詳細介紹菜單，整間店燈光偏昏暗，很有氣氛，用唱片機放音樂相當有感覺，甜點吃起來很特別，口感很豐富，味道也另人讚嘆。 花蓮最愛的咖啡店！！！超愛檸檬派，其他的派也都很好吃，常常去買一整盒的，整間店雖然小小的但給人家的感覺還是很舒服，而且還有兩隻超可愛的貓貓晤子跟貝果，兩隻貓貓都很親人，帶朋友去朋友也直接愛上這間店，飲料也都很有水準！黑糖牛奶好喝❤️已經去過很多次了~推薦大家可以去坐一下嚕嚕貓😺 …
1031,"運氣很好，連假當天訂位四點，坐到窗邊位置 抹茶舒芙蕾超好吃
環境和服務不錯"
1032,"很舒適的環境，很棒的服務。 是一家無意間發現的好店！
在花蓮待了三天讓我二度回訪的店！
完全治癒了身心靈啊～ …"
1033,很棒的地方 就如其名驚奇，店內的各種佈置擺設都讓人驚奇，服務人員介紹菜單及桌邊服務都非常親切有禮，餐點還不錯吃！只是人氣餐點推薦四種有三種買完了，就在下午17:30左右，晚餐都還沒開始，真是讓人驚奇啊！
1034,"環境清幽，以羊產品為主，很特別。 點了Ethiopia水洗手衝，咖啡豆烘培和手沖水平都很可以的，咖啡帶有淡雅花香，湯色明亮，口感香醇，環境也舒適放鬆的，如果願意還可以與咖啡師淺聊幾句，沈下心來感受當地的風土人情。 特調跟流沙都很好喝順口，非常推薦 7-11賣貨便免運下單可麗露
雖然沒有買很多但包裝很完善
還有手寫小卡超暖心🥰
未來有去花蓮一定到訪！！！ … 很喜歡店內的氛圍，咖啡也好喝！
店員很親切～七星潭很棒的咖啡廳👍🏻 … 花蓮下午好去處🫶🏼貓貓很可愛，黑糖咖啡好喝！ … 肉桂捲很香很好吃👍🏻 …"
1035,天很藍，藍很美，只缺陽光了☀️ 這間店充滿了故事，看到許多明信片才知道老闆是台北來花蓮打拼的～能夠追尋自己的夢想真的很棒！
1036,"環境舒適，價格合理 甜點非常厲害，
原本只點了檸檬塔，
吃了之後一致決議要再點巴斯克蛋糕來吃； … 放鬆的好地方，
抹茶堅果塔很好吃😋
店貓很可愛，每個動作都像Model一樣！ …"
1037,一個喝咖啡看海的選擇 咖啡好喝、甜點也好吃，付費竟然是看客人價值多少付多少👍👍👍👍👍 … 風景超好、東西好吃 平價、味美 好久沒吃到這麼好吃的三明治了。老闆和員工都非常友好。真是個好地方。
1038,私心這麼好的地方不想分享給別人知道，但還希望老闆生意興隆 很棒的一個咖啡廳，挑高很高，靠海放空聊天的好地方，餐點咖啡都有羊奶，很特別，推推
1039,"店員親切熱情，聊天完全不會有壓力，
咖啡種類多，會專業介紹適合的咖啡風味，
鬆餅和乳酪蛋糕超好吃😋一定要試試看！ … 要不是硬要打星星 ，還真的不想給，
打電話去詢問，店家說：「沒有提供電話訂位！」
到現場時店家卻問：「有定位嗎？」 … 點心好吃，環境營造氣氛濃厚，
只是服務不太周到，
明明3位只給2份湯匙， …"
1040,剛好坐到靠窗桌，風景很美！服務人員很親切，整個餐廳感覺起來像高級簡餐廳。麵包好吃，咖啡點有羊奶的，好喝。 偶然發現的小店，西西里咖啡真的如其他留言所說好好喝！隨便點一個莓果乳酪塔也超好吃！不會太甜也不會太酸，有驚艷到。重點是貓超可愛好撸：）但大家真的開門要小心不要讓貓奪門而出
1041,"2021/09/10

被它的景吸引來的 … 20220305

在這間咖啡廳感受了各種氣候 …"
1042,"東西普通，要低消一杯飲料，鬆餅額外加冰淇淋要$40😅內部裝潢看起來很像餐廳，但裡面竟然有小黑蚊（還是果蠅？）一直飛來很煩，衛生有待加強…. … 點了草莓蛋糕、焦糖脆脆和抹茶牛奶～都蠻好看又好吃的😋服務人員都會細心的介紹餐點～
好像是他們準備上的小失誤，導致這兩個蛋糕中間隔很久，我還以為被忘記了🤣
後來很客氣還招待了阿里山高山紅茶和餅乾（可能他們發現我和其他人等太久w
服務超好的～店內位置不多、價格小貴！ … 點了肉桂捲、藍莓生乳酪和新品芭樂美式！店內有兩隻貓貓、外面還有一隻！

肉桂捲的話麵包體是好吃的，但裡面就沒什麼肉桂醬，主要還是搭配上面淋的會比較有味道，蠻可惜的。藍莓生乳酪的話蠻軟的，蠻可以的！ … 燉飯超好吃～麻糬鬆餅很特別，內餡有麻糬，加上奶油和冰淇淋～裡面裝潢很像酒吧w，有一隻可愛的店貓 坐在戶外，看著太平洋湛藍的海洋，心情很放鬆。 在小巷裡，有兩隻可愛的臘腸狗。可惜當天沒有藍莓生乳酪😭巴斯克不錯吃，可麗露外酥內軟也不錯，要低消一杯飲料，伯爵鮮奶茶個人覺得還好，不過是茶味比較重一點的那種。闆娘人很親切。 … 點了咖頌，比我想像的小杯！但是可頌和卡布奇諾都不錯！老闆親切還讓我坐在後面吃🥹 … 咖啡不錯喝價格，有點小貴！不知道要選哪種咖啡的話老闆娘很親切會跟你介紹～，甜點的話小可惜的是抹茶戚風蛋糕抹茶味沒那麼重，草莓生乳酪是冷凍拿出來的（個人認為要提前拿出來退冰，而不是客人點了才直接從冷凍櫃拿出來ಥ_ಥ）但不錯吃！有兩隻可愛貓貓！要低消飲料。 肉桂捲不會太貴（$90）～不是濕的那種，所以肉桂味比較沒這麼重有點可惜，老闆人很好（還請我試喝咖啡(⁎⁍̴̛ᴗ⁍̴̛⁎)，外帶不用低消飲料，外面有吧台可以坐。貼紙$20 已經二訪了～十月休息了一整個月！
菜單主餐的部分有些許改動。椒麻雞的部分跟之前差不多，不過薑黃飯變成白飯，然後沒有了蛋有點可惜。我點了店員推薦新的主餐漢堡肉佐紅酒醬，醬非常的好吃，畫龍點睛。
舒芙蕾的部分一樣很優秀，很軟Q，抹茶口味的抹茶控會喜歡。
內用提前訂位，平日蠻好訂的。價格的部分偏高，有收服務費，低消主餐、甜點、飲料三選一即可。 蛋糕好吃，拿鐵不錯，貓貓可愛，店內位置不多 點了新品北非蛋，就是義式紅肉醬（中間有蛋）和麵包，要$220覺得有點太貴了～

柳橙西西里的話覺得還可以。店內有隻黑柴，很乖可以摸！ 點了肉桂捲和卡布奇諾，肉桂捲沒什麼肉桂味略顯遜色，卡布奇諾不錯蠻順口的，不過就是偏小杯～ 是一家綠意盎然的店，有很多植物！點了嫩雞腿拼盤，有附南非國寶茶。東西還不錯吃～那個奶酪很好吃！但價格小貴 點了巴斯克和磅蛋糕，個人覺得磅蛋糕有一點點乾。總體而言偏普通。老闆很有個性…. 還會跑出去抽煙或睡覺，但是還請客人幫忙放水瓶蠻奇怪的 門在小巷那邊，裡面的格局是長型的，還有會議室蠻特別的，座位附近都有插頭可以使用，點了焙茶巴斯克、提拉米蘇、桂花包種茶麻糬達克瓦茲。巴斯克蠻綿密的，喜歡茶味的可以點這個口味；提拉米蘇的話中規中矩，份量算不小；達克瓦茲的話很特別，第一次吃～
低消的話一杯飲料或$120元，是不喝飲料喜歡甜點人的福音👍價格的話個人覺得小貴。 … 熱壓吐司好吃，本來要點雞腿的但剛好沒了，改點豬，一份$150。份量不多吃完有點空虛w 飲料點可可，就是一般的可可，建議點別的飲料比較好。店內有一隻超可愛的貓貓！ 第一次去闆娘會介紹餐點～點了招牌咖啡（其實就是西西里咖啡w)蠻喜歡的，可惜的是冰度不可以調，不是很喜歡有冰塊的。

馬告可頌上面有鹹奶油，不會太膩，個人覺得中規中矩。 … 點了一塊蛋糕和當季水果鬆餅。蛋糕不錯吃，鬆餅的部份覺得不怎樣，剛好遇到水果是柳橙，很酸不好吃。

低消不用一定是飲料，是不喜歡喝飲料的人的福音！店內有可愛貓貓！ 這間裝潢真的超讚，都是木頭製的，店內有可愛貓貓。甜點好吃，咖啡也不錯，低消不一定要飲料。吃完後可以到隔壁看海～很悠閒～ 季節果醬生乳酪（檸檬柚子）和味增栗子磅蛋糕～兩個都不錯吃！後者很特別！店內有兩隻可愛貓貓，低消可以選甜點或飲料其一。"
1043,服務非常親切，非常適合全家大小，寵物也可以進來喔！（要有寵物籠子）💜非常推薦，網路上介紹的跟現場來的一樣，服務態度很棒，餐廳看的到七星潭，真的很美，羊奶咖啡很特別，個人覺得真的好好喝，羊奶米布丁也很特別，是甜的米飯喔！真心推薦☺️ … 態度非常差勁👎不推薦，大老遠跑過來，跟我們說我們人數太多沒有訂位不能內用，強制我們要外帶，感覺真的很差，非常普通的店，網路都美化她們了，人太多的不適合來喔！雖然說是疫情控制人數，但是裡面也看不到梅花座標示、也無隔板，說穿了，只想接收訂位的客人，不歡迎不速之客，高姿態，不親切，沒有人情味，真心不推，不要被IG照片騙了⋯⋯非常傻眼得到這樣的回答～講那麼多還是要我們外帶，笑著？要我們外帶～人數太多他們不收喔！要外帶😂😂😂6人內才可以訂位喔！回答的很高姿態🤔抱歉都沒有🤔不是高姿態是什麼🤔 …
1044,"用餐環境十分舒服 佈置精心
還有可愛的貓咪偶爾露露面
咖啡選豆用心 沖煮好喝 … 漂亮的場地，來這邊參加婚宴非常開心♥️"
1045,手沖好喝！環境舒適，聚會或自己來都合適，放鬆的地方👍🏽 … 裝潢舒適，氣氛很好。每人要低消一杯飲料。價格偏高，且很多餐過中午就賣完了，還好羊膝好吃。無敵海景很美，但冷氣不冷，下午1:00還是太熱了。 因為避雨而躲進了這間咖啡店，闆娘實在太親切了！一路聊天聊到離開～咖啡和甜點也都很美味！下次去花蓮一定再訪！
1046,咖啡好香又好順口.服務好親切 義大利麵好吃 雞腿肉的部分烤很適當！ 原野牧場在一個觀看情形潭絕佳位置，重點是店內舒服的氛圍，已進入店面映入眼簾的海景，再配上咖啡香，這才是渡假呀！ 餐點好吃，店員人很好
1047,"出發前意外發現的日式昭和咖啡甜點店，沒想到用餐過後真的超級喜歡，店內昏暗的燈光配上古老的日式音樂，還有用心製作的餐點以及服務態度很好的店員，真的堪稱完美的一家店，就和多年的老友在店內用餐聊聊天，真的是人生一大享受。 老公「中午」時特地從新城打電話確認你們「供餐」及「點餐」時間，當時接電話的人清楚回答說「點餐時間」可到下午5點。我們一下花蓮車站就帶著小小孩坐計程車到七星潭，再冒著細雨走著趕去餐廳，時間才4點10幾分（老公腳程快還先跑去櫃檯），結果竟然回答不接受點餐了😡。哈囉！我們沒有一定非得吃你們的餐點不行，只是可以講話有信用嗎？是幾點點菜截止就在電話裡回答幾點截止，不用在電話裡講的跟實際上糊弄我們，旅行趕車帶小小孩的人很辛苦，如果你們服務回答確實，我們也可以直接在花蓮車站吃飯，或提前有其他餐廳安排，不用冒雨像白癡一樣被你們耍，以前每年來七星潭都必去你們餐廳用餐，以後絕對不會去了！ … 很放鬆的海邊咖啡店，店內沒有過多的音樂，取而代之的是人與人溝通的情懷。
在海邊享受美景，海浪拍打的聲響迴盪在耳邊，如果想來一場遠離塵囂的旅行，在這裏你想要有多浪漫就多浪漫。 餐點和飲料都覺得比較普通，沒有獨特的記憶點，有一隻可愛的小貓🐱
但很感謝當天用餐下了一場大雨，能夠在氛圍不錯的小店內避雨，真的十分感謝🙏 …"
1048,"庭院裡的咖啡店，氣氛悠閒。手沖單品有很多選擇，豆子風味很獨特，買了幾包濾掛咖啡回家，也都好喝。 環境宜人
面海座位很舒適"
1049,"很放鬆的複合式餐廳  服務也蠻好

今天很幸運 快四點的時候來 坐在無敵海景的窗邊 … 之前走過錯過
原本今天看天氣預報會下雨
沒想到天氣意外的舒服 …"
1050,"咖啡廳的環境舒適優雅而且有少見的寧靜悠閒感，果然是比星X克那種連鎖咖啡店的吵雜地方好太多了，這裡比較適合有品味的上班族和怕吵的中年人來，相對地咖啡的品質和價格就高級些。 … 以前去過幾次，餐廳外面還有養幾隻羊咩咩可以看，但店內的空調每次感覺都不夠涼，服務也不怎麼上手...唯一的賣點就是白天看海的視野不錯！除了餐飲價格偏高以外，食量大一點的人可能會吃不飽！ 很喜歡金湯達人的氛圍和用餐環境，尤其是後院的高大樹木和花草給人別有洞天的驚喜!這是一間適合放鬆心情和安靜看書的咖啡館。 老闆經營很用心做事仔細，從以前開在鯉魚潭邊的《水色》時就去吃過他現做的鬆餅，當時大夥兒都驚為天人吃不過癮...還重覆加點了三次哩!

只可惜後來遷回吉安以後的店面在住宅區就比較不好找和停車，否則還真是想念水色的鬆餅啊!（其他餐點和焗烤馬鈴薯也好吃... ）推薦各位有找機會去吃吃看，保證不會讓您失望的喔！😋👍 …"
1051,這是在七星潭附近的咖啡館 靠窗的部分是可以看到海景的特別的是有羊奶咖啡 真的非常有羊奶味 但是都很小杯只能續杯1次價格算貴 另外還有提供餐點 餐點份量多，飲料特別 舒服寬敞 裝潢設計優，餐點好吃，推泰式打拋豬，加辣更夠味，用心的料理，環境優美，還有小花園
1052,不知道是不是沒有處理好，羊奶咖啡的騷味非常重，連愛吃羊肉的人也喝不下去，小小一杯(150ml)就180元了！除了燒錢以外，根本是找罪受😖只有風景美，服務態度冷淡，若想吃美食還是選擇其他餐廳吧！ … 服務差勁
1053,"無敵海景最優，餐點可口，就是限時90分鐘有點意猶未盡。
家庭聚餐、朋友聚會或獨自前來，都好適合呦！ 與友人聚餐，環境舒適解壓，雖然囿於空間格局，座位都靠得蠻近的（除了沙發區外），但用餐禮儀滿滿，沒人喧嘩，感受極佳。
餐點中規中矩，咖啡單品很不錯，值得再次造訪💕 … 穿過洋腸小道，文青風茉莉餐廳就在眼前，1樓空間不大，坐位有點侷促，小聲輕談是必需的。
套餐中的薑黃飯深得我心，Q彈勁道令人回味，主餐菜色中規中距，頗具水準。
限時2小時的用餐時間，算是美中不足，真的好想再多聊一會兒😁 … 整體環境充滿可愛輕鬆的氛圍，乾淨清爽，貓咪很加分；餐點可口份量足，飲料中規中距，聚餐或獨食都能很悠哉的享受。"
1054,很安靜的小咖啡廳，杏仁塔很好吃！ 服務普通，要等超久，食物也普通
1055,Cp值很高 東西好吃不貴 整個裝潢讓人感覺跟店名一樣 很驚艷 各種擺設都很有個性 適合跟朋友聚集的場所 太喜歡這裡了 很像宮崎駿電影的場景
1056,海景第一排，咖啡店招牌吃水餃，可惜那天去的時候剛好沒瓦斯 羊奶咖啡很特別 店家會給冰水很讚
1057,店小但擺設很精緻很有氣氛，人少的時候適合來看書休息，店貓很親切，會不時探望客人，可惜這個月只營業到18:30 餐廳室內(二樓)施工中，在外面用餐會有一些蒼蠅造訪，有羊奶咖啡、羊奶冰淇淋值得一試，三明治比較普通算偏貴，但能夠摸到可愛的山羊就值回票價了
1058,"超美的風景搭配有特色的飲品甜點
但是建議先預約才不會沒有位置（靠窗座位需提前一個月預約） 冬瓜檸檬 檸檬酸的明顯 好喝
3.5🌟餐飲性價比
其他一切很好 …"
1059,"很好吃 但是阿法奇朵倒咖啡的小壺
真的要換掉 完全沒辦法用 咖啡滴滿桌 好吃 羊排好吃 冰淇淋好吃 無敵海景"
1060,復古典雅，咖啡好喝，甜點好看好吃，冰品色㕻沬俱全 超級無敵海景，羊奶咖啡特別
1061,吃飯的環境氣氛好，工作人員服務好，餐點不錯吃，飲料點芒果冰沙，可以吃到芒果的顆粒，不甜，吃起來有透心涼的感覺。 羊奶咖啡很特別，喝得到羊奶的味道，淡淡的，這是我第一次喝，咖啡可以一直續杯，服務生很親切，還可以看到太平洋，是個放鬆心情的好地方，三五好友一起聚會聊天好場所。
1062,"視野很好，有室內跟室外的座位可以選，老闆待客熱情友善 景觀不錯，可以看海喝飲料！
如果要靠近窗邊的位置需事先預定。
小巷會車不易要小心開車。"
1063,"無敵海景
要維護自然的景觀其實很不容易
店內裝潢很美 … 算高價位$120⬆️
老屋換上新靈魂卻是無價
甜點味道層次豐富好吃"
1064,"東西好吃 音響好聽 員工吃麥當勞看起來也好好吃 哈哈 看海 喝咖啡 發呆 。。。賣風景+環境的地方

風景+用餐環境7星 … 老闆👍！堅持就是讚，鬆餅好吃絕對不可錯過黃金時間（2021.9月）

二訪了，東西還是很好吃😋，吃到了私房奶酒冰琪淋鬆餅，可惜鬆餅不能外帶（有黃金賞味期限）（2022.7月） …"
1065,"餐點驚奇又好吃也很美觀♡
店內環境擺設獨特又有風格♡
店員很可愛♡服務也不錯♡
常和姐妹來。永遠來不膩😍 … 姐妹聊天的好地方 ✌
餐點也很美味 ✌
會一直想來 ❣"
1066,好喝的文青咖啡館！ 都已經事先打電話詢問是否有空位可以「用餐」，服務人員只回答客滿需現場候位，滿懷期待跟走了一段路到現場後，才表示因為後面有人包場所以只有飲料和甜點，已不供餐…但電話裡完全沒提到這件事，害我們整個白跑一趟！感覺非常差！！
1067,"氣氛好 甜點超好吃 店員人很親切介紹詳細 鹹食：附湯附小菜，肉量很足頗具誠意
-醉雞腿飯- 還算不錯，但個人口味吃到後面覺得些許微苦
-台式燒肉飯- 肉炸得外皮酥脆，搭配店家的兩個醬(糖醋/酸甜)之下飯的好吃。 … 羊奶很特別 景一流，但因沒有在對的時間到，所以很多美食都售罄，雖只有小菜可嘗鮮，可還是吃得超滿足。"
1068,"店員很健談，
冬瓜拿鐵超讚，
營業到深夜對夜貓族超友善，
值得五星推薦！ 空間很大，可是空調設備很不足，
很悶熱的室內環境很影響食慾。
菜單選擇性很少，訂價卻很驚人，
海景超無敵，但不會再訪了！"
1069,"價格偏高 裝潢很用心，處處有驚喜
服務態度很好，東西選擇多樣，也很好吃
值得推薦❤️ 環境舒適
還有可愛的貓咪～
服務人員都很好👍🏻👍🏻👍🏻 … 好吃 環境舒服👍🏼 … 快閃一波 )）)）)）)）)）下一站

設計簡單俐落帥一波 … 風景漂亮, 食物中等, 要座在窗戶邊 要事先訂位付訂金, 缺點可能就是鮮羊奶真的羊騷味很重, 羊奶冰淇淋也是 , 還有就是價錢稍微高一點, 但整體還是很棒, 適合情侶海景第一排"
1070,環境乾淨貓咪也很乖，餐點便宜精緻且不強迫小孩消費，小孩很喜歡這裡，應該以後來花蓮都要來一趟了😂 … 如果不是靠窗沒什麼特別感覺，我會選擇星巴克比較自在，給一顆星是員工態度不錯，不會回訪
1071,環境舒適，餐點好吃，價格合理，對小孩友善耐心。 單品手沖喝起來溫潤順口，布丁的焦糖好好吃，忍不住想舔乾淨😋 … 視野很好，炎熱的天氣又想看海，是很不錯的選擇。不過坐靠窗的位置，要先預約喔！
1072,這裡的環境很棒，有很多種的鳥鳴以及花香，旁邊的美侖溪是更棒的(我覺得)有魚耀鷹飛，蟲吟唱，小水雞吃美食，現在的候鳥暫息吃實物，一切是拿麼的自然的承現。多麼的輕鬆自在的在我的眼前呈現，在這裡的食物有我愛的紅薯，很棒。真是怯意的。感恩。合十。禮敬。一切是這麼的祥和，在感恩。 改裝完成後，第一次到這裡來，景觀視野遼闊多了。山羊依舊叫著。咩O咩O咩O咩O，咩O，感動啊；人我羊一境。謝謝。好羊乳的咖啡，美景。海浪拍打著礫石沙灘上的聲音。大地之母「蓋婭」的呼喚著我，和我的心跳聯動。就是這個味，沒錯。就是這個。        讚
1073,"擁有防空洞及田園秘密花園
很特別悠閑咖啡漫遊花蓮情 小巷茉莉 詩情畫意  有愛最美 靜美相隨 咖啡無期限 創意無限度 實季悠閒巷 食記咖啡香 璞石鬧巷藏 晨間客来歇 原野洋海  看見七星潭之美"
1074,很適合慢活旅行 平日羊奶熱咖啡可以無限續杯， 原野牧場可以做一整天泡在 窗戶旁的位置欣賞海景 氣氛很好ㄉ
1075,"餐點有水準

桌邊服務有待加強，問題點就不明講了 … 很久沒來了 舊地重遊還是一樣美麗的海景 好喝的羊奶咖啡❤️ 服務人員很親切
東西分量蠻多的 很熱情的老闆，咖啡也很棒，本來叫外帶，就不小心就這麼坐下來聊天～"
1076,店面重新設計後，變得很明亮環境很舒適放鬆，餐點好吃，很適合約會或是朋友聚會的好餐廳。 環境令人舒適放鬆，店內可愛的柯基偶爾穿梭在身邊，司康吃起來特別驚艷，外皮酥脆內部鬆軟又帶點紮實，熱熱的吃起來特別好吃，店內座位不算多，但相比路易莎人山人海來說，還是這裡讓人有清靜放鬆的感覺。
1077,窗外可以直接看到七星潭超讚！！餐點也不錯吃，下次來花蓮玩會再來一次👍🏻 … 超級好拍又漂亮的店❤️闆娘漂亮又nice🥺飲料也超好喝🤤 … 老闆幽默還有酒 餐點很好吃😋 …
1078,消費不低，景觀不錯 好吃的鬆餅，非常酥脆，小朋友的最愛，還來不及拍就被吃掉了 環境適合聊天，咖啡好喝
1079,"無敵海景
羊奶冰淇淋好吃 咖啡好喝，布丁也好吃，老闆很熱情，會很仔細介紹咖啡香氣、口感及食用方式，貓貓超可愛超愛撒嬌！"
1080,超級無敵海景，適合在這邊待一整天～ 好久之前來過一次有狗狗，現在只剩下貓貓，東西好吃，價位中上。
1081,風景優美，食物的CP值偏低 老闆娘是烘焙師，屋內都是古董，上了咖啡課，欣賞了古董，每一件用品都是老闆娘的心思，氣氛佳，超高CP值。到花蓮不可錯過。
1082,外帶楓糖麻薯鬆餅，之前訂foodpanda都有一小盒蜂蜜跟鮮奶油，但這次連楓糖都沒有... 老闆非常專業的介紹著如何吃鬆餅，還有每一種咖啡的味道，酥脆的鬆餅不錯吃，有果香的咖啡也很順口。
1083,"意外踏入這處空間不大但有著舒適氛圍的咖啡館，店面雖然很窄，設座也不多，但奇妙的是置身其中有著徜徉在大海的自在感，並不感到侷促。

招牌的雞蛋糕有各種海洋生物的造型，海龜、鯨魚、魟魚等紋路相當逼真，感受得到主人的用心，滋味當然也好。
咖啡豆都是主人手工火烤烘焙，喝起來香氣足又順口，非常推薦，價位也很實在。 老字號的景觀餐坊，
多年來空間仍維持得很好，
餐點也都有一定品質，
在此放鬆看海真的很愜意。"
1084,"平日美式咖啡、羊奶咖啡（熱飲類），無限續杯。
店員很親切，還會主動幫你續杯，完全不怕你喝喔！ 打發時間的好所在～"
1085,"空間非常好，但缺少維護。
有熱帶島嶼的感覺，也有南島的上菜速度。 專業咖啡 很有個人理念的老闆，整齊雅緻的老房子，幽靜的空間，豆子烘焙的很棒，值得來品嚐"
1086,"鬆餅很鬆軟，燉飯也好吃讚 意外找到的店
沒想到超級喜歡
店內氛圍很安靜舒服 放鬆感 …"
1087,"咖啡好喝吖！ ！ ！推推100 羊奶拿鐵羊奶的味道比較淡，海景很美，負責人很努力、親切 網路評價兩極，喜歡的說麵粉很香，不喜歡的說很乾，猶豫很久訂了茶香組禮盒宅配。我個人喜歡悄悄司康的外酥內鬆口感，朋友喜歡creammm.t司康的類麵包口感。
收到雨林司康的當天直接常溫吃，的確能聞到麵粉香味，口感介於悄悄和creammm.t之間，也覺得有點乾，不過能吃出雨林用的食材是好的。
後來改回烤再食用，口感變成外酥內鬆真是太神奇，而且麵粉香氣和茶香也大提升，強烈建議一定要烤過之後再吃。"
1088,有特色的餐點談天聊聊好地方 無敵海景就在眼前，好停車羊羊都是自己養的，新鮮羊奶和特色料理待您來品嚐。
1089,咖啡好喝，老闆親切。 品味羊奶與欣賞海景的好去處，用餐完可以步行至海邊散步丟石頭。
1090,"等30-40分鐘，正常 如此的價格並非達到品質擁有,其它也不予置評了⋯"
1091,"風景很棒~ 不過想點的食物剛好都沒了.. 可是店員服務還是很客氣~ 想吃記得務必提早訂位！
環境舒適，服務態度好，餐點美味且份量充足，旁邊就有停車場，停車方便。
今天試了燒肉，鱸魚，醉雞，口味都很不錯，但醉雞比一般餐廳的酒味略重，小小孩不太適合。"
1092,"很舒服的咖啡廳，但位子真的就不多。來花蓮時可以進來坐坐，躲太陽🌞
（有低消一杯飲料）
（店家附近不好停車，看網路上說可以停在七星潭停車場） … 羊奶咖啡很特別
平日室內安靜看著海好舒服"
1093,"1. 服務人員親切
2. 海邊風景美麗
3. 餐點稍貴
4. 空調很弱,好熱啊 原本以為熱壓吐司是一般的作法，把食材壓得扁扁的，送餐上來後是澎湃的餐點，另外今天的口味是老闆本日特選限量的啤酒豬肉乾咖哩口味，好好吃喔！配上蜂蜜鮮奶茶整個早餐吃得很滿足"
1094,約會放鬆心情的好地方 好吃服務親切 喝咖啡吃下午茶的地方，平日已經沒有羊奶咖啡續杯服務囉！ 享受早午餐的悠閒環境
1095,蛋糕跟飲料都蠻普通的，但價位也不高，算是和朋友度過時光的好場所，有貓就要加100分XD 風格絕佳喝杯羊奶咖啡、看七星潭、飛機、山羊、漫步海灘，值得一遊！
1096,"有意思的摩卡壺，新體驗❤️餐點實惠 司康好吃😋 … 氛圍很讚，冷氣爆炸冷🥶，需要備外套，泡芙口味不習慣但是好吃的，蒙布朗被對面的朋友秒殺😄，咖啡還行，生吐司搭奶油經典，檸檬蛋糕很不錯😌👍 … 🍮對面的女孩很愛，說吃很飽還是一口口吃完，咖啡風味不錯😌很舒服的空間，然後我一直想去坐地上😂 … 極度優秀的手沖咖啡❤️鬆餅第一名🏅 … 羊奶冰淇淋🍦😋結果拍了麵包 … 今日體驗舒服蕾～好險有舒服沒有雷！
抹茶紅豆冰淇淋很安全牌 小松鼠挺可愛，適合網美拍拍照，舒芙蕾口感細緻，在口腔中有豐盈蓬鬆的感覺
主餐紅酒燉牛肉，不是我本人愛的口味，屬於創意網美店，三五好友拍拍照豐富畫面挺好的，個人比較老派一點，喜歡能凸顯食材本身的料理，但創意很好所以給她四顆星❤️"
1097,"跟朋友臨時約在這間咖啡廳 點了拿鐵跟昭和之心！非常推薦這個甜品！非常新奇而且也很好吃♡(๑♡ᴗ♡๑)本來想吃焦糖阿法卡朵但不方便所以只能等下次了！熱拿鐵的奶泡也很綿密～算是咖啡廳裡面好喝的咖啡☕️！服務人員也很親切並且也順利坐上大桌，唯一的缺點就是冷氣太冷了🥹 … 我覺得黑糖拿鐵蠻好喝的～因為牙齒關係很可惜沒辦法吃到甜點～我覺得4.5顆星我覺得裡面有點太小了🥹今天坐塑膠椅坐到有點不舒服，而且會跟別人擦撞真的是美中不足🥺 … 當天點清蒸海鱸魚飯，餐點好吃能有飽足感，飲料甜點也令人驚豔，芝麻堅果拿鐵熱熱喝真的很舒服又養生～ 還不錯~ 飲料不錯，羊奶蛋糕也不錯吃。不過就是裡面很~~ 熱 😅 … 溫暖的地方
菜餚簡單但美味。
冰淇淋聞起來很香，吃起來也很美味。"
1098,"環境美
舒芙蕾好吃綿密
可以當一餐 … 咖啡很厲害
選擇困難 好吃的舒芙蕾
真夠舒服
希望出草莓🍓 … 📝京都一保堂焙茶 $180
📝瑞穗嘎保茶 $180
📝經典奶茶布丁佐鹽味焦糖布丁🍮 $130 … 拿鐵好喝、法式吐司好吃，拿鐵上的拉花美到令人屏息～～超療癒
老闆很親切，整個店內環境很舒服
如果下次來花蓮，一定再來!!! 氣氛好 甜點好吃
-
五年後回購 … 目前第一名肉桂卷啦
住花蓮這麼久一直嘗試一直等有沒有我愛的卷卷
這家新開的真的不錯👍🏻 … 📍舊抽屜咖啡
-
📝雞肉捲拼盤$300 … 肉桂捲超少核桃的讚喔
討厭核桃的超喜歡
然後焦糖的好好吃
而且這是我會回購的肉桂捲常常買 這次買檸檬跟伯爵
我超愛檸檬的
我要再買來吃 … 貓貓天堂讚 很靜謐祥和的氛圍
還有貓貓在你腳邊鑽來鑽去
覺得身心靈都平靜了 …"
1099,鬆餅很好吃呢 羊奶咖啡超難喝 但是有無敵海景 所以我給五顆星
1100,"西班牙牛肉三明治微辣
美式咖啡
蜂蜜肉桂卷（撒上檸檬皮） … 咖啡超好喝 羊奶咖啡好喝，門口養了三隻公羊
可以餵草。 服務人員說話都很溫柔輕聲細語，環境很舒服，人不多的時候可以悠閒的看書"
1101,週五下午來這裡上聖誕花圈的手作課，課程很療癒，點心很美味，謝謝厚點甜和oliy’s garden❤️ 推薦所有生理期人類都進來吃飯、小歇，有免治馬桶就給滿分💯 …
1102,"環境變得很美式
餐點依舊是好好吃
推薦大家可以跟朋友一起來享用美食哦❤️❤️❤️ 拿鐵好喝 氛圍很好"
1103,附近不好停車，建議做木椅，不要做沙發區，桌子的高度不適合用餐，餐廳裡面食物的味道很重，酥皮濃湯味道還可以，空間佈置感很像KTV，基本上是沒有甚麼服務可言，去了兩次之後，應該不會再去，餐點沒有什麼特別之處 空間算寬敞的咖啡廳，有好幾面的大窗戶，坐在窗戶邊不管工作或是閱讀都非常棒，讓人捨不得立刻。老闆跟服務生都非常親切，咖啡廳強項是手沖咖啡，所以是沒有提供餐點的，這點去的朋友要稍微注意，但是提供有麵包、貝果、蛋糕等搭配咖啡。整體消費感覺是不錯的，待了一個下午，吃了肉桂捲跟起司貝果，都是我平常愛吃的，店家都會加熱，肉桂捲單吃會有點乾，建議可以淋上一點蜂蜜、煉乳或是鮮奶油，口感會更棒！當然這只是我的個人建議，有的人可能覺得單吃就很棒了🤭 …
1104,"心之谷和霍爾的移動城堡，魔法黑咖啡。 日正當中時，冷氣房的玻璃窗外的七星潭海岸。 好喝又美的拿鐵。

深海底下，小美人魚典藏人間至寶的地方。"
1105,有特色，裝盤美麗，處處可見店家用心經營 景觀佳，無敵百萬海景，牛奶好喝，衹是蛋糕種類太少了
1106,"舒適的地方,平日點羊奶咖啡可以續杯,還附乳酪蛋糕 老屋的院子露天的咖啡
自己烘豆，磨豆，手沖咖啡，手作甜點
店家有養貓"
1107,"環境超棒 很適合帶小孩 好朋友聚餐👍🏻 … 跟朋友路過美崙山上的咖啡廳，被裝潢吸引
進來以後特別喜歡！
餐點 咖啡 裝潢 店員都太好了
很適合來花蓮放鬆的下午❤️"
1108,"適合下午安靜的叫杯羊奶咖啡看看風景 ！ 2F咖啡廳
安靜，適合旅途中休憩的好地方"
1109,"蔬食餐只有一種，期待多增加一些蔬食餐點的選擇👍🏻 … 多年前就知道這家
號稱全台灣最好吃的鬆餅
身為鬆餅控早早把他放入口袋 …"
1110,在七星潭走走 中午在此用餐還不錯這裡的服務人員很親切 很不錯用餐的地方
1111,用餐環境不錯，風景優美，羊奶咖啡好喝。 喝咖啡的好地方，輕鬆舒服的環境
1112,"早午餐很美味 咖啡好喝 環境舒適、海景也很漂亮，會再回訪！ 12/2019
老闆總是一臉正經的講幹話，很可愛呢。 … 巴斯克蛋糕
西西里咖啡非常讚👍 … 這家咖啡館的咖啡師技藝精湛，環境也十分宜人！配上美妙的音樂，在這裡品嚐一杯咖啡絕對能提升我在花蓮的整體體驗，讓它成為我旅程中難忘的回憶。強烈推薦！ 相隔三年再訪咖啡花

咖啡還是一樣的好喝 … 熱卡布有杏仁奶的香"
1113,"風景優美 羊奶吐司不錯吃 但餐點價位偏高 很有味道的咖啡店
有創意的甜點"
1114,早午餐共桌敍聚好地方 西餐式~風景好.近七星潭岸邊.遼闊的太平洋。 想喝咖啡的好去處！
1115,視野很好   餐飲不錯   異國風   羊奶飲品挺特色的   起士蛋糕好吃 很舒服的地方，咖啡很棒，有單品可以選擇，還有藝術作品駐點。老奶奶檸檬糖霜蛋糕真好吃
1116,服務好，景觀佳，羊料理有特色 每個角落都讓人有放鬆的氛圍，期待下次再來
1117,"朋友送的彌月蛋糕，真的好好吃！
芝麻口味超濃郁，剛到手不到10分鐘只剩盤子了，一定要去造訪的店家😍 … 拿鐵咖啡不推☕️喝起來咖啡味牛奶味都蠻淡的！
義大利麵🍝好吃不膩，雞腿排煎的口感很好，嫩有汁邊緣酥香😋有附贈紅茶、推薦麻糬鬆餅！麻糬是黑糖口味，跟一般的鬆餅吃起來不太一樣，蠻特別價位也不貴～座位寬敞舒適、整體用餐愉快！還會再來光顧。 … 用心經營，手繪石頭好可愛🪨
離花蓮市區很近，風景好🌊
令人放鬆愉悅的地方～推👍🏻 … 熱熱的司康好吃～真材實料
建議櫥窗要裝門，這樣可以杜絕髒污蚊蟲也比較衛生，當天去購買有看到1、2隻果蠅🪰在司康周圍飛來飛去，建議改善會更好 … 店外觀看起來沒什麼，沒想到裡面空間大、園藝也做的很好，多肉植物應有盡有、環境有特色用心、有🐓🐰～喝完咖啡吃完餐點走走晃晃欣賞～餐點用心精緻、手做戚風蛋糕🍰
肉桂捲也蠻好吃的，熱熱的充滿肉桂香氣 … 鬆餅🧇好吃😋
店裡還有🐈坐陪 … 風景優美，店內氣氛好，餐點精緻新鮮好吃
咖啡蠻好喝的，不敢喝羊奶可換鮮奶 氣氛好！用心經營，東西好吃～值得造訪
推薦大家👍🏼 …"
1118,餐點可口，環境舒適，店狗可愛 無敵海景的咖啡廳
1119,"我的貓咪呢？ 點了共2000,近乎和7-11料理包差不多，我完全不懂"
1120,"甜點超好吃的，用料新鮮不手軟，喜歡草莓菠蘿泡芙👍🏻 … 環境舒服清幽❤️老闆人也很好
貓貓豪可愛～推薦大家可以來👍 … 可以一邊喝咖啡一邊欣賞七星潭的美景👍🏼 … 花蓮最棒ㄉ咖啡廳，絕對一百分！"
1121,很有質感的咖啡店 羊奶咖啡，有點不習慣但環境是舒服的，緊鄰大海
1122,"餐點好吃
男服務生 服務非常好👍👍👍 … 美式普通"
1123,店主親切、海景無敵、咖啡和烤花生土司又美味。值得多次到訪 根本就是約會的好去處，餐點氣氛完全對了
1124,海景遼闊，熱純鮮羊奶好喝。 讚！
1125,重新裝潢後，原味氣氛盡失，咖啡也差強人意 水準之上 老闆娘很有氣質
1126,"上海街與忠孝街的交叉口
位置很好找
店內有養貓 很親人 會在桌上走來走去 … 手沖的很好 甜點非常好吃 咖啡有手沖店水準 下午一直想找間海景咖啡 想來想去還是跑來這裡了 日式老屋 有故事的一家咖啡館
空間大 安靜 木頭氣味很香
氣氛十分放鬆 …"
1127,"空間大、環境安靜且舒適，佈置精美！
咖啡口味偏酸，可惜整間咖啡廳只有一個插座提供客人使用，對於需要使用電腦的人略微不便 好好吃的精緻甜點😇😇😇 … 景觀無敵 有店狗絕對五顆🌟 …"
1128,"裝潢和擺飾很好看，夜晚燈光美氣氛佳，店內乾淨舒適、服務佳且餐點很棒，尤其鬆餅的餅皮，咬起來像麻糬Q彈。

重新裝潢後有像餐酒館的感覺，還有免費的格鬥遊戲機可以玩，空間寬敞乾淨。 看似簡單的門面，開門卻別有洞天，路邊有停車格、座位多、提供廁所和餐具及檸檬水需自取，後花園整理的很美，還有多肉植物、兔子，餐點養生且美味，甜點很喜歡。 窗戶旁的座位很搶手，可先電話預約，空間大座位多，室內戶外各種角度一次滿足。雖然單價不低但超美味，肉質脆軟又多汁，好拍照且服務好。 已來訪多次，超愛帕尼尼系列和鬆餅，還有可愛的店貓療癒身心，老闆很親切、環境整潔，有提供廁所。 在巷子停車較不方便，店外就有許多盆栽很療癒，進門後許多果實、木製家具都很美，雙人桌的設計像展示箱很特別，餐點項目不多但用料都很養生、美味，服務佳，店貓好可愛。"
1129,景觀不錯，食物也很有特色 場地優雅
1130,好的 風景好，羊奶咖啡有特色
1131,"夜晚聊天特好去處 鬆餅超好吃 東西好吃！鬆餅一絕！
最愛義大利麵跟鬆餅～必點！
離東大門夜市很近～ …"
1132,"電話打了2個小時都在通話中，私訊也不回？
故意等打烊後再試著打看看，竟然就通了呢 可以讓人非常放鬆的一個地方 點一杯咖啡，一個特製甜點 (可以問老闆娘當天是否有特製甜點 非常好吃😋）坐在戶外 看著海 放空 chill😊 … 地點很好找，氣氛也很棒 超棒，100分，台灣最好吃的檸檬塔 非常棒的餐點 很舒適的地方～餐點也好吃"
1133,"第二次回訪，貓咪一樣親人、給摸☺️
店內有股很好聞的咖啡香氣，有時候老闆在處理咖啡豆的時候會特別香！如果不知道想喝什麼的也可以請老闆給建議，老闆、老闆娘人都很好，也可以跟他們聊他們養的貓咪🐱
缺點大概是店內有些位子有一、兩個比較小一些，如果是喜歡寬敞位子的可能需要早點到，就可以自行選位 … 甜點好吃 飲料也好喝
環境很好 拍照漂亮 有兩隻可愛的臘腸狗，很親人
老闆娘也很親切介紹，適合下午聚會，甜點跟咖啡也很好吃 風景漂亮 餐點用心"
1134,好吃 啥都好 就是不習慣羊奶的味道
1135,義大利麵與烏龍麵大推，惟口味稍稍偏鹹～ 現沖咖啡值得ㄧ嚐！ 用餐環境優美 餐飲品質極佳 非常推薦
1136,專業咖啡、舒服環境首選 花蓮第一海景，優質羊奶美食系列
1137,鬆餅超好吃 老闆ㄎㄧㄤ到爆 好吃！用餐環境也很漂亮💕💕 …
1138,無敵海景，新裝潢，餐點美味 裝潢特殊，後面有小花園，喝茶聊天的好地方 有風格的簡餐店，不錯的感覺 黑糖拿鐵好喝
1139,風景漂亮，餐點偏貴 提拉米蘇蛋糕好好吃，一點點酒香，吃起來像冰淇淋。玄米茶就留給不喝咖啡的人，拿鐵的豆香醇厚，難怪週六午後，人那麼多，
1140,有特色的餐廳、東西也不錯吃。 點了單品手沖咖啡、自己對咖啡是很刁的，但非常滿意～推薦 （太專心喝沒特別拍照片😂) …
1141,非常舒服放鬆的地方 奶酥厚片敲好ㄘ的 加肉桂粉不衝突
1142,👍 3/28來訪 東西好喝 … 不錯👍 … 路過喝咖啡 👍 …
1143,"價格偏高，兩年前吃時，羊奶有很重的羊騷味。 服務好。
照片用餐時間為 2017/05/11"
1144,環境優美，餐點美味。強力推薦舒芙蕾鬆餅。 動物友善的好店，店內無異味，環境很放鬆。 很有人文氣息的特色小店，食物都是水準以上。 甜點非常美味，真材實料。 風景很美，但是有點熱 咖啡、美食、展覽，各種細節都顯示老闆對餐廳的熱情和愛。 很有復古情懷的一間日式點心店。 價位略高，咖啡、點心品質很好。 專業好咖啡 在地好店 史上最美味的鬆餅！ 藝文中心！ 美翻了，女生會喜歡的店！
1145,還可以 環境不錯，適合沈澱心情
1146,它的餐點裡的飯是五穀米，整体搭配好看又好吃，但牛肉太Q了牙口不好的人会咬不太动，後面的花園很漂亮 坐在窗邊可欣賞到白色海浪的起伏
1147,一邊看海，一邊用餐，服務品質優， 無敵海景
1148,可以在室內看海景，超美的～ 氣氛好，適合朋友聚會的地方
1149,地點棒，有一種孤寂的氛圍。 到花蓮，不來小巷茉莉，是一種遺憾。
1150,"窗戶故障無法開啟  屋內悶熱 空間悠閒舒適
可可味道濃稠不太甜
抹茶戚風味道淡雅 搭配抹茶醬會更有味 …"
1151,景觀很棒.東西特別 每項甜品都很有特色！ 花漾橙柚塔酸酸甜甜很推薦～吃甜食最怕吃得很膩，橙柚塔完全不會膩！昭和之心也蠻推薦！
1152,供餐時間可以再長一點 用心經營，餐點環境都令人滿意
1153,"環境相當的整齊乾淨，有附設停車場，鬆餅好吃，凍檸茶好喝，無可挑剔的好店。 空間寬敞，環境清潔舒適，咖啡好喝，維修咖啡機專業，下次有機會再來試看看甜點。 海洋生物形狀的雞蛋糕好吃，吃得出雞蛋麵粉香氣，原味就非常耐吃，可提前打電話預約，比較不用等。 小巷茉莉的裝潢讓人覺得舒服，停車方便，餐點好吃，如果要吃舒芙蕾，要下午兩點才供應，記得要先訂位。 來這兒吃過幾次早午餐，沒有留下照片，今天是下午時間造訪，客人不多，平時來都是滿滿的人，這樣特別有種悠閒的感覺。
帶小朋友來的話，小孩一定馬上說要去後院，沒錯！這家咖啡廳有一個超大超美的後院，有很多的多肉植物，有雞有兔子，夏天的話，還有花蓮特產小黑蚊，不過店家有貼心準備防蚊液，後院還是蠻值得來逛逛的。 … 咖啡好喝，老闆字好看，重乳酪起司蛋糕非常棒。 下午時間造訪，這個珍珠舒芙蕾鬆餅意外的不甜好吃！ 環境清潔舒適，冷氣夠冷，後方有停車場，路邊停車也算方便，咖啡好喝，桌桌電動桌為一大亮點，甜點口味算是普通，肉桂捲偏乾。 咖啡好喝，今天是為了厚蛋吐司而來，沒有失望，會再來訪。 巷弄裡的好店，咖啡好喝，店狗可愛，環境舒適乾淨，吐司非常好吃，必點。 當日點餐老闆有說只有一人服務，餐點會稍慢，我們不趕時間，所以無所謂。等餐時間，可以在外面好好的走走拍拍，海景無敵的院子，處處都有巧思，喜愛拍照的人，會很開心。炸物拼盤好吃，飲料中的冰美式屬重烘培口味，室內有冷氣，環境也很舒適，會再來造訪。"
1154,這無敵海景超讚的 闆娘的司康很好吃！回台北後太想念了，請花蓮朋友幫忙代🥹🥹🥹還有可愛狗狗 …
1155,"餐點好吃
有三隻可愛貓貓 到花蓮旅遊也可以到此慢慢享受絕佳的下午茶 重新開幕！完全不同風格
但還是一樣好吃😋 …"
1156,有特色 臺灣最美的海岸在這裡。
1157,"點了原味肉桂捲、費南雪、抹茶歐蕾和美式
肉桂捲的肉桂味不會嗆辣，整體不算濕潤，不過還是外酥內軟～抹茶歐蕾的抹茶味佔比較少，不會有苦澀的感覺 … 美食 美景 無可挑剔"
1158,"很喜歡這裡的文藝空間很舒服
會想再去👍🏻👍🏻👍🏻 … 特別的羊奶咖啡 喜歡"
1159,早餐好吃 餐點精緻口味佳，甜點不能錯過。 景觀佳，場地舒適
1160,環境舒適，濃濃異國風情 藍天碧海映入眼簾
1161,"好吃！環境讚！
但那些照片是店內食譜書的照片不是店內食物的照片哈哈哈 每次來花蓮必來"
1162,"坡上的甜點很好吃😋
不會太甜也不會太膩
布丁的口感很綿密很ㄉㄨㄞˉQ … 無敵海景但是貴 店內的氣氛很好，原木打造的擺設很棒，雖然是ㄧ間小小的咖啡屋，旁邊就是鐵軌、馬路，本應該很吵雜的地點，卻被店內的氣氛調和的很安靜，比起星巴克我更喜歡這裡的氛圍，感覺拿上一本書可以待上ㄧ整天，咖啡的香氣很到味，第一口有驚艷的我，五分是給咖啡的（可能是附近就有咖啡豆的專賣店），拿鐵也很推，店家很用心，給了花蓮這麼獨特風格的小店🥰🥰🥰。PS.我喜歡她們播放的音樂！ … 手沖咖啡好喝，甜點也棒，店內氣氛很棒，服務態度輕切。"
1163,"好喝 優雅的用餐空間
鬆餅非常的特別入口即化
陳年紹興釀製的醉雞也非常的好吃 好吃
氣氛佳
貓咪有個性 景觀美海景無敵"
1164,甜點超好吃 朋友來必訪
1165,"咖啡超好！
（超推招牌浮室咖啡）
咖啡+檸檬很特別。 … 風景很好！"
1166,餐點可以，飲料普通 服務很親切
1167,還不錯，但蛋糕不能抵低消實在太靠腰了！ 餐點普普，份量不夠，價格偏高，沒啥特色
1168,"鮮奶茶的茶香味很重 好喝
可麗露跟蛋糕也都好好吃
店裡的兩隻狗狗都好可愛會躺下來討摸摸 一級棒"
1169,"超讚 很舒服
飲料很多選擇
香蕉奶昔咖啡好喝 空間很舒服
有貓五顆星"
1170,優閒下午茶。 享用不錯的早午餐。
1171,超讚 喜歡
1172,還不錯 還不錯 古色古香，東西精緻，價格較高
1173,"一踏入店內彷彿進入另一個空間，非常平靜舒適的環境，也沒有多餘刻意的裝飾，洗手間的擺設也是一大亮點。不僅如此，餐點的水準也都很高！巧克力脆脆戚風搭配淋醬口感很濕潤，屬於苦甜的口味很喜歡，抹茶也是認真的抹度，雖然沒有到重抹，不過香氣十足。沒想到還有分享茶，包種茶一上來便聞到淡雅的香味，真的很慶幸來花蓮有來訪！ 還好在花蓮第二天有來！進門前馬上就有服務人員親切的詢問，店內氣氛很舒適，座位間隔寬敞，沒有刻意營造的拍照網美風格，只有迷人的花藝和幾樣選品，感覺是手作的食器和杯器也體現獨特的風格。焙茶布丁茶味濃厚，焦糖醬的份量也很足夠，很適合小小口品嚐。還看到幾位客人來帶花藝回去，好可愛🤩 … 蛋糕不錯。咖啡好喝。老闆介紹很用心。價位也親民。
缺點大概就是光線不亮，不適合看書吧😂 … 普通的早午餐，沒有什麼主菜，價格不算便宜但是也在正常範圍。 鬆餅真的超棒！
燉飯也很好吃。 店裡風景超美，採光很好，整體環境乾淨明亮
點了一杯羊奶咖啡和飄浮冰淇淋咖啡
很適合悠閒待一個下午 臨時起義找到的甜點店，在開始營業經由服務人員帶領入座後沒多久就內用的座位就滿了，可見應甜點店的熱門程度，店內的裝潢很有特色，甜點也好吃，沒料到的是甜點都是點完後現場製作的，而不是預先製作完等著客人上門，這種體驗蠻新奇的，推薦給前來花蓮的旅人們 法式土司香甜有嚼勁。 雖然餐點跟飲料真的非常普，只能作為IG打卡用。
但是躺在那裡聊天滑手機還是很chill的。
還是推薦來放空。 檸檬塔的派皮非常棒，好吃不貴。 貓咪非常親人會自己湊上來。
咖啡跟布朗尼都不錯。
環境明亮空間大，廁所乾淨而且馬桶很新，還備有衛生棉很貼心。"
1174,無敵海景 其實吃完蠻空虛的，但還不錯吃
1175,"吃到的餐點飲料都不錯，缺點就是冷氣有點太冷了🤣🤣 … 人很多，可以的話還是要提前預約才能確保有位置!
用餐時間限制為兩個小時~"
1176,風景美麗 內用環境舒服、裝潢高雅，餐點價格卻屬平價，沒有用餐時限，是約好友下午茶聊天的好去處☕️ 日式老宅新生，處處看到經營者的用心，氣氛很棒，老闆娘很熱情。
1177,"甜點跟咖啡都很棒～貓貓超可愛！ 一人作業咖啡室，簡單溫馨，單品咖啡-哥倫比亞，口味偏酸、香氣足。 舒服的店❤️ 👍🏻👍🏻👍🏻 … 很舒服的地方，miaoko的房客有打折。吃完一份早餐很有飽足感，拿鐵也蠻好喝的。
-
覺得麵包的抹醬很好吃～"
1178,這是我最喜歡去的地方，每次去都能放鬆身心。從那以後，每次經過這家店，總是擠滿了顧客。真好。 我周末去了那裡。座位視野很好，所以我在非常舒適的環境下享用了美食。沒想到會吃到這麼大一塊帶骨肉，而且肉質鮮嫩，皮也酥脆。我大約11點半到的，但7分鐘後座位就滿了。最好早點去。
1179,這是房東推薦給我們的奢華小店。你需要往外走幾米，或沿著海灘往上走。在海濱長廊上，有一條樓梯通往咖啡館。那裡的景色美得令人窒息，而且這裡的一切都與山羊有關。菜單上所有含奶製品的菜色都換成了羊奶或羊奶酪。咖啡館外面有一個小圍欄，裡面養著幾隻山羊。我們點了羊奶拿鐵瑪奇朵、羊奶茶，當然還有羊奶起司蛋糕。 青年旅舍裡一家很不錯的小咖啡館。我們離趕回台北的火車還有點時間，所以就進去坐了一會兒。店裡的裝潢很漂亮。咖啡和蛋糕都很好吃！ 一家可愛的小咖啡館，裡面還有一隻貓。看得出來他們在咖啡上花了不少功夫。店裡常給我們小杯咖啡試喝。檸檬蛋糕真的太棒了，超超好吃！
1180,海邊散步後，這裡是個不錯的休息場所。景色很美，只是對我來說有點吵，沒辦法完全享受。咖啡配冰淇淋和起司蛋糕要300美元（含稅），不算便宜，但冰淇淋是用當地羊奶做的。羊奶味在冰淇淋裡最明顯，我很喜歡！起司蛋糕有點凍硬，質地介於固體和粉狀之間，不知道是不是故意的。不過，味道也不錯。免費提供飲用水。 氛圍不錯。南瓜泥吐司很好吃，菜單上的價格大約是400元。雖然菜單上寫的是輕食，但份量很足。蛋糕很蓬鬆，但沒有想像中那麼飽腹，不過我覺得這樣比較好。雞蛋煮得太老了，我不喜歡。他們的英文菜單很容易點餐。
1181,"今天和朋友從台北來
一路從市區走過來走了20幾分鐘
還有上坡～真的不枉費是要來‘坡上’😆😆 … 上餐的女服務人員（夾鯊魚夾的）都不會講說是什麼餐，一直遊蕩不知道在幹嘛服務態度也不好，講話又很小聲，薯條感覺就沒有很熟 真的很不好吃。
要收碗盤之前是不是要先詢問一下是否還需要，她連問都沒問就直接收走，如果不想上班 其實真的可以回家，收銀台的男服務員也是，結帳是不是要給客人明細看一下餐對不對，他直接跟我們說價錢 也不跟我們核對！
跟之前的服務人員真的差很多！！！ 舒適的環境,日式建築，每一角落都是打卡點。咖啡很香，只是人手不夠。－行8人，我的咖啡喝完，朋友的拿鐵還未來。 氣氛悠閒，空間乾淨舒服，餐點跟咖啡都蠻美味，顏值跟口味都有顧到，貓咪顧的很好，看起來健康又自在，而且貓咪有自己的空間跟躲藏處，貓咪心情好的時候可以很靠近互動，很不錯的咖啡廳。"
1182,"Probably the most underwhelming coffee shop I have been to in Hualien, despite the high rating. Both the latte and pour over tasted pretty flat. The pour over was served with a slice of lemon with rock sugar on top, but that didn't really … 絕對是花蓮最好喝的咖啡！老闆親自調配咖啡豆。我通常不太喜歡花香型的咖啡，因為這類咖啡通常烘焙程度較淺，酸度也比較高。但這裡的拿鐵花香濃鬱，口感醇厚💛 我一定會一再光顧！ … 拿鐵超贊，牛奶蒸得恰到好處。我非常喜歡它淡淡的花香，但最棒的是它那堅果和巧克力的餘韻！ ！老闆也非常友善。我絕對會再來的。

我們去的時候是週末晚上。大家都在用筆記型電腦學習或工作，所以很安靜。不過要注意，這家咖啡館可能不太適合喜歡大聲說話的人。 感覺就像走進了別人家，剛好看到他們在看電影！ 😆 老闆和貓咪都非常友善，咖啡也很棒！ … 寬敞的室內空間，陽光充足，還能飽覽海景。這裡的拿鐵只用羊奶，可惜我不太喜歡羊奶 :( 五星級好評，因為貓咪很可愛，服務也很友善。可惜食物和咖啡實在令人失望……雞肉和燻牛肉感覺就像是把各種食材胡亂堆在一起，還加了很濃的胡椒味。至於拿鐵，牛奶蒸得太過了… 這裡簡直是數位遊民的理想之地！我還是第一次在咖啡館見到可調節高度的桌子。店內空間寬敞舒適，非常適合工作。澳白和拿鐵都很不錯，咖啡豆是淺烘焙的。"
1183,"你知道風景優美的地方食物通常都很糟糕，但這家餐廳的食物簡直太棒了！我非常喜歡！ 慕舒芙蕾之名前來但大家都大推餐點。
拍照好拍。"
1184,"他們不接受電話預訂，只有親自到店才能加入候補名單…

下午3點，甜點就賣光了。當然，那天是公共假日，但有人可能會說，他們會預料到人潮擁擠，所以會多做些甜點。 … 咖啡很棒。外帶菜單比堂食便宜。

訪問次數：
20200628 來這裡是為了羊奶焦糖布丁。可惜現在店裡不做這個了，所以點了兩個羊奶起司蛋糕。

起司蛋糕很小，但價格也相當實惠，每個30元。味道方面，甜度適中，奶油起司味道濃鬱。羊奶的味道雖然略有不同，但並不過分。總的來說，口味相當獨特，值得一試。 …"
1185,非常好的地方，景色優美。 一個安靜的好地方，員工很友好，咖啡也很好喝。我點了一杯濃縮咖啡和拿鐵。
1186,好地方！看海很美 到花蓮遊玩，回程時帶了幾個肉桂捲回家。橙香乳酪和可可威士忌都濃郁又濕潤，很好吃！焦糖海鹽比較中規中矩，但是也好吃。
1187,"景色令人嘆為觀止，食物也非常美味。 甜點都在水準之上
咖啡單品也不錯，但就看個人口味是否喜歡 建議訂位唷！
服務跟餐點的很不錯，老屋也很有感覺
很適合聚餐，聊天的文青店家"
1188,一進入店內，就被裝潢深深所吸引，內部給人一個很溫馨的感覺。由於飯店咖啡太難喝，意外找到實季，餐點好吃，咖啡也很有水準，為此趟花蓮之旅，劃開完美的序幕。 享受海灘的絕佳位置
1189,咖啡喝完才想到拍照， 壁畫的海豚搭配原民的歌聲。舒服。 蜂蜜拿鐵好喝，巧克力好吃 4.5星，貓咪很可愛，東西不錯吃，竹炭的鬆餅很不錯 喝咖啡，看海景 ，逗山羊
1190,餐點精緻美味，店員也會很親切地介紹餐點的巧思～環境更不用說，怎麼拍都美😍 … 好吃，氣氛佳，聊天聚會好去處
1191,"氣氛很好
飲品出品很棒ㅋ
豬鼻孔令人印象深刻 … 羊奶拿鐵ㅜ.ㅜ 味道太難聞了，我喝不下去。羊奶好臭ㅜ"
1192,"看到沙拉照片前來 但是太晚賣完了
下次早點來 非假日 下午茶 看海放空 燉飯口味讚 有個性的老闆"
1193,巧克力麻糬鬆餅，份量超級大，當飯後甜點吃感覺可以3-4個人點一份。鬆餅裡面會有麻糬，吃起來口感很讚，但巧克力有點甜，可以配個茶一起吃。 半寓檸檬塔酸酸的，很好吃，塔的部分也脆脆香香的！紅茶牛乳裡面有一種花味，很特別。老闆娘很有氣質，店裡還有可愛的卯咪會有桌邊服務～推推！ 太妃糖牛奶超級好喝，微微甜但完全可以接受～布朗尼也超級好吃，不甜，又很香，是目前吃過的布朗尼第一名！店裡服務生態度親切很喜歡！（但我們這次坐窗邊有看到蠻多蟲子，會影響用餐心情😔） …
1194,花蓮最美的海景之一，氣氛很好。 美味的食物、美味的咖啡、宜人的氛圍、宜人的區域、友好的員工……以及不同的營業時間，當其他商店都關門時，這會非常方便！
1195,各種不同豆品因烘焙程度不同都呈現各自不同風味，濃淡合宜香醇順口皆是極品，烘豆師功力稱之為達人無誤👍店裡甜點皆來自於店主每日新鮮手作完成，烘焙材料皆取自天然有機無添加物，為客人嚴格把關食品安全，是店主秉持的原則，每樣甜點都新鮮好吃，是不容錯過的溫馨咖啡館，點一杯咖啡佐一客甜點，享受片刻浪漫，歲月靜好，就是幸福時光♥ … 很棒的海景，好喝的羊奶咖啡
1196,景色優美 氣氛很好
1197,"超chill
貓咪超乖 就坐旁邊安穩的睡
焙茶拿鐵好喝 （我覺得比抹茶拿鐵好喝） … 東西真的很好吃
但生菜感覺保存得不好 有點失去新鮮脆度
店內座位不多 建議訂位
店內空間小 如果旁邊座位的人很吵雜 容易被吵到 司康很好吃！
店狗超盡責，只要有客人進來都會出來迎接 位子不多
只有一個人在作業
會等比較久 很舒服放鬆的小店
不時會有火車經過 布朗尼很讚 焗烤馬鈴薯麵包真的吃不膩😋 … 讓人感到舒服溫馨的店"
1198,"地點位於道路旁，停車要注意一下。
到這裡主要是拍照 鬆餅內有黑糖麻糬 非常特別好吃 好拍又好吃！！！店裡還有一隻超可愛的長毛貓❤️非常適合來放鬆一下～ 週一的寧靜午後 來這邊非常舒服"
1199,蒙布朗讚讚很推，口感滑順完全不膩；巧克力蛋糕偏苦，抹茶飲品口味清爽，整體而言吃蒙布朗最值。 價格便宜、選擇也很多，但因選擇多樣導致菜色沒什麼特色的感覺，主食、炸物、甜點、飲料沒有以前好吃。 溫馨、復古的店
1200,餐點不太差，但是覺得應該是附筷子比較好夾 很棒
1201,氣氛超棒，起司蛋糕也超好吃！對於需要在花蓮咖啡館工作的人來說，這裡是個絕佳去處。 美味可口，景色優美！
1202,"點了熱的冰的手沖咖啡各一杯，留下令人印象深刻的層次口感，隨後的花蓮行程再也喝不到相同水準的手沖咖啡！

離開前不經意打破水杯，老闆非常客氣地說沒關係，態度友善、從容應對，謝謝老闆的包容！下次有機會再到花蓮旅遊，一定會再造訪～ 咖啡好喝，老闆又帥又可愛，來花蓮怎麼可以不來…"
1203,很好 很好
1204,放空放鬆心情，休閒好去處 羊奶咖啡好喝
1205,美食美景 老闆 有專業咖啡師證照，沖煮的咖啡好喝順口；餐點全部手工製作，美味健康；闆娘笑容親切招呼客人，用心經營與佈置店內環境，有適合大人休憩的舒適座位；也有適合孩子的故事書繪本區，煮菜扮演的廚房餐廳區；這裡適合親子、朋友、家人一起來坐坐，享用幸褔美味喔！
1206,"肉桂捲很好吃，小小一顆，麵包鬆軟綿密、肉桂散發濃郁香氣又不會過於甜膩，五星推薦，蜜香紅茶瑪德蓮紮實可口，香料拿鐵的氣味很特別也很舒服，值得品嚐。
老闆的服務親切，店內的空間舒適，有很多書籍雜誌，關於花蓮的文化與觀光景點，桌椅自然樸實的木造風格，是花蓮火車站附近的優質咖啡廳。 氣氛很好，飲料選擇不多 好吃，價格較高
貓咪很可愛 花蓮最好吃的舒芙蕾當之無愧，鬆軟滑嫩、入口即化，搭配新鮮草莓與冰淇淋，非常有誠意。戲劇相較之下餐點跟飲料比較平凡一些，也不錯吃，只是價格偏貴。
環境裝潢非常舒適美麗，服務也很周到。 內用座位很多，裝潢佈置的非常有趣，餐點不錯吃，價錢也算很合理，會再來"
1207,不好吃不用錢，鬆餅是非常獨特的口感，外酥內軟，奶油連我不愛吃甜的人都喜歡，大推� 餐點好吃 氣氛佳 美式咖啡超級讚 價格又非常親民 每天都想來外帶一杯！
1208,有羊咩咩 咖啡好喝，貓貓有肉可愛，有戶外座兩席。
1209,"美麗的咖啡廳，專業精品咖啡超級驚艷，老闆專業解說，讓我們對精品咖啡有不同的體驗。每次來德聯都有不同的驚喜！ 太特別的一家店，豐富的藝術氣息，很放鬆 外觀看似舊舊不其眼
但麻雀雖小五臟俱全
一人微環島旅行 …"
1210,"熟悉的。 入口處微妙感，需仔細觀察🙂
可以說這裡比較是談話場合
個人比較依賴安靜環境😬 …"
1211,"米糕親人，老闆老闆娘親切。
最喜歡小黑炭鬆餅🥞 … 很乖的貓咪😆餐點也不錯 … 氣氛很好(´･ω･`) 服務人員態度親切🤗願意再次消費
約會、聚餐的好選擇。 …"
1212,咖啡好喝 店員都超Niceuuuu 價格過高
1213,"無敵海景值得去發懶一趟！

餐點：普通（偏鹹） … 只有海景"
1214,鬆餅很特別，好吃 舒適的地方
1215,"老闆跟老闆娘都很溫柔 服務態度很好 食物跟咖啡也都很讚 貓咪很可愛 整體環境很舒服 配樂有放過我很喜歡的音樂 聽到的時候很開心 很值得一去再去 下次有機會一定會再回訪 在網上搜尋寵物咖啡廳找到的店，雖然不是很懂手沖咖啡，但老闆娘會依照個人口味喜好跟你介紹，喜歡酸的 苦的 濃的 淡的 都可以調整！ 根據口味點了日式咖啡濃的 非常符合個人口味 喝起來非常順口！
老闆娘非常熱情！店內許多古董物品，機會難得 老闆娘還播放唱片給我們聽 超級感動！ … 可麗露好 店員很想被拍照，所以就上傳店員了😆菜單上還有店員的IG，歡迎隨時加他
附上店員雖然拉花架勢100，但創作出來不如預期的拿鐵，但我有懂你盡心盡力想拉出一片葉子跟一個愛心的心情，創作是要用心體會的，我懂你的😏
老闆的單品烘的很厲害，甜點也好吃~不能只講店員，讓他佔盡風采 …"
1216,"甜點好吃、拿鐵順口，咖啡跟牛奶完美融合，豆子的香氣超讚 ；除此之外，佈置、器皿、空間的規劃處處可見店主的用心，好幸運碰過google隨機找到了這麼棒的店。
我是11.23過去消費的客人，想要再次向店主致歉，真的很不好意思把位子弄髒了😰，謝謝你們不但沒有責怪、甚至馬上詢問需不需要協助的體貼，又抱歉又溫暖，有機會一定再去拜訪，謝謝您們！🙇🏻‍♀️ … 2024花蓮最佳西餐廳 超級好吃 超級好吃
裝潢很用心&擺設很有意思！"
1217,"上星期跟朋友去東部路過花蓮，網路搜尋附近咖啡店，看到有店狗就直接過去（有狗就先給讚👍）位於巷內簡約小店，闆娘美麗又親切，手沖咖啡也好喝！是旅行中一段美好的下午茶時光 … 會一去再去舒服的咖啡店 車輪餅超好吃！味道真的很有特色🤤🤤
飲品也很讚還有非咖啡的選擇
豆油超可愛的❤️ …"
1218,"2021/3/21 當天可是在門口等了很久很久
過了2:30都還沒開門所幸直接敲門問老闆
什麼時候會營業～～～ … 貴，餐點普通。拍照網美店 好吃，老闆娘好可愛~ 老闆很用心製作每一份飲品，一間很有個性的咖啡廳。"
1219,"很棒的環境和安靜溫馨的空間，雖然空間不大，卻也因為這樣帶來了溫馨的舒適以及和諧，店內的陳設佈置能夠令人感到無比的放鬆，店裡頭的貓咪們會是很好的服務人員，即便他們有可能佔據了你的位置，但相信我，你會希望他們就一直佔據別離開，餐點無需多說，因為很棒很美味，能夠感受到經營者的用心。
Great environment and quiet and warm space. Although the space is not large, it … 太厲害的掛羊頭賣狗肉，酸甜檸檬塔很強，咖啡也香，只是不知道還有沒有可以送洗衣物XD"
1220,餐點滿好吃的，但偏少，走養生路線，店內空間不大，幾乎都用貓造型的擺設裝飾，店貓也會走出來跟客人互動，是愛貓人的好去處。 超愛吃這裡的鬆餅，還有看可愛貓貓😍 …
1221,清靜放空好地方 餐點蠻豐富的，價位偏貴點，最近網紅的早午餐店
1222,"甜點布朗尼很好吃！ ✔️金時蒙布朗
以法國無糖栗子泥和金時地瓜結合
有淡淡萊姆酒與蜂蜜香氣 … 草莓生乳酪很特別
上面還有茴香～
店內空間很舒適！ 檸檬塔有點太酸了，且盤子太小，實在不好切
咖啡順口，不到極品
整體來說店很安靜
只是價格偏高，CP值中等..."
1223,日式甜點和茶飲有水準，老派喫茶店的氣氛 環境營造用心，二樓有藝文展覽空間 餐點好吃，鬆餅很棒一定要點，點餐再開始現做，要等大約半小時。服務很好，有餐點推薦和講解。白色系佈置，每個角落都精緻，二樓採光好有窗景，一樓氣氛好有院子有洗手間。 只有黑咖啡，選擇很豐富 安靜文青小店，每個角落都有佈置，吐司好吃，藏書好看。 現在有和興波咖啡合作提供單品豆，氣氛變得更休閒，後院整理得更寬敞，還有新的庭院小屋
1224,"飯很有特色，確實很香。主菜量不算多但調味整體而言都很好吃，小菜用心。
舒芙蕾的冰淇淋有種冰箱味，其他倒是沒有什麼問題。 卡在關店前一個小時衝過去吃的一家甜點店。
看到價格單的時候有點嚇到，本來抱著「來都來了」了心態點了一個提拉米蘇，結果味道是真的驚為天人，蛋糕體浸滿express咖啡，苦香十足，馬斯卡彭乳酪的香甜又及時把你拉回來，最後在整體鬆軟綿密的口感裡還有一點點酥脆的脆片，非常完美……真的很好吃……
很可惜這次沒能吃到翻轉蘋果派，希望下次有機會能吃到(*°∀°)=3"
1225,"因為看到舒芙蕾流口水，直接殺到店裡，結果沒想到只剩下巧克力口味，不過也是相當美味，巧克力舒芙蕾配著焦糖餅乾紅豆泥巧克力冰淇淋及奶油，風味各有不同，飲料的部分我們點了單品咖啡，淺培和中培的都有，用餐的環境很舒服很有味道，很值得來品嚐 從入口處，慢慢的走下來，
每轉個小彎，都是個驚喜❤️
直到看到那片湛藍海水⋯ …"
1226,"座位區有適合一個人的窗前吧台，三兩好友聊天的大桌
部分座位有提供充電插座 … 素食正餐選項目前僅提供一種品項，適合選擇障礙的人？
飯香氣十足且Q彈，大食量者可能會吃不飽，附近停車位需稍微繞繞尋找
假日建議提前訂位！空間佈置溫馨，適合三五好友談天、小家庭聚餐 老闆對自家產品相當有自信，特別是單品咖啡和鬆餅！提到沒吃到是客人的損失😆
內用目前沒有低消和用餐時間限制
門口機車可停3輛左右，汽車需另外在附近找停車位 …"
1227,"中午來用餐，只吃了正餐沒吃舒芙蕾，但是還是覺得很好吃～～

點了椒麻雞，椒麻雞其實就是炸雞淋上椒麻醬汁，份量很多，炸雞超多塊；小菜三樣，每道都很用心；湯品也好喝 … 一直在我的口袋名單，但因為只營業下午二點之後且週末沒開，所以遲遲到今天才來

飲品選擇不多，價格再200-230之間，會附上一個小點心，今天來點了蜂蜜冰咖啡，對我來說還是有些偏酸，但還是好喝的 …"
1228,應該三年以上沒來了，這次來覺得店員態度滿好的，上菜速度也很快，清潔程度也可以，這次只吃舒芙蕾和起司可樂餅，舒芙蕾還不錯，而且份量很多，可樂餅吃起來不錯，一個人用餐也很舒適 因為沒有很餓，但想吃鬆餅，所以點了小份(100元)的，鬆餅鬆軟外皮脆，裡面好像有包麻糬，上面有點檸檬味，個人還滿喜歡的，咖啡也還不錯，喝完後嘴巴裡不會不舒服。環境好像親子友善，有小朋友的書還有一些玩具，整體是還會想再訪的店家
1229,"平日下午來訪
梅醬雞簡餐非常好吃
舒服蕾也是！配焦糖酥很有層次 … 風景非常美 座位很愜意
人員很親切 生意很棒 也有wifi  無特別限時
廁所乾淨， …"
1230,"很喜歡！貓咪真的超可愛，蛋糕也好吃！
上火車前就要來這裡被療癒🥳🐈 … 餐點🌟🌟🌟🌟🌟
店內的水
不是一般白開水！加了蘋果鳳梨小蕃茄等 …"
1231,"咖啡，蛋糕，發呆休息的好去處。 很棒的空間，高舉雙手的聖誕老公公，草莓超好吃的，草莓淇淋也很讚，舒服的沙發，超棒的感覺。 專程拜訪舒芙蕾，真的好吃！
因為找不到起司可樂餅的照片，
專程點一份來吃加拍照！ … 好地方，好巧克力，好咖啡，好人一堆，好讚的店！讚啦！ 好喝的手沖耶加雪菲，開心。 這裡有體貼的服務，找出適合自己的咖啡，跟超厚實的布朗尼。 很舒服的地方，咖啡跟點心都不錯。 很專業的咖啡店。 泡芙超好吃的囉！ 好地方，好咖啡。"
1232,"咖啡 被網路上的一致好評吸引而來，真的是花蓮必訪的下午茶好去處！
店如其名，隱身在巷弄中，但環境非常優美，店內的氛圍溫馨放鬆，採光也很好，非常適合和朋友來聊天拍照。 … 貓很可愛，環境很棒，人很nice讚讚"
1233,"裝潢精緻，氣氛很好。手沖咖啡順口好喝；甜點不錯，走精緻路線，價位稍高，有低消。
平日下午人少，氣氛更好。 低調有質感的咖啡廳。手沖豆有多種可選擇，檸檬巴斯克很好吃。 舒芙蕾好吃，是空氣感重的類型，搭配多種配料。份量不小，一個人吃到後面容易膩。咖啡好喝。氣氛好、裝潢好、服務親切，就是整體貴了點。

建議事先訂位。在觀光人潮不多的週末前往，許多店都沒有客滿，但這間是滿的。 撲空了幾次，等到開店但剛好沒位置。外帶了焦糖肉桂捲，肉桂捲本身中規中矩，特色可能是外層的焦糖，不過也不貴。有機會再來喝杯咖啡。 裝潢很有風格，很幸運坐到裡面的脫鞋區，地毯超漂亮的。狗也很可愛。
手沖咖啡的選擇多，風味也很純淨鮮明。
月見焗烤吐司：外皮很酥脆，切開有蛋黃流下來。口感不錯，不過整體風味稍弱。 安靜的深夜咖啡廳，適合讀書工作。和室座位很特別，但自己坐有點好笑。手沖咖啡還不錯，考慮到價格的話是非常不錯。"
1234,"環境優美，下午茶粉不錯~~ 家人聚餐，餐點很好吃。
整體感覺：溫馨舒適。無論軟體或硬體，處處細緻優雅。"
1235,"店內氣氛舒服，餐點飲品平價有品質
支持民主的老闆超棒 花蓮縣花蓮市｜小巷茉莉

法式香草舒芙蕾鬆餅: 舒芙蕾蠻鬆軟的，可惜只剩香草的 … 咖啡好喝 店員幽默風趣，長得帥
推 推 推👍 …"
1236,"其實之前在假日來好幾次，但人滿為患只能放棄，趁著家人休假，平日時去，才能真正享受店內悠閒氣氛，甜品都很好吃，點了肉桂捲香氣四溢，搭配冰淇淋非常好吃。
巧克力布朗尼果然要熱熱的吃最棒，莓果醬的酸，解了濃郁巧克力的甜膩，在口中完美調和了。布丁也太特別，怎會口感那麼輕盈，腦袋還未搞清楚狀況，就吃完了，下次一定要再點。 … 需要預約，服務非常親切到位，餐點都很好吃，尤其是現做的舒芙蕾，口感綿密細緻，在口中好像瞬間融化一樣，聽店員的品味三重奏這樣慢慢吃。可以有不同的味覺享受，小鍋米飯粒粒分明Q彈，一顆也捨不得剩下，椒麻雞不辣的也超好吃，配菜也很可口清爽，香草小庭院也很好拍喔！ 老闆服務好，貓咪親人，餐點好吃 門外可愛的小店面，有隻顯眼的木雕貓頭鷹，第一眼就很吸人眼球，一進門就充滿咖啡與檜木香的可愛小咖啡店，面對太平洋的藍天，窗外北濱的美景與室內融合一起，內裝全是創意木飾，上甜品飲料的托盤都有似在竊竊私語的木刻小螞蟻，窗框上正在放空的小貓咪玩偶，垂吊飄搖的水母燈飾，角落牆上生氣蓬勃的小綠植，處處可見店主的小巧思，等待來客慢慢發掘。 …"
1237,好吃，氣氛好，必點舒芙蕾，只是比較難停車 氣氛好
1238,"甜點好吃,飲品也很講究,
是個簡約而注重細節的咖啡廳。 … 店內入口在巷子內，但照著GOOGLE走就可以找到。
兩隻臘腸店狗超可愛，親近人又愛撒嬌。
店內很乾淨明亮，甜點很精緻不死甜好吃。 … 檸檬椒麻雞及小梅子醬燒雞好好吃
舒芙蕾也很可以💕 … 甜點好吃有特色，店內裝潢別緻讓人很放鬆，老闆人很親切，店貓貝貝也很可愛❤️"
1239,"餐點跟舒芙蕾還有咖啡都很棒，建議訂位，附近有收費停車場，裡面空間舒適。收10%服務費用餐時間兩小時。

水很特別，是用一些水果泡製。 … 只剩30分鐘也要殺過來喝一杯的舒服咖啡店"
1240,"內外兼具
除了是環境舒適好拍的網美店
水也很有視覺效果 … 咖啡有水準，平常喝很容易心悸，這家沒有，喝完身體是舒服的，現場也有販售單品手沖，下次想試試

肉桂卷是直球對決，不靠糖霜/鮮奶油/黑糖醬等取勝，好吃 …"
1241,"咖啡專業，拿鐵很順，巴西人好喝。
老闆熱情。店內氛圍舒適。
優格盤順口健康 咖啡廳跟老闆氣質出眾，整體氛圍靜謐舒適，提供近十款單品拿鐵可供選擇，好優秀，還貼心依客人口味喜好，調整拿鐵比例，讓豆子香氣更突出。

音樂空靈，桌間距離適中，整體舒適有氣質。 偶爾有貓貓出沒，驚喜。 … 店內小巧溫馨，兩隻臘腸很可愛。

推薦：可麗露,口感特別 ;伯爵拿鐵溫潤香氣足。 … 椒麻雞炸的酥脆，醬料是泰式海鮮醬的fu, 不錯吃
舒芙雷空氣感強
裝潢鄉村風格，服務蠻好。 可愛的咖啡廳，以外帶為主。店內僅有兩個位子。 冰拿鐵 香氣醇厚 還不錯

蛋三明治，蛋沙拉moist 口感蠻好，可惜好鹹 … 喜歡，氛圍chill, 還有貓貓到處巡邏。
推薦四川花椒牛肉，淡淡花椒香氣。
小農鮮奶茶稀了一咪咪，但有香氣，甜度適中。
冬瓜檸檬酸度夠，好喝。"
1242,"4.7
餐點非常好吃且有特色，舒芙蕾必點 很舒服，店面很容易錯過沒發現。"
1243,"裡面充滿了鯨魚海豚的裝飾
雖然小小一間
但環境還不錯 … 漢堡排套餐整體不錯，
稍嫌可惜的是絞肉沒有很厚實的感覺，
吃起來有點鬆散， … 雞蛋布丁🍮很香濃
是我心目中前幾名
檸檬塔不會太酸 … 海鹽奶油焦糖法式吐司，
烤得蠻酥脆，
吃起來也不會死甜， …"
1244,"第一次來用餐，採訂位方式入座，這次點了麻油松阪豬肉煲、小山園抹茶冰淇淋舒芙蕾鬆餅，兩項餐點都超好吃，尤其是麻油香味道搭配松阪豬的完美融合，份量也給的很充足，下次來花蓮會再回訪用餐！ 氣氛很好，光線明亮，餐點好吃！
這次來點了蜂蜜柚子茶、甜心冰淇淋鬆餅，期待下次來吃正餐。"
1245,環境很有特色，蛋糕好吃 每個人的低消一杯飲料，供餐的部分只有提供吐司，飲料還不錯，氣氛佳 舒芙蕾口感蓬鬆，配合著他們家甜而不膩的鮮奶油，以及龍眼蜂蜜與豆沙冰淇淋，搭配的非常的好，來這邊閉點。整體環境是一家很有氣氛的小店，只不過舒芙蕾11點來要等一段時間，有每個人一份餐點或一杯飲料的低消 老房子裡很有氛圍感的咖啡店，木頭屋頂與上個世紀的物件呈列在店內各處，氣氛寧靜，甜點非常有手作的味道，提拉米蘇奶香與淡淡的酒香，千層蛋糕尖端那頭開心果味道濃厚，巧克力慕斯的味道香濃
1246,"更多好吃好玩🔍Ig: @bella_food4life

在地圖上發現花蓮這間開了兩年的司康店，店內以木質系裝潢為主，空間感很夠，店內還有一隻柯基，給人一種舒適自在的感受。 … 1️⃣泰式打拋豬肉飯 250
小小辣，幾乎不太會辣～打拋豬炒得很乾，飯是薑黃飯給蠻多的！我覺得男生也可以吃飽！配菜很用心！花蓮是不是臭豆腐之國？因為附的豆腐好讚！皮很脆！青菜跟牛蒡湯也很用心！ …"
1247,"很舒服的環境，蛋糕咖啡都很棒 很喜歡舒芙蕾鬆餅系列
孩子吃的很開心
下次有機會到花蓮再前往！
薦~要先預約，才不會前往客滿！"
1248,"花蓮文青風格特色餐廳：小巷茉莉。

「小巷茉莉」ㄧ直是筆者的愛店之一❤️ … 花蓮文青風咖啡廳：好。咖啡 …"
1249,店家位在花蓮市三民街上，店家對面就有一個非常廣大的收費停車場，完全不用煩惱停車問題。店家入口是要從一個小巷子進入，小巷子布置得非常溫馨，進入店內後空間非常寬廣，座位安排很舒適。建議一定要事先訂位，即使是平日也建議要訂位，不然一定需要等候。畫好菜單之後直接至櫃台結帳就可以了。舒芙蕾表訂是下午兩點開始供應，但如果要先使用中餐的話可以一起點，待店家準備好了就會出餐了。 … 店家位在花蓮市區，煙波大飯店花蓮館旁邊，路邊有汽機車停車格可以停車。店內座位不算很多，但座位很寬敞舒適。如果要尖峰時段來建議要先訂位。店內有專門的貓用空間，一整面牆都是貓跳台與貓休息的地方，店內總用有三隻貓，有一隻貓非常親人，只要叫一下就會跳到的大腿上討摸。 …
1250,"環境非常舒適整潔，貓咪可愛，餐點好吃 附上小巧可愛的檸檬塔！
座位舒適，很適合和朋友小聚或是帶幾本書來看！ 終於吃到肖想很久的舒芙蕾，口感綿密，吃起完非常過癮非常幸福... 貓咪可愛，老闆很親切，用餐體驗良好，和朋友各點一份鹹食再分食甜點，鬆餅真的好好吃喔😍 培根蛋吃起來非常滿足，下次還想再來🥹 … 達克瓦茲跟傳說中一樣好吃
提拉米蘇比想像中大塊，吃起來非常愉悅
總結一句 非常快樂"
1251,可以放鬆的好地方 之前想訂位都訂不到這次終於訂到了，第一次跟家人來吃，在巷弄內，如果沒看到真的不會注意到這個小巷子居然有間好吃的店，餐點我們點了梅子雞，泰式雞，打拋豬，梅子雞偏甜蠻適合小孩吃的，打拋豬有辣，真的很下飯，白飯超好吃是一人一小鍋，用陶鍋下去現煮的粒粒分明，泰式雞腿也不錯，比較驚豔的是巧克力舒芙蕾真的好吃裡面很濕潤口感很綿密，真心推薦👍👍，總體很好拍照，服務人員都很親切，沒去過都會一一介紹餐點，餐點上了也很貼心介紹餐點裡有甚麼東西，不過有限時兩小時，下次一定還會跟家人一起來，再吃吃不同的餐點。 …
1252,"薄荷拿鐵奶味重、淡淡薄荷味，可以LINEpay 飯類主食非常好吃！
氣泡飲也在水準之上很好喝，主食的份量是女生努力一點可以吃完，然後看戰力再吃完半個鬆餅(我們肚子都有點撐哈哈) … 咖啡好喝，老闆專業，很熱情❤️"
1253,"環境風格清新,適合拍照的下午茶餐廳。招牌舒芙蕾必點。

*台客燒肉飯 … 海景宜人，用餐環境舒適，場景佈置悠閒並且非常棒適合拍照，優秀的拍照環境。

蜂蜜蛋糕搭配香草冰淇淋沾著一起吃非常好吃，搭配順口的手沖咖啡絕配。炸薯條味道鹹香酥脆，一口接一口。"
1254,"環境及廁所都舒適，低消65很佛心，咖啡品項普遍都不是太貴，值得讚賞。
炸魚薯條的薯條部分份量稍微少了點，櫛瓜千層麵清爽好吃。 剛開幕時吃過一次，那時候點舒芙蕾還要時間到點後跑到櫃檯排隊加點，非常不便，現在已經沒有這問題了，可以直接點餐，鹹食部分覺得進步非常多，梅子雞好吃，漢堡排較一般些，鎮店之寶舒芙蕾雖價格高，但真的很柔軟且吃法多，值得一試。 寵物友善，餐點飲料還算符合他的價錢，沙發不是很好坐。"
1255,"最近花蓮有許多美麗的咖啡店開幕～☺️

還沒開幕的時候 … 這家新開的咖啡廳位於花蓮美崙山坡上
斜對面就是花防部
沒想到這家咖啡廳這麼美 ☕️ … 可愛的咖啡廳
每個擺設都是很令人驚奇的
咖啡跟鬆餅都非常好吃😋 … 整間店走極簡風，大片落地窗灑進陽光超療癒☀️
而且～每張桌子都是升降桌，可以自由調整高度
坐久了還能站著工作，筆電族絕對很愛 … 在花蓮市的一條巷子裡，有一間充滿日式風味的甜點店，名字叫昭和58

店內昏暗的燈光，搭配著吊燈和復古的裝潢，聽著黑膠唱片機的音樂， 好像來到了昭和時代 … 11.1 新開幕的#肉桂捲外帶專賣店

一直很想吃肉桂捲的我🧁 … 氣氛很好😊  喜歡這種簡單日式的風格
下次要來喝手沖咖啡☕️ … 肉桂捲很好吃 #無敵的舒芙蕾鬆餅🥞

住花蓮這麼久 … 最近連日的梅雨季
不能外出曬曬太陽🌞 … #深夜咖啡廳

上一次來 還是在大學時期 …"
1256,"📍阿芙卡朵 $150
📍V限定布丁 $120
阿芙卡朵很特別第一次吃！ … 歡迎追蹤看更多🔍 IG: han_eatwithyou

📍抹茶巴斯克 $120 … 歡迎追蹤看更多🔍 IG: han_eatwithyou

📍小山園抹茶冰淇淋舒芙蕾鬆餅 $290 … 歡迎追蹤看更多🔍 IG: han_eatwithyou

📍巴斯克乳酪蛋糕 $90 … 巴斯克屬於中偏重乳酪
口感綿密 乳酪濃郁卻不會膩口
梨山高山茶是用福壽山的茶葉 …"
1257,"看評分不錯這次點了外送來嚐嚐，一杯170的咖啡喝起來跟水一樣…蛋糕吃起來還可以，但賣相不佳 ☕️套餐都有附紅茶
蛋捲裡面是起司和玉米
口感軟嫩起司香也很濃👍 … 焙茶拿鐵好好喝，有焙茶的香氣，柔順的口感。 店貓可愛、空間大、廁所乾淨 有看到評論提到商家服務態度差東西貴，自己消費後覺得完全沒有這回事，從帶位出餐到離開都覺得賓至如歸，也有評論提到服務不夠好餐盤要自己收回櫃檯，星巴克麥當勞不也要自己收。餐點沒有非常便宜，但一杯飲料100多可以吹海風看無敵海景，絕對是划算的"
1258,"花蓮市區極少數早上八點就開始營業的咖啡店(應該只有星巴克可能更早)，單就這點是一加分。實季的空間結構是典型民宅格局，相對簡單，不過雖然整體設計相對樸素，實季有一最大亮點是店內擺設的為數不少的各式頗有意思的物件，這些物件之繽紛豐富從我入店開始看到離開距離欣賞完畢還有一大段距離。我認為這些有意思的物件很大程度反映了主事者的尤其是在國外旅行的經歷(就店主所述部份物件是在國外的跳蚤市場獲取)。除了物件有趣，實季的用餐環境安靜舒適，背景音樂也不錯，非常適合一待。 … 一間復古日式洋果子店，喜歡好吃的甜點控不要錯過，下次還會造訪。

食材：甜點精緻好看且不甜，用料實在。 … 一間食材好吃、環境舒適，適合拍照的花蓮網美店，但不建議假日前來，每個時段都需要訂位。
食材：醉雞好吃帶點酒香，海鱸魚挺新鮮的，配菜如同一般簡餐店，薑黃飯好吃😋，湯不油膩，主菜與飯量份量足，菜的部分少了點；招牌舒芙蕾有種特別的口感，柔軟不會太甜好吃，上面還有裝飾一個兔子葡萄（值得讚賞的小巧思）；水裡面還有裝水果相當有誠意。 … 在地名店，平日中午開始營業不久就快客滿。店名「小巷茉莉」取得真好，也和我認為這家店空間設計上最令人驚艷的亮點 － 小巷入口 – 有所呼應。自認已看過不少別具巧思和風格美感設計的咖啡/餐飲店，不過小巷茉莉的小巷還是讓我眼睛小小一亮。巷內的空間一樣很美，尤其是那後方的小花園，那陽傘、板凳、綠意，形成從窗門望出去的美好風景。室內部份充份表現店主/主事者的美感和質感，從大大小小物件包括掛畫到牆面上的圖像和座席配色甚至連開窗以及後方小陽台等無一不讓人欣賞。總體環境滿分。 …"
1259,"咖啡非常好喝，甜點也不錯，店員很親切熱情，若下次再到花蓮會再來訪。 在巷弄裡的咖啡外帶店
店面裝潢很可愛只有外帶沒有內用 好棒的環境
而且麵包搭配獨特的醬真的好好吃
空間佈置的很舒服又很美 … 這個拉花超強！！！
一人低消一杯飲料
店裡有2隻貓 … 舒芙蕾下午一點後開始供應
草莓是季節限定口味🍓
真的很推舒芙蕾！ …"
1260,"東西不錯氣氛也不錯
但忙的時候老闆娘的態度有店差…
當天下著雨 我與友人在店門外尋問是否有位子 … 舒芙蕾真的非常好吃，只要回來花蓮一定來吃～大勝台北或是其他地方的。
不過今天兩點十五左右來點抹茶舒芙蕾（下午茶時間兩點開始），竟然剩最後一個了RRRR，雖然不關我的事，不過還是建議多備一點好，畢竟下午茶才開始十五分鐘就被點光了。 … 巧克力好喝，推推，布朗尼80元也不錯，雖然這次沒點不過以前有吃，情人節巧克力送禮的好去處😌 …"
1261,"一進入店裡，濃厚的日式氛圍讓人不禁慢下來感受著古典、木調的質地，很快就安放了焦躁的心。

點了抹茶聖代還有龍眼口味的小蛋糕，都非常的驚艷和滿足，尤其抹茶聖代裡的多種料豐富著每一口的滋味，非常喜歡。 … 蘿蔔糕有蝦子的香氣，脆脆的很好吃。整體環境舒服，飲料也不錯。拍照起來也很好看👍🏻提供的水喝起來很舒服、新鮮。

改天會再來嘗試看看主食還有鬆餅☺️ …"
1262,"走進去好像小小小小小的桃花源～
待了一整個下午，加上店貓的陪伴好愜意～
花蓮因為這樣的小店讓人每每來都不想走🥺 … 裝潢簡約，讓人放鬆～
老闆娘人很好，當天去打疫苗還立刻趕過來開店🤣❤️ … 店內環境舒適安靜，優點距離火車站近。
咖啡也是在水準上，適合旅客來訪。
當天遇到輪椅的客人老闆也熱情幫忙挪位，以誠待人的商家❤️ 🔸蜂蜜香草冰淇淋舒芙蕾 250
招牌鬆餅！！真的必點！！
鬆餅像嬰兒肌膚一樣吹彈可破的感覺❤️🥹 … 貨真假實的的網美店，
裝潢很不錯，東西偏貴味道普通。
由於花蓮實在太多更厲害的咖啡廳了，若在平日可以前往嚐鮮但假期大家自己斟酌了，因為位置偏少又無法定位🥺 …"
1263,壹樓貓·咖啡☕️，位於煙波大飯店斜對面的一家店，有賣早午餐、竹炭鬆餅及特色套餐及炸物，個人超愛吃竹炭鬆餅，鬆餅搭配各種不同的水果及冰淇淋🍦，鬆餅也可以單獨吃，除了淡淡的奶香之外，還有一點點竹炭的香氣，沒想到竹炭也能做成好吃的鬆餅。 … 今天趁著好天氣來到位於花蓮市中心的「小巷茉莉」用餐，我們大約傍晚6點進入餐廳，可能是平日人比較少，首先一進餐廳就看得到右手邊就是點餐及結帳區，左邊的牆上呢，有擺放一些販售的茶餐具可購買，一樓用餐區蠻大的，桌子之間不會太擠，一樓還有一個小小戶外休閒區唷！ …
1264,"來花蓮真的要來要來這家咖啡廳
實在太。。。好拍了
從門口到室內在到後面庭園 … 好姐妹提前預約了來這邊吃中餐
這間餐廳真的好鄉村風小清新又帶文青感，超美的，很喜歡這種風格很舒服，整個餐廳窗戶非常多，所以整個室內非常的明亮感，讓人非常有精神外，重點拍照會很美，光線很好所以怎麼拍就是怎麼美。實在非常推薦愛拍照的人可以來這邊拍一下網美照片。 …"
1265,"綠意盎然的氛圍 真的好喜歡這種復古的氛圍
筆記✨台南KADOYA
花蓮昭和58 👍 … 超好吃，每道都很用心，栗子塔很有誠意，頂端一顆、切開裡面還有一顆栗子🌰

飲料也都超好喝，環境、氣氛很好 … 每次回來都碰到休息
這次終於買到了～～
壓花玻璃巧克力片好美 … 空間寬敞明亮，用餐環境很美
薯條就是好吃的薯條
蘿蔔糕有炸過外酥內軟 … 沒人的時候真是個靜謐的好地方
花蓮越來越多好酷的店了👍👍 …"
1266,"極好！環境，餐食，氣氛都很讚的店！服務也很貼心👍 … 2月初訪～
那天在二樓包場，但剛好忙事兒一直講電話點了壺奶茶吧好像，忘了感受。
抱歉！下次再評語。
依稀記得室內環境歐風，二樓視角通透很不錯！"
1267,東西很好吃，咖啡更好喝，價格稍高但沒關係因為可以坐很久！單品咖啡真的非常好喝！9月套餐升級單品咖啡不加價超讚！德腸很好吃！肉桂捲是紮實的麵包口感！很喜歡！適合帶朋友聊天的地方 東西不錯吃，甜點跟飲料比主餐強，所以很適合來吃下午茶，西西里咖啡跟柳橙巴斯克都很讚，裝潢很漂亮，滿滿的鹿角蕨，只是椅子真的太高沒辦法很舒服，台派店家支持！ 簡餐的部分就跟有在裝潢的咖啡廳簡餐一樣，好吃但貴的要死卻也貴得合情合理（因為餐廳漂亮又可以做一陣子舒舒服服的），所以在這邊就當陪襯的不是重點，但他的鬆餅真的有夠好吃，跟台北有得拼，我覺得比woosa好吃！很大份冰淇林跟鮮奶油都好好吃，是可以專程來吃鬆餅就好。
1268,店內氛圍悠閒，低消是一杯飲料，咖啡順口，但洋蔥豬肉熱壓吐司與我個人口味不太合，有點可惜。 可於Google直接訂位，鬆餅（舒芙蕾）的可點餐時間每日不太一定，如果想吃鬆餅而菜單上被劃掉，可以另詢問店員，可刷卡，服務親切和善，洗手間乾淨，不過只有一樓有洗手間，部分座位在需要爬樓梯的二樓，如果帶長輩用餐需要預先詢問店家是否能安排。餐點口味OK，燒肉是炸過的台式口味，椒麻雞的肉量充足。舒芙蕾旁附有冰淇淋及餅乾，口味稍甜，較適合多人共食。
1269,在七星潭附近的一間有趣的小店，這次點了酸種麵包加上葡萄柚、堅果、番茄，起司、酪梨醬搭配起來非常美味，另外熱美式以及熱拿鐵也非常好喝，美味的早午餐搭配七星潭的海景，花蓮真的很適合來這邊緩緩的放空發呆，另外門口還有賣一些文創小物，有機會來花蓮玩一定要來這邊看看呦😄 … 濃濃的日式風格，甜點與飲品都不錯，推薦焦糖阿法卡朵，咖啡的苦味與冰淇淋堪稱絕配，戶外是小巷子不好停車，建議停好車再走進來用餐才不會影響到附近居民。 有種類豐富的咖啡豆可以提供選擇，言談中可以體會到老闆對於咖啡的熱情，有來花蓮的朋友可以來這邊品嚐看看好喝的咖啡呦😀 … 咖啡好喝，老闆對於咖啡的知識很豐富，來花蓮如果要喝精品手沖來這邊就對了😎 … 第一次來這邊用餐，簡餐的部分點了椒麻雞、打拋豬、蒸魚，份量很多吃起來滿飽的，另外配菜也與湯品都滿不錯的，甜點的部分點了舒芙蕾，搭配蜂蜜、奶油與冰淇淋，吃起來口感軟嫩，另外還有飲品與咖啡可以提供選擇，很適合三五好友來這邊吃個東西喝點飲料，拍照打卡也很可以呦🙂 …
1270,"從吉林前往市區的路上，順路再map上看到這家咖啡店，小小的空間能感受到老闆的用心，除了在咖啡專業上還有生活空間，咖啡很好喝，香味口感，包裝也很有巧思，喜歡來花蓮感受每一個客製化的不一樣，下次要來吃🥐😆😆😆 … 這次點的是墨西哥醃燻雞帕尼尼和紅豆抹茶冰淇淋鬆餅，餐點都很好吃🥹
整體CP值很高！ … 好幾年前來花蓮儲存的店，有名是在舒芙蕾，但是我們一致認為正餐很好吃，配菜跟米飯都很讚"
1271,"帶位的姊姊笑容真的很美，讓我覺得走進店裡心情很好，內用的桌子還能調整高低非常貼心！

咖啡送上來的時候，還會仔細介紹咖啡給客人，老闆真的很用心，也很幽默哈哈哈✨✨✨ … 進到店裡前真的是一條小巷。很喜歡店裡的裝潢，是歐式的風格，有一些掛畫還有綠色植物，環境讓人感覺很舒服。建議來前先訂位，假日用餐人潮比較多，這次點了巧克力冰淇淋舒芙蕾還有泰式打拋豬飯，那時候只剩巧克力口味qq。鹹食有附小菜及湯品，小菜的炸豆腐意外的深得我心，青菜有麻油的味道也很不賴，主餐的蛋與豬絞肉拌在一起香香辣辣的很下飯，很推！店員說舒芙蕾鬆餅要等一段時間，大約等了1小時，不過我覺得非常值得，舒芙蕾軟嫩，巧克力是偏苦的那種，旁邊還有巧克力醬可以自己添加，一個人吃完一整個都不膩，上面的鮮奶油更是經典，跟外面的奶油不一樣，跟舒芙蕾超搭！整體來說超棒，上一次來花蓮就想吃的店，這次來終於吃到，覺得是花蓮必訪下午茶☕️！"
1272,"環境⭐️⭐️⭐️(滿分⭐️⭐️⭐️）
服務⭐️⭐️⭐️
食物⭐️⭐️⭐️ … （二訪更新）
隔了兩年再訪小巷茉莉，可以在line上先預約還蠻方便的，這次點的是檸檬椒麻雞，餐點維持一定品質，但咖啡部分店家表示無法調整冰塊，其他飲料也都固定甜度跟冰塊，建議給你杯子自己撈冰塊，結果空杯伴隨咖啡來了，但沒有湯匙要用手撈嗎⋯⋯😅😅😅 …"
1273,"環境美、氣氛佳
有貼心設計，有個位置剛好有沙發縫，上面有放椅墊
點的是有附飲料的姍姍餐盤 … *假日人多，最好先訂位
*舒芙蕾綿密蓬鬆，加蜂蜜不會太甜，剛剛好
店員介紹有3月種吃法，可加奶油、冰淇淋、蜂蜜 …"
1274,"寵物友善咖啡廳！！
店家也有貓貓，咖啡真的很好喝～法式吐司和鬆餅也真的很好吃👍👍👍
但因為店家服務人數比較少，願意“等”再去！！是個可以放鬆悠閒渡過輕鬆下午茶的好地方 … 悠閒的小店
餐點＆下午茶都很棒👍
建議先訂位會比較好喲！ …"
1275,"很棒的放鬆空間，今天花蓮下起小雨，來這裡是最適合不過得了。
老屋改建，裡面沒有太多的變化，都是主人的巧思，放滿了書籍還有乾燥花的擺飾。
來到這裡，可以很輕鬆的度過兩個小時。 … 很棒的用餐體驗，建議要先網路訂位。
女服務生給人很親切的感覺，來這可以很愉快的用餐。
環境整理的很乾淨，今天點了醉雞套餐還有草莓奶昔也都很好吃。 …"
1276,咖啡超好喝 變的更好吃了，禮拜六晚上用餐還會有互動式魔術表演，真的很棒！
1277,"很舒服的地方
蒙布朗也好吃😋 … 非常用心溫馨的地方
在裡面非常自在輕鬆
對舒芙蕾還好的我 …"
1278,"舒芙蕾花蓮最強
入口即化又軟綿，搭配冰淇淋、糖漿或鮮奶油又能享受各種不同的風味
一直以來都只吃舒芙蕾 … 冰抹茶拿鐵微抹茶味濃郁，搭配奶香十分清爽
昭和之心外殼極酥，搭配焙茶卡士達內餡微甜不膩"
1279,"需要預約才有位置，14:00後可點招牌的舒芙蕾鬆餅
蠻多推薦 黑糖歐蕾的！不會太甜很好喝
店內牆壁上皆有插座，用餐時間兩小時 同事推薦的花蓮深夜咖啡店特別來踩點😄
在魚餐廳的二樓
點了西西里咖啡、ㄊˉㄌˉㄇˉㄒˉ布丁 …"
1280,門口漂亮的藍在經過時很快就吸引到我，小巷茉莉這個名字也取的好有詩情畫意，決定旅遊其中一天來朝聖🙂 週日下午三點至店內，店員告知五點才會有位子，建議可以線上或電話預約，才不會撲空！ … 咖啡好喝，有兩隻貓固定出沒，虎克(黑白貓)很黏人，老闆親切熱情。
1281,"沒有預約，就是要等。
我很幸運挑了一個三點半以上，四點未滿的時段，得以迅速入座 咖啡品項種類豐富而多元！"
1282,"市區裡巷弄內的小驚喜⋯

裝潢很有英式鄉村風格，很網美的店，東方之夜散茶印象深刻，是綠茶和紅茶做基底混合成的味道，配甜點很棒！ … 當日手沖順口清爽，餘韻繚繞。梨山茶解渴清香，連甜點也不馬虎，巴斯克和檸檬塔表現優異。

原來以為只是裝潢文青，有品味的店沒想到表裡如一，吃喝得心滿意又依依不捨的離開，闆娘甜美又可愛，很棒的花蓮停佇點，大推！ … 很棒的熱壓三明治，茶和咖啡也不含糊，雖然店貓害羞待在樓上沒機會看到🤣但是很滿意這間很有溫度又充滿驚喜的咖啡小店。

花蓮有很多文青人回到故鄉開店，或者是落腳於此，因為怕熱三訪花蓮這次並沒有去很多景點，就是慢活看山看海… …"
1283,店內空間寬敞明亮，裝潢簡潔且不失雅緻，餐點價位約介於150至300間，菜色與樣式看似家常，但皆十分精緻美味。簡單，寧靜，但帶著故事，令人流連。 咖啡樣式多而香醇，糕點類天然精緻又美味，花茶類餘韻深遠，店主親切熱心，加上兩隻慵懶的肥貓，非常適合消磨一整個悠閒下午的時光 復古風濃鬱的特色甜點店，用栗子、奶油及紅薯做成的金時蒙布朗令人吃一口就讚嘆一次，抹茶聖代更是令人光用看得就感覺到幸福~
1284,"招牌不太顯眼，但卻賣著讓人心甘情願等40分鐘的療癒系甜點😍
（拍攝日期：3/16） … 之前去花蓮找朋友時 朋友帶我去她的愛店之一❤️
吃過一次就讓人印象深刻的日式復古風甜點店🤤 … #西班牙煙燻紅椒牛肉 💸120
吐司內夾了滿滿的生菜、紫高麗菜、番茄還有半熟蛋
煙燻牛肉有微辣的香氣搭配蔬菜跟蛋液一口咬下 味道剛剛好🤤 …"
1285,整體環境很美好！老宅別有洞天～有歐洲小巷庭院的錯覺，好喜歡❤️大愛抹茶舒芙蕾鬆餅❤️驚為天人！完全就是日本好吃的水準！店員說鬆餅一份是一人份，但明明體積超大，吃下第一口就知道⋯鬆餅自己獨享一份根本不夠🥰鹹食也好吃！一定會再訪！！ps. 水是排毒水果水！超好喝！好貼心的服務❤️ … 好吃😋 貓咪都很可愛🥰 … 店氛圍很舒適，安安靜靜坐下來很放鬆，重點～餐點和飲品都很美味❤️ 舒適的環境
1286,"今日到現場內用，看到評論很好就前往嚕！到現場很幸運等不到10分鐘就有位置，點餐時點了一份鬆餅跟一壺茶，店員告知飲料單多要久候，態度也都很好有提前告知！
回到座位，想說有人提到他們的提供的水好喝，看了一下其他桌都有，隔壁剛入座的也有，想說還是因為我只有一位，所以也沒這個服務，所以我桌上就這麼空著要30分鐘，才有服務人員幫我送水…… … 用餐環境很文青、舒適 | 建議先訂位 | 適合網美拍照打卡 | 店員服務態度很好 | 舒芙蕾製作需時間，好吃，為個人回訪必點餐點之一 | 喜歡蘿蔔糕的表現，為個人回訪必點餐點之一 | 下午茶咖啡甜點 | 附近有停車場 很有藝術感， 買飲料還送餅乾，good！👍 …"
1287,"寧靜的小巷子內的餐廳，餐廳的質感很好，老房子改建的文青優雅風格，精緻的小細節很讓人喜歡。

餐點價位很合理，餐點內容也恰如其分，雖然沒有讓人驚豔的擺盤，卻讓人感覺舒服的用餐經驗。 … 從店門口就嗅到異國風味，充滿好奇的進入店內，店內擺設精緻有品味，每個小細節都值得細細品味，漂亮的女店主，讓人感覺很有溫度，仔細說明店內擺設的歷史背景，讓人彷彿穿越時空與精緻古物同在，是一個從所未有的咖啡體驗。
有一隻喜歡麥克雞塊的大狗狗，好乖好可愛，像是一塊大地毯般躺在地上等人撫摸。
女店主很貼心了解客人的咖啡喜好再推薦適合的咖啡，也會主動關心客人品嚐咖啡的回饋，是一杯值得的咖啡，值得再度造訪。"
1288,"IG：riinniir
𓂃𖤥𖥧𖥣⋆*
雖然沒有嚐到傳說中必點的舒芙蕾 … IG : riinniir
FB: Riin’s life好感生活 …"
1289,"店員服務親切、餐點擺盤很美、鹹食甜點跟飲料都很好吃！
超級推薦舒芙蕾鬆餅，建議要來事先訂位！ 最喜歡紅玉紅茶司康配上拿鐵☺️
整間店環境設計都非常好
看得出來老闆的用心 … 店裡氣氛好有品味，咖啡太好喝了～"
1290,"店內佈置和音樂都很不錯！營造非常放鬆的氛圍～
店員很親切，介紹餐點細心！
餐點部分推推燒肉飯&港式蘿蔔糕（剛好吃這兩種都覺得很讚( ´▽｀)
黑糖歐蕾上面有炙燒處理～很特別！口味偏甜！ 🌟🌟🌟三顆分別給店內氛圍營造/甜點菜單用心介紹/低消計算方式服務不錯且沒收服務費！

-假日到訪需登記候位（內用客滿有限時90分鐘）前面3-4組客人大概等待15分鐘可入座，店內冷氣超強！一進門口就可以開到一台黑膠唱片機播日文歌（真的是超級復古） …"
1291,"以為是西餐廳的咖啡廳。
個人覺得服務員做飲品順序或步驟要調整，等餐等了一個半小時、只來了一杯水果茶，
但至少還能協助外帶、水果優格是好喝的！！我喜歡！ 回訪過兩次，記得一定要提前預約。
原味的舒芙蕾最好吃、鹹食味道正常。
很適合和朋友去享用下午茶。 店內擺設的很有味道，餐點美味，但等待時間會久一些。 貓咪太可愛了，鬆餅也好吃 一大早就來，老闆還在準備，自己一個人坐在店裏氣氛很好～
咖啡好喝外，包裝也讓人賞心悅目 可以線上預約餐點自取、很方便。
焦糖肉桂捲好吃！！
吃起來不乾、焦糖也不會過甜，肉桂味適中，有機會還想嘗試別的口味。"
1292,"景點美食分享歡迎追蹤「一粒拍拍走」
IG：dalin209
⁡ … 純白色系風格咖啡館，門口外觀很美❤️很好拍
將老宅重新粉刷成白色
搭配腳踏車🚴與綠色植栽🍃小清新風格 …"
1293,"據說是網紅名店
原本想說要點招牌蜂蜜舒芙蕾
但最後還是忠於自己點了小山園抹茶 … 想要邊吃甜點邊吸貓嗎
想要膝枕的空位讓給貓貓取暖
來這家就對了。 …"
1294,"花蓮網紅咖啡可排前三，佈置極有品味，店家利用小洋樓一樓挑高的天花板把店內整理的非常洋氣，店內書籍均可在店內借閱。

最有名的甜點是舒芙蕾，看別桌都點了，顏值超高分量不少，店內供應的水是鳳梨紅蘿蔔小番茄水，非常有創意。建議預先訂位以免向隅。 與其說是咖啡館，不如說是一個非常舒適的空間，由挑高的日式老房子屋頂、古董家具、書籍、桌上的檯燈和音樂所組合成，販售的老闆娘精選的咖啡和甜點，包含雅緻的杯具都是加分。 …"
1295,"地點位於馬路旁邊
因此不好停車
建議事先訂位 … 地址不太好找
主要是沒有門牌號碼
門面是黑色工業風門面設計為主 … 平日去
一點半已經客滿
所以記得要提前訂位 … 位於巷弄內
不好停車
裝潢偏向日式風格 … 室內空間不大，因此位置偏少，咖啡好喝，但蛋糕的選擇性不多，點了提拉米蘇-好吃，一杯美式一杯榛果拿鐵，希望之後可以增加甜點或是蛋糕，但感覺主要是以咖啡為主的咖啡店，開車可能不好停車，門口有機車停車格可以停。"
1296,"非常棒ㄉ用餐體驗😍
梅子雞很好吃，肉很嫩
舒芙蕾好好吃ㄚ，吃白雲初體驗
配鮮奶油最搭！ … 原本還在猶豫要去哪間咖啡廳，看到狗狗秒選😍臘腸們真的很口愛，可麗露很好吃推推！ …"
1297,"東西好吃，價格便宜，品項少才不會有選擇障礙 食物很美味，值得來訪。
因是外地客，久仰小巷茉莉大名，老早想朝聖，這次難得來花蓮就趕緊訂位，因自己有帶寵物，寵物不能入內，店家有貼心的提供飲用水給狗狗，放置寵物的地方也有風，但是外面溫度高，在涼爽的餐廳裡頭望著外頭的女兒，心裡頭很不捨。"
1298,"手沖咖啡好喝，小空間很有特色，座位稍嫌狹小，價錢合理 餐點口味一般,分量稍嫌不足,用餐桌面太小,點三樣東西覺得滿,桌距小,座椅較不舒適。
候位期間於一樓院子(聞得到很濃油煙味)等候,服務員要詢問客人座位事宜是招手要客人走進店內做詢問而非主動走去院子向客人詢問。
周圍附近不論是開車或是停車都不太方便。 …"
1299,"推～飲品推。環境推。很美。建議晚點到。好熱⋯ 氣氛挺好的 海景很美，店員親切，飲料好喝 寵物友善 裝潢很特別 餐點精緻好吃 份量也很足 餐點乾淨新鮮，食材用料非常好👍
店貓超可愛，一個很輕鬆自在的店～ …"
1300,一不小心會走過頭的店，整體擺設裝潢非常有質感，而且店員態度很棒。正餐餐點口味偏重（點了台式燒肉），甜點舒芙蕾超讚（點了太妃糖口味，總共三種可選），下次還想來吃舒芙蕾！ 很舒服的店，貓可愛，鬆餅好吃
1301,"氣氛很好
空間夠
衛生紙充足 … 有插頭
舒適的空間，服務周到
好吃的蛋糕和好喝的咖啡 店員解釋非常詳細且活潑👍
餐點非常好吃，尤其是甜點的部分
但希望桌上能有一般的衛生紙 … 咖啡超好喝
全是升降桌
好停車 …"
1302,"餐點及甜點有水準
推薦大家一定要造訪 我點花草茶，味道非常棒
店員帥哥友善👍🏻 …"
1303,"一間與青旅合作的咖啡廳
推咖啡系列
跟巧克力薩拉米（點心）超喜歡的 … 空間很不錯 但假日人多 有點吵
很喜歡這個鄉村風的咖啡廳 有很多書
手沖好喝 藍莓果昔很美但太甜 … 很有質感的日式咖啡廳
橙柚塔超好吃 手沖咖啡超讚
冷氣很冷 適合聊天
不適合工作 因店內較昏暗且無插座 人多有限時"
1304,"生意超好的咖啡廳
沒預約可能會吃不到
我們很幸運的現場候位 大概3.40分鐘 … 路過坐下來殺時間點了提拉米蘇
是冰鎮過的那種 吃得到夾層有冰沙的口感
我個人覺得比較普通 沒有特別驚艷 …"
1305,"咖啡很好喝，老闆超級專業又健談，氣氛很輕鬆悠閒，整片書牆非常讚。 天婦羅超級好吃
還有故事書可以給孩子看
非常適合家庭"
1306,"咖啡好喝、鹿角蕨很美、老闆的笑容很暖 很棒的好店
舒服的空間
足夠的時間 …"
1307,"在花蓮生活了這麼久
第一次來小巷茉莉用餐
一直以為是過譽的網美店 … 西西里咖啡沒有讓人頭痛的苦味
美式和檸檬汁搭配的很好
但比較起來拿鐵系列比較好喝 …"
1308,"花蓮挺多這樣有溫度的小店 巷弄間的溫馨小店，
認真為每位顧客調製飲品與甜點，
每個角落都充滿著溫度， … 餐點是不會讓人失望，
也不會特別感到驚豔，
用餐環境相當舒適， …"
1309,"10/30晚餐
用餐當天下大雨，身體有點淋濕，謝謝好心的店員主動提供吹風機和毛毯，真的很暖心，謝謝！
抹茶舒芙蕾很好吃，不會甜膩，一下子就吃光光～ … 咖啡味道獨樹一格，甜點一般，空間比較小，座位不多，門口的植物很漂亮，價格偏高。"
1310,"必須說這兒的咖啡真的優秀，很愛西西里咖啡（這邊用另一個名字）。 每個角落，都值得停下來，拍一張照。
當天點了兩種口味的舒芙蕾（巧克力跟香草），私心偏愛巧克力多一些，可能是味道比較強烈，但是忘記拍照了。舒芙蕾都是現烤，不會太甜，搭配蜂蜜或者紐西蘭進口的奶油都很完美(⁎⁍̴̛ᴗ⁍̴̛⁎)熟食好像不錯吃，希望還能光顧！ 四個人一起坐在三人座空間（微擠）但看到周圍奇幻的空間就不捨得換位子了（而且怎麼拍光線搭配景色都很美）。阿芙佳朵～超推～第一次這樣吃（喝）拿鐵！焦糖瑪其朵好香甜度剛剛好。芋到焦焦巴斯克很好吃，甜而不膩，芋泥很新鮮。可惜乳酪蛋糕沒了！下次還會來❤️"
1311,"拿鐵好喝（還喝不過癮就喝完了）！
甜點是老闆自製的各種塔，當日口味貼在櫃檯前，沒有展示的甜點櫃，光看文字選不出來的話可參考IG照片或是牆上的手繪圖，橙香乳酪塔還不錯，下次再嘗試其他口味。
（低消為一杯飲品，有洗手間） 很久以前來買過一次拿鐵，是一位文靜的小姐做的，很好喝，第二次來，本來想買咖啡豆回家，看到地上散落的咖啡豆和門口的兩隻蟑螂屍體，想說這個衛生觀念還是算了（而且老闆在店內抽菸），拿鐵不好喝，老闆試圖解釋雖然義式咖啡機壞了但是他用什麼兩倍（聽不太懂？） … 裝潢佈置有用心，店員介紹很親切，感覺得出工作熱忱，有收一成服務費，不過要到櫃檯點餐（？但這種事就是願意付費就來🤷‍♀️），來的時候是平日晚餐沒有訂位也有位子，不過店員還是先登記姓氏和電話，稍微等2～3分鐘再帶位，可能是一種儀式感？😂
17:00以後沒有舒芙蕾，想吃記得下午來哦！ … 113／4更新
我要收回六顆星的評語，第二次去早午餐餐盤沒有costco圓麵包，超失望，而且沒吃飽。第三次滿心期待試試晚餐菜單，結果踩雷了，馬告松阪豬，吃一口就覺得醬汁超鹹，為了不浪費還是吃完了（而且小店的氣氛讓人很難開口反應），推新菜單和內容不固定是件很危險的事，覺得好貴啊…300元不好吃也不飽🥲 … 我買那麼多次今天才發現竟然沒評論過！😳
這是我目前吃過最好吃的司康，跟麵包店那種乾乾的不一樣，它比較鬆軟，好想知道秘訣是什麼🥺
推原味和巧克力！ …"
1312,舒服的空間、和善的服務、美味的餐點，還會想要來的慢活地方 我愛他的咖啡和店內氛圍，可以發呆很久的好地方 懷舊味十足的咖啡廳 超愛鬆餅，重新裝潢後第一次來，一樣好吃 咖啡很道地，香醇順喉，跟甜點也很搭喔！
1313,"很幸運的在抵達時還能品嚐到最後一份季節限定的草莓舒芙蕾。口感是綿密入口即化，就像吃棉花糖一樣，卻不甜膩，現打的鮮奶油也是不甜膩一口接一口停不下來。下次想來品嚐不同口味的。
港式蘿蔔糕一上桌看似不起眼，但味道真的很棒，要小心燙口。
限定的醉雞套餐，雞肉滿滿的酒香味，相當入味。會想再次來訪。 紙包雞腿大推薦！超好吃！雖然要稍微等一下，但非常值得，雞腿軟嫩又Q彈，裡面配上鮮甜清爽的彩膠和玉米筍，再搭上微辣的醬料，整個味道層次豐富。
鬆餅也是大推，竹炭鬆餅本身就是特色，再配上微甜的冰淇淋，真的很讚👍
抹茶歐蕾超讚，是全部分開在各個容器，老闆會先跟你解釋使用方法，先加入150ml的牛奶，再倒入50ml的抹茶，最後再一個人喜好加入糖漿，之後再慢慢調整比例！ …"
1314,"氛圍很好 店內圖書很棒 一個用餐喝飲料 休息的優閒自在空間

飲料餐點 也不錯👌 … 花蓮遊 回程 tea time
整體大致設計有 釜山海邊店家的感覺
但很多小細節 疏忽了整理 和 美化 譬如 垃圾桶 藤椅的 維護 等 餐點飲料 一般 應該吃景的吧"
1315,"這次很幸運直接到現場有位置
-椒麻雞飯
薑黃飯是我喜歡的粒粒分明 … 蜂蜜奶油鬆餅真的很讚！
奶油超好吃 超愛！！
奶茶焦糖味很重很香(˶‾᷄ ⁻̫ ‾᷅˵) …"
1316,很舒服的氛圍 拿鐵好喝 整修之後後環境變更舒服了
1317,"升級2.0的半寓 一切也還是舒服 🪄
店內重新裝潢 依舊氣質宜人
根本就是複合式 裝置藝廊+小花店 與 咖啡館
S.O.E義式拿鐵、手沖都很可以 推薦🤗 … 去的時候接近傍晚 隨時想聊 老闆就真的很健談
肉桂捲醬有點甜 但整體是吃的完的 也是推
拿鐵選了淺培表現的不錯 老闆也招待手沖
買了掛耳 但好想下次多帶一些優秀單品豆走 舒芙蕾真好吃 只是要等半小時左右
咖啡也可以喝看看 我喝哥斯大黎加 不錯
水也不錯有三種不同口味 蔬菜 水果 白開水 … 第一眼看到店面，不覺得驚艷
但進入店面後，感受得到店內裝潢精緻且溫馨
龍宮的店門口地板像龍鱗一樣，很用心～ …"
1318,"“中芬”很享受貓奴的雙重按摩😻
“旁芬”一直躲在高處不親人……有像我家黑糖。
另外一隻兩歲的貓女則非常的喜歡和客人互動，一直蹲坐在女孩的腿上，都把人心拐走了！ … 餐點好吃，店貓貝貝坐檯~無比榮幸😁 … 少女終於滿足喝下午茶的願望 ，其實是為了店貓~PUMA & Haru(春天~日文)，帶了秘密武器「無敵貓大麻」來討好喵喵~

單品咖啡一壺~配上闆娘自己燒製的可愛杯子，有貓仔在泡咖啡... … 地點很隱密， 我們是老花蓮人常常經過這條路卻沒注意它，哈~ 不過現在已經是網路世代了，店家要有特色，適合IG網美打卡風潮， 網路名聲鹊起，根本不用擔心沒生意!

佈置很舒服的地方，餐點做的也有一定的水準， 光是免費提供的飲用水就很用心啊，都是水果的味道。 散步strolling  的焦糖肉桂捲真的好好吃，只好把減醣這件事先忘記……😅😂🤣

現在（2024.5月）有開放二樓的空間，低消是一杯飲品與甜點一份，有好聽的音樂跟很多闆闆的藏書，可以讓你消磨時間、感受慢生活～ … 舉辦藝文活動的好地方！
2樓寬敞木地板空間，也很讚。
雖然明禮路路邊不好停車，但附近有收費停車場（每小時30元）其實很方便。 隱身在七星潭鎮星宮旁邊的好所在， 喝杯好咖啡配甜點，悠閒地聊天~氣氛很棒！ 被咖啡店耽誤的簡餐店嗎？😅😂🤣
因為朋友們推薦才來用餐，三份簡餐都蠻不錯的，是可以再回訪的。 …"
1319,"一早9點就營業很棒
吃完前面的廟口紅茶直接來喝咖啡
是KOHI宅推薦的☺️ … 好像走進宮崎駿的動畫裡面
超級喜歡這裡鬆弛感的氛圍
還有可愛的貓咪會主動來撒嬌 … 用餐環境舒適、漂亮。舒芙蕾好吃，單品咖啡就顯得略普通，但整體而言是間不錯的店家唷。 只能外帶的巷弄咖啡店
推薦深焙14號，很喜歡！
有外帶兩包深焙濾掛回去試試 … 來這邊吃吃提拉米蘇
喝喝咖啡放鬆小憩一下
唯一美中不足的是提拉米蘇跟評論上面的樣子長得不一樣，有一點小失望，但味道還是好吃的"
1320,"口味中規中矩的外帶咖啡，份量蠻小，價位偏高
要停車在附近，步行走進小巷弄 一間從門口到後花園都非常好拍照的店，裡頭的裝潢擺設是溫暖的美式鄉村風。 …"
1321,店家很親切，環境整個感覺就是有用心在經營，生日來花蓮悠閒的渡假，下午茶好吃，配上很美的海景，聽著海浪聲，滿滿好心情，店狗也超級可愛的 🤩 … 因為記錯訂位時間，還在附近瞎晃打發時間，還好有貼心店員打電話來提醒，店面優美、氛圍不錯，舒芙蕾是現點現做，實際等待大約20-25分鐘左右，軟綿好吃~類似奇蹟舒芙蕾的口感，覺得很喜歡！
1322,"一家舒服的店。
店貓過度可愛，老闆用心，但咖啡的餘韻，還可以更好：） 我們點了三款鬆餅，款款驚喜！尖叫連連～

好吃好看好溫馨，這是我在花蓮相遇最幸福滿足的店了：） …"
1323,離開花蓮前最後一餐，也太好吃的小山園抹茶舒芙蕾，沒訂位很難有位置喔 有特色吧
1324,"價格親民
卻像來到一家高級甜點店
份量服務都非常有誠意 … 美麗又舒適的空間
讀書很有味道
飲品小貴且份量少 … 很可惜沒有吃到抹茶舒芙蕾
但是鬆餅口感舒服剛剛好
茶也好喝
但是不太懂服務費服務在哪 店員非常親切
空間舒適有氣質
威士忌巧克力好喝，帶有微酒味
可惜沒有遇到抹茶蛋糕 復古昭和風
喜歡收銀機聲音 …"
1325,烤法式吐司很好吃，有讓我驚艷。拿鐵咖啡上花式造型很漂亮。還有可愛的店貓們可以欣賞🥰 … 當天餐點吃椒麻雞跟台式燒肉，覺得很好吃。甜點抹茶舒服蕾與黑糖卡布奇諾也很驚艷。環境舒服裝置擺飾很喜歡。
1326,看評論明明還不錯，結果自己來簡單來說只有三個字，貴、臭、差，價格絕對是其他咖啡店2倍以上，一進來聞到一股怪味，去洗手的時候發現布簾後面是一個廢墟，裡面超髒還有一個平底鍋在爐台，上面還有食物，氣味特別噁，驚嚇後想說至少餐點這種貴應該有他的道理，結果一上上來我的芒果還有黑絲，我無言，希望此店可以好好改進！ 冷氣夠涼，而且桌距也很大，裝潢有高級感，第一口安娜咖啡滿驚豔，喜歡喝甜的咖啡可以嘗試，點心比較還好，可能我沒有喜歡吃軟軟濕濕的口感，整體來說很推！ 店員很客氣，整間店有好幾個可以打卡的背景還有個大螢幕放影片，座位區也寬廣滿舒適的，餐點中規中矩，總體來說算中上的一間咖啡店 點心沒什麼特色，吃起來死甜死甜的，價位偏高，椅子偏硬坐久屁股痛，室內回聲大，希望之後會有自己研發的特色點心，椅子加防滑減少拖動的回聲 主菜給的份量超足夠，外酥內軟肥瘦適中，整個套餐很好吃，但飲料只折30元滿小一杯折完還是要破百元，水是蔬果清水滿有特色，店內採光很好舒適乾淨，店員也很客氣 難得遇見一間趨近完美的咖啡店，份量足價格合適，店員、餐點、裝潢顏值都高，唯一美中不足是內用桌數有點少，很怕下次假日想再去會排不到位子… 拿鐵很酸配牛奶很不搭，喝了一口就不想繼續喝，酸到怕喝完肚子不舒服，但還好沒有，所以可能是店家特色，磅蛋糕不配鮮奶油不好吃，吃起來口感和味道像黑糖糕但又沒有黑糖的甜味，像是某種籽的味道，裝潢不錯蠻新的，廁所隔音不太好
1327,"與店貓邂逅的咖啡館，古早縫紉機改裝的兩人桌，不一樣的氣氛！
甜點精緻，有店貓陪伴度過下午茶時光。 裝潢：文青風老宅咖啡館，裝潢讓人感覺很舒服。
舒芙蕾鬆軟，推薦！
美中不足是一定要訂位！"
1328,"有你們真好
花蓮遊子學成歸巢，熱血創業的咖啡故事
Unconditional Coffee  … 花蓮舒芙蕾首選
抹茶/巧克力 都很棒
鋪上鮮奶油的那一刻，居然像布丁一樣地晃動？ …"
1329,我是近期光顧貴店的一名顧客，原本對貴店的氣氛與菜品抱有很高的期待，尤其是同行友人特別推薦，然而這次的用餐體驗卻讓人感到極為不滿，促使我寫下這封回饋信，期盼貴店能正視問題並予以改善。 … 限量草莓鬆餅還不錯，貓咪親人，也很乖。記得看看菜單後面的成員介紹。
1330,"貓咪很可愛，飲品跟甜點都很讚

蜜香紅茶蛋糕茶味很重，蛋糕本體很紮實+濕潤 … 甜點/飲料都很讚

貓咪很可愛很親人 搜qrcode點餐～
貓咪很可愛"
1331,"小巷裏綻放著紫藤花 首次造訪品嚐了手沖咖啡和舒芙蕾鬆餅 咖啡香醇 舒芙蕾鬆軟甜美 感謝在疫情中 得以放鬆享受2小時的寧靜Souffle waffles here absolutely won me over. Coffee is good, too.  Have not tried other dishes yet. Will definitely come by again if I visits the neighborhood again. 外帶一杯散發著濃郁花香的衣索比亞 看海去"
1332,"喧囂中一處靜心小館♥️
品嚐咖啡伴隨療癒甜點
默默享受放鬆的氛圍♥️ 隱身於巷弄中的樸實小店
餐點飲品用心講解...料理多元豐富
環境佈置匠心獨具...建議要提前預約喔"
1333,"舒服的環境，寬敞的空間，品嚐美味的咖啡，享受花蓮的慢生活……

一杯肉桂蜂蜜拿鐵
一壺哥倫比亞手沖 二度探訪，還好有事先訂位
再次品嚐讓人難忘的醉雞套餐
（薑黃飯配上濃郁酒味且不膩口的醉雞） …"
1334,有兩隻超級可愛的店貓，黑色這隻超級親人！環境小小的是復古文青風，咖啡種類很多，推薦給很會喝咖啡的人來（像我不懂咖啡的到哪裡都點拿鐵..），環境很舒服，甜點還不錯吃但是小小的覺得這樣價格有點偏高，一切都是因為貓貓所以大加分！ 跟著大家的評論點了提拉米蘇果然沒錯，真的很！好！吃！拿鐵也非常好喝👍🏼店裡非常舒適，可惜沒有遇到貓咪（聽說貓咪都是自由自在的跑來跑去，所以遇到真的運氣很好） … 舒芙蕾超級好吃，咖啡是苦的那種、拿鐵好喝，店員很有服務熱忱、信心的介紹餐點，推薦大家來吃！可以先訂位就排隊（點舒芙蕾要等30分鐘左右）。
1335,氣氛不錯，店小小的 舒芙蕾非常正點，尤其是配的奶油口味輕盈且奶味濃厚。覆盆子水果茶酸酸甜甜，令人激賞 讚讚
1336,"樸實的餐點，節奏明確的音樂讓慵懶的氛圍多了絲律動。一個下午就把雜誌設計好排版完了！鐵定還得再來 即使汽機轟隆聲此起彼落，淡淡的咖啡香氣卻讓這裡如世外桃源般

精緻小巧的甜點和醇口的咖啡，時不時搗蛋跳上桌的小貓，是書籍、手札和悠然生活最好的陪伴 … 是一個能獨自待著，也能跟朋友相聚相會的店。店裡的每一個細節都看得出用心。

堅果芝麻大概是人生中第一杯這麼順口的❤️ …"
1337,"價格稍高 -
份量十足 店內裝潢漂亮
宮保雞丁非常夠味
餐如能附甜點肯定更完美 位置真的很難訂，幸好老婆、姐姐和姐夫吃的開心最重要，餐點好吃舒芙蕾讚服務人員親切，只能四顆星就是位置真的很難訂"
1338,"風景好 環境設計用心 發呆放鬆 餐點蠻有特色的，可惜貓不夠親近 第一次去吃，真的還不錯
我必須說 這間舒芙蕾真的必點！"
1339,"熱壓吐司（義式香料雞腿）中規中矩好吃、（洋蔥腰內豚肉）豬肉醃製風味獨特很看個人；實季拿鐵外觀美型，入口微苦後轉甘甜，是杯有深度的咖啡；宇治森半抹茶牛奶入口微甘，茶香半奶香，口感澀帶圓潤感。
餐廳裝潢走手作原木風格，配合獨特飾品搭配出讓人能拿本書享受慢活花蓮的風格。 隱藏於低調招牌下的美味，台客燒肉飯搭配兩種店家自製醬料（服務人員會貼心提醒搭配順序），肥瘦適中、美味下飯；椒麻雞麻而微辣，酥脆可口，搭配半熟蛋完美…
服務態度沒話說…限度內盡量滿足了客人的需求，感謝妳們為壽星特別保留了最最厲害的舒芙蕾😋 …"
1340,"2023.04.25
店貓非常可愛，會跳到桌上坐著看窗外🥺整間店小小的，但客人絡繹不絕，木質裝潢讓人覺得很放鬆，可以好好的休息，享受午後時光～ … 2020年第一次去就很喜歡了，記得那時候只有兩隻可愛貓貓🐱上禮拜六再訪發現多了一隻橘貓，都很親人還會自己靠過來撒嬌，下次還要再來！ … 撲空了兩次終於在第三次成功了😆當天去到的時候剛好沒有其他客人，所以有機會看到老闆烘咖啡豆的過程，本來還沒看到貓貓，後來他從外面回來了🥺在店裡走來走去，還很專心的看著自己的主人烘豆，好可愛😻 … 2023.04.24
平日下午來訪，一樣也是客滿，幸運的是候位一下就輪到了～位在七星潭附近，是一間蠻有個性的咖啡廳，喜歡店內的風格，布丁和咖啡也都很不錯，窗外還時不時會有貓貓走來走去，超可愛😍 … 香蒜奶油司康很好吃，咖啡好喝，店狗柯基也很可愛😍還有被招待一球冰淇淋，剛好炎熱的天氣可以消消暑～ … 2023.04.25
平日下午前來，剛好當第一位客人，整間店充滿日式復古浪漫的氛圍，非常喜歡😍選了一個最外面的位子，小小的角落靜靜的享受一個人的悠閒下午茶時光～昭和之心好好吃，不會太甜，咖啡也順口好喝，下次去花蓮還想再回訪！ … 肉桂捲很好吃😋內用環境也很舒適，老闆很親切👍🏻 … 一走進屋內，迎面撲鼻而來的是濃濃的檜木香，對於喜歡木頭味道的我真的是非常喜歡😍日式老建築也保存得很好，很漂亮！老闆娘則是給人優雅、氣質的感覺，說話也輕聲細語，很客氣的介紹，真的非常喜歡，還會再訪！ … 很喜歡！一定還要再來😍 … 點了限量的醉雞飯，屬於酒味比較重的調味，雞肉軟嫩，份量也蠻多，附的小菜和湯都不錯👍🏻 …"
1341,用餐體驗非常好，店員都很親切可愛，餐點當然也非常好吃。 氣氛好、咖啡好喝、甜點也好好吃，還有貓咪很可愛親人，還有好多書籍，其中還有一套四葉妹妹的漫畫很療癒好看。有機會會再光顧。 空間長形的咖啡廳，經過中正路這麼多次才發現它。
1342,"隱藏在市區的小路、很浪漫🌹的一家店！
舒芙蕾鬆餅現場現做、好吃😋生意超好，要事先預定時間，咖啡好喝口味非常有層次口感，建議點冰的！店員也超正、下次會再光臨、值得推薦！ … 好吃的鬆餅，心情不好的一天，得到釋放🥰 …"
1343,"手工麵包好吃 咖啡也很棒 環境舒適 餐點C/P值高 還有店貓
很棒的地方 羊奶咖啡蠻特別 但價錢較高 店內設計十分特別
餐點好吃"
1344,"鹹食可以吃到特別的餐點
但口味中規中矩沒有到特別驚艷
調味簡單吃起來很舒服 … 貓咪超可愛啦
可是不要亂摸人家可愛也是有脾氣的😂
餐點都很好吃 …"
1345,"老宅整修，有一種悠閒恬靜的氛圍感，餐點也在水準之上。
若是2樓陽台，讓小男友拍照的中二熟女沒有一屁股坐在我這面窗台上裝文青；隔壁房間5個屁孩遊客沒有自以為包棟高聲嬉鬧，整體氣氛會更好。 咖啡重焙偏苦，搭上附餐布丁剛好
有一隻很活潑的邊境牧羊，請不要餵他調味肉品，我是說客人 徐徐的風、蔚藍的天、遠方團團的白雲、腳下輕拍的海浪，這裡是浪·慢咖啡，甘醇的耶加雪菲，悠閒而放鬆的午后，時光值得靜靜的享受。"
1346,"-泰式椒麻雞
好吃 很像日式唐揚雞+椒麻醬
-紹興醉雞 … 謝謝朋友推薦
讓我來訪n次的店家 … 值得多次到訪的店:)
空間很舒適 藏書很多
餐點也很好吃 推薦三杯雞 …"
1347,"空間很美
餐點也不錯
有中式/泰式簡餐 … 悠閒的空間 適合放鬆"
1348,"很舒服、味道香香的餐廳
餐點⭐️⭐️⭐️⭐️⭐️
豆腐、燒肉很酥香、湯清甜、米飯很健康、菜清淡(菜份量少了點) … 環境⭐️⭐️⭐️⭐️⭐️
餐點⭐️⭐️⭐️⭐️⭐️
值得來坐坐、慢慢聽海"
1349,"好吃唷！ 網美的裝潢陳列但是令人驚艷的是餐好好吃，服務人員態度熱忱，環境維持很整潔。醉雞飯和燒肉飯的主菜量充足味道也很好！

因為下午兩點才供應鬆餅，我們要跑行程沒吃到。但是兩份套餐已經很滿足！ 肉桂捲好吃拿鐵好喝
適合散步後走來喝杯咖啡
沒有內用座位但旁邊有露營椅和高腳椅可以稍作休息 和地景豪無違和，大人感海邊的咖啡廳，飲料點心都有水準。音樂和服務也好"
1350,"可以躺在躺椅上 看著太平洋發呆 超級chill~
食物也非常好吃～超級推薦
地點比較隱密 車子可以停路邊～ 原本抱著假日不會有位置的心態前往 很幸運的剛好有!
點了兩個 比較推薦香草的 淡淡的奶香味 配上蜂蜜 不會特別膩
可以根據自己喜歡的方式吃 旁邊附的鮮奶油 是濃醇但不死甜! 咖啡廳環境非常棒 非常安靜
整潔明亮又舒適 點杯手沖咖啡搭配甜點
推巴斯克 不會覺得太甜而覺得膩 口味調配很好 … 店內環境整潔 燈光打下來有點壓迫感
菜單上並未寫每人的低消 但在結帳時才被通知
花漾橙柚塔 還不錯👍🏻 …"
1351,"舒芙蕾必點，真的好吃⋯⋯但飯類也不錯吃🤤氣氛挺好，店員服務態度佳，知道我們會分食，主動給盤子餐具，10%服務費給的心滿意足。🤍 … 可愛、暇意、喜歡，有空再訪～ 舒服的環境🥰還有可愛喵喵🐱下次再光顧！ … 氣氛歡愉 店不大但裝潢美美ㄉ
還有隻柯基(˶‾᷄ ⁻̫ ‾᷅˵)"
1352,老闆很親切 布朗尼超好吃(•ө•)♡ 鮭魚燉飯好吃，可以悠閒聚會聊天的地方，貓貓狗狗很可愛。
1353,從進門就能感受到每位店員態度親切良好，怕我們來回一二樓點餐麻煩，主動跟我們說可以先點好再上樓，省去一趟來回，非常貼心。即使沒有主動索取，也都會專業的附上共食餐具，讓朋友一起享用時感到窩心。餐點也非常好吃，符合價格的份量與味道。 餐點價格偏高，份量與售價略有落差，飲料部份還可以。店員態度較冷淡，延後開店建議可以主動告知尚需等待的時間，才不會讓人在門口乾等。
1354,"環境好氣氛好，重點是鬆餅超級無敵軟嫩好吃！入口即化的那種，推爆大家一定要點鬆餅！餐點也好吃、飲料都很不錯，推推！ 非常用心的一間店，推薦大家一定要去，所有的佈置都非常有時代感年代感。甜點很好吃，服務也很用心，整個很漂亮。
在小巷弄裡面的店，要找一下。"
1355,"建議事先訂位，有提供線上訂位真的滿方便的。店旁就有停車場，店的位置鬧中取靜很舒適。餐點配色好看也好吃，店內座位空間適當不緊迫，服務人員也很親切，很推薦給自己一個輕鬆的午後喔～ 每次經過花蓮就會來外帶一杯，喜歡有溫和堅果香的拿鐵，再帶一瓶濃縮回家品嚐也很享受❤️ 咖啡超好喝，特調也好喝
會讓人忍不住就喝光光
貓咪也好可愛 好東西與好朋友分享。鬆餅好吃。 環境非常用心，一進來可以看到很多可愛的小物，若是人潮多需耐心等候，服務人員親切，會協助帶位，非常適合家庭、情侶來這邊看看海，拍照紀念，吃美食！

⭐️好心情點心盤$100 …"
1356,"第一次來吃時，不知道舒芙蕾有特定時間才吃得到，所以很可惜沒吃到它！但還好這次來有吃到小巷茉莉的舒芙蕾，真的非常的好吃！！鮮奶油是使用日本的中澤鮮奶油，舒芙蕾本身非常軟嫩，整體來說值得五顆星！ 今天是吃栗子蒙布朗與熱拿鐵。
蛋糕非常的好吃，甜而不膩，蒙布朗底下像是泡芙般口感，但內餡完全不會太甜，好好吃！
拿鐵也很好喝，從打奶泡時應該溫度有控制很好，所以喝的時候有感受到清甜口感。
加上服務人員非常親切的介紹菜單且很詳細！ 今天來到快閃喝黑糖拿鐵，我覺得非常好喝，咖啡濃縮搭配鮮奶後，再加上冰奶泡灑上黑糖粉，整個味道很融合，很順口！非常推薦💙👍 …"
1357,"厚蛋吐司好好吃，蛋超嫩Q！供應時間很短
拜託一定要點！！ 對面有很大的停車場
餐點都好吃 …"
1358,"舒芙蕾好綿，很柔軟的口感
好吃而不甜膩，吃完一份還想再點一份
不過還要再等30分鐘，下次來要一次點兩個😋 … 寵物友善！ 老闆友善！ 咖啡順口！ 提拉米蘇帶有酒香，甜度不高，濕潤度適中
推薦🌟🌟🌟🌟🌟 …"
1359,價位小偏高，不過食物好吃！ 環境舒服，咖啡好喝 覺得算是吃氣氛的網美店，餐點價位偏高，以午餐來說CP值不高，有機會會想試試看鬆餅。 咖啡順口好喝，甜點也都很好吃，尤其是肉桂卷，喜歡～ 空間舒適，咖啡香純濃鬱，布朗尼好吃，芝麻乳酪蛋糕芝麻味道有點太淡，連底下餅皮ㄧ起吃芝麻味都被蓋過有點可惜，蛋糕跟咖啡份量都蠻小的價位偏中高。 巧克力濃鬱好喝，巧克力也好吃，空間舒適服務態度好！ 甜點好好吃啊～～不過空間的確是有點太小了 環境舒適，咖啡好喝 店內舒適但覺得價位太高，抹茶牛奶120味道很普通且份量小，吃裝潢的成份大一點，不會想再訪。 黑糖拿鐵好喝，堤拉米蘇也好吃！
1360,我們是從台北到花蓮的遊客，騎車到店裡時不巧遇到大雨，淋了一身濕進到店裡，趕在最後點餐時間前入座，服務生態度親切，主動詢問是否需要吹風機，還招待我們熱湯跟小菜，真的很感謝😌下次來花蓮會再光顧💛💛 … 特調很好喝！大推！店員非常親切，貓咪也很可愛
1361,"裡面有悠哉的貓貓狗狗，很適合帶小朋友來😊
營業時間很適合中午後找不到東西吃的人，價格中上，希望老闆之後可以考慮有更多雞和豬肉的選項，造福不吃牛的饕客🥰 … 服務人員都很客氣，價位中上，FB有菜單可以看，也有line連結可以預訂位置（當天預定要用打電話唷），餐點很好吃🥰 …"
1362,"三明治蠻好吃的 很多菜 💐餐點跟甜點非常美味，環境也舒適
重點！也很好拍喲！🤭
小紅玉👍🏻👍🏻👍🏻，無糖/有糖都好好喝 … 甜點和飲品都很優質，店裡的氛圍很好很舒服"
1363,這裡的餐點很好吃，員工態度其實也算不錯，不過美中不足的一點，就是我們進去時因為沒有訂位，所以需要等待，但是接待我們的女店員跟同事詢問後，沒有告訴我們要等待多久，就去做自己的事，然後我和朋友就呆呆的站著，後來聽到他們說桌子還在收拾，我們才默默到旁邊等待，我可以體諒員工很忙，但是如果能給個指示我想對客人會比較好，或是可以先做個菜單介紹也好。 手工沖泡的咖啡店，這裡只賣黑咖啡沒有提供餐點，建議可以吃完餐再來，店內很悠閒舒適，店內擺飾都是老闆娘從國外帶回來的古董商品，老闆娘會依據客人的喜好推薦店內咖啡，喜愛咖啡的人千萬不要錯過。
1364,"到花蓮渡假順便朝聖知名「舒芙蕾」
本以為這樣的複合式咖啡館，強項會是甜品，但萬萬沒想到，連套餐也不馬虎！
還有那粒粒分明的飯，最喜歡這樣的米飯了。 … 雖然沒嚐過其它甜品，但檸檬塔已經擠進我心目中的第一了"
1365,"下雨天來訪！整體氣氛非常舒服，看店裡書時，老闆還來跟我說不夠亮旁邊有燈可以開，太貼心了ദ്ദി ˃ ᵕ ˂ )
巴斯克上面的花是我小時候很常吃完花蜜，再拿來串成項鍊、手環的小花！吃起來跟小時候的味道一模一樣哈哈哈哈
店裡的貓也非常乖巧、可愛！ … 店裡的繪本很多很可愛！餐點也很好吃 肉嫩 不吃辣也有不辣的選項！
(果昔很讚 老闆非常可愛！！
跟我們分享了喝咖啡的好處、咖啡要怎麼品嚐
還拿了很多不同的咖啡豆讓我們聞聞看 …"
1366,單品還不錯 不起眼的門口，裡面卻有種老宅新生感，室內擺設很棒，採光很好，餐點好吃新鮮，飲料更是一大賣點，特別且會想再訪的店！ 1＋1，這隻古吉豆子好喝
1367,很棒的餐、舒芙蕾鬆餅超推的。沒吃過建議原味 很棒 很悠閒的避暑地。老闆非常專業熱心說明咖啡隨時為你提供專屬味道
1368,"舒芙蕾鬆餅很優秀
口感軟、嫩、細緻
搭配鮮奶油、蜂蜜口味絕佳
藍莓果昔很好喝 咖啡味道濃郁、柚子綠茶戚風蛋糕🍰😋 …"
1369,比起上面兩間網美咖啡，我更推薦這間，，，可以悠閒的放空 Cp值很高，幾乎每樣東西都好吃
1370,舒適的小地方，咖啡也不錯！而且那裡的貓咪可愛又友善🧡 … 咖啡還不錯 但是以價位來說有點高了 點了一杯衣索比亞 科狄朵 香氣表現優異 但是入口的風味可以感受得到整杯從頭到尾有明顯的苦味蓋住了原本鮮明的風味 不過整個店的佈置可以看出老闆的用心 杯器的選擇也很討人喜歡 環境安靜悠閒 座落在一間廟宇的旁邊 離七星潭很近 如果看完海很適合來這邊享受一個放鬆的自己 點了夏天菜單的 森林莓果果昔  小小一個玻璃杯 單價可以比得上一杯單品手沖了 但是風味很不錯 可以喝到藍莓和玫瑰香還有一點茶香。視覺上看起來也很精緻 然後他的舒芙蕾鬆餅我只吃了一口 覺得雞蛋味很重有點無法承受 很像是很濕軟雞蛋味加倍的尼克生乳捲的皮 店員滿親切 咖啡好喝該有的風味都有 價格也合理～店裏的環境舒適 有時候店貓會悠閒的跳到你身邊跟你玩噢！
1371,"燉牛肉的肉塊非常細緻，真的有燉爛🤣是我理想中的燉牛肉❤️
因為前面有一組14位又都點舒芙蕾所以等比較久（抹茶也賣完了）但招牌不愧是招牌雖然才剛嗑完主餐跟炸食拼盤卻讓我們在五分鐘內就完食🤣🤣🤣 … 去的時候因為過了主餐時間所以都點甜點
份量蠻少的，吃起來沒有到特別驚豔但也令人一口接一口（可能當時我餓爆了🤣
整體氣氛還不錯，價位偏高
剛到花蓮來這坐坐休息還不錯👌 …"
1372,"可麗露很特別，口感Q談.
有多種咖啡選擇，也可以另外帶咖啡豆， 舒芙蕾好吃，泰式炸雞也好吃，上菜時間會稍等遊戲，需要提早預約，假日人潮眾多。"
1373,"好吃😋 … 久違的花蓮遊
餐點很精緻，也很好吃。
會再回訪～"
1374,"巧克力精緻好吃！
又可以在店裡坐著享用 有貓可以看大加分，食材新鮮。 餐點好吃，防疫措施都有，環境優美，車停對面收費停車場算方便，推薦。"
1375,第四次來了好吃 威士忌焦糖布丁🍮風味有札實的層次感，在樹下啜著手冲咖啡☕️，在這一方小天地是咀嚼的聲音與回味的時光，一個人來是美好的滋味。 …
1376,很有田園風的小店，東西品項不多樣但是很用心唷～ 泰式打拋豬肉飯有特色具飽足感，有配菜及附湯；舒芙蕾二人一份就很夠吃了😊 …
1377,一走進店裡，老闆就親切的招待，店內擺設簡單，飄浮著濃郁的咖啡香，咖啡價格與口感成正比，磅蛋糕口感扎實。 服務態度佳，氣氛好，餐食好吃，但價格稍貴。
1378,青醬蛤蜊燉飯很好吃！ 貓咪好可愛
1379,"溫馨悠閒的喵咖啡 喵都很親人可摸可抱❤️ 安靜乾淨好吃的咖啡廳
水果優格好拍但個人覺得價格偏貴 淺淺一盤份量不多 很清新的咖啡廳🌿🌱🍀
東西也很好吃
只是當天感覺比較吵雜一點🗣 …"
1380,大推！！舒芙蕾真的驚為天人。喜歡奶油的香氣與口味，相較之下主食稍嫌普通（以這個價位而言） 我超愛這家鮮奶茶，裡面的氣氛很棒，到處都有小巧思！推
1381,"咖啡可以自己搭配
餐點好吃，尤其是麵包上面淋的醬 排到第二輪候位速度蠻快的沒等很久
甜點飲料份量都不大但都是好吃好喝的
柚子塔好吃第一名👍 … 限量的醉雞覺得是比較清淡的口味是好吃的只是這樣配飯沒什麼味道
椒麻雞🌶️甜甜辣辣的雞肉肉質比較紮實不會乾或柴
綠咖哩雞🌶️🌶️比較辣一點但是很下飯大家都很喜歡只是肉量跟另外兩盤比少了點 …"
1382,"可愛日式建築、價錢便宜
美式咖啡好喝
拿鐵也好喝 … 甜點很厲害好吃
只是冬天店裡很溫暖到覺得沒有開空調 很好吃！很好喝！還有貓咪！ 檸檬塔$120很酸很好吃
冰釀椰咖$160 不敢喝椰子的人可以接受，新品有厲害很好喝，可以為了這杯二訪 … 記得訂位才能吃到
去花蓮玩必吃小巷茉莉
舒芙蕾必點必點超級好吃😋入口即化
一個人可以自己吃掉一份因爲真的太好吃 …"
1383,"環境：有特地裝潢，空間大，廁所很衛生。二樓室內保留部分原貌，可以看出以前的日治時期平房的模樣。（建議白天去）★★★★
食材：主食皆可嘗試，擺盤尚可。米飯大部分都是搭配薑黃，養生概念 ★★★★
價位：大部分是200-250上下，相較於市區來說，算可以接受。★★★★ … 環境：
整齊乾淨、小店面、溫暖色系、音樂輕柔且小聲 ★★★★
食品：季節性甜點 ★★★★ …"
1384,"2023/1/24二訪

快閃花蓮半天 … 大家要記得提前訂位呦！

熱熱的舒芙蕾鬆餅搭上鮮奶油綿密的口感好好吃😋 …"
1385,"來過兩次，甜點都非常好吃，裝潢也很漂亮～
建議開店前五到十分鐘就來排隊
不然候位要等一陣子 餐點跟飲料都很不錯，下次想試試看舒芙蕾鬆餅～"
1386,"黑糖拿鐵好好喝！💖
那個飛馬拉花是我近幾年
在咖啡廳看過最厲害最敬業的了！✨ … 一份打拋豬比飯還要多的套餐，就像單點的量一樣，每一口都可以吃到滿滿誠意！"
1387,環境悠閒適合久坐，不趕時間時的好地方。 此次只有點舒芙蕾，舒芙蕾以花蓮來說屬一屬二，推薦。
1388,每去花蓮都必須去龍宮坐坐！舒適放鬆的地方！茶跟咖啡都很喜歡，甜點也很出色，感受到慢慢的用心，有機會再訪時想嘗試鹹食★ 鬆餅一定要吃！甜食鹹食都好好吃喔
1389,"老闆很懂咖啡態度很親切
還可以看老闆沖咖啡玩貓
蛋糕也好吃
很舒適的空間 從高中就愛來的咖啡館
甜點咖啡貓貓裝潢都很棒 貓貓超可愛又給摸
店員也親切
但飲料跟蛋糕有點普通 裝潢很美
廁所很乾淨又大
餐點都好吃 … 蛋糕好吃
飲料好喝
店內還有小東西可以買
環境舒適、廁所乾淨"
1390,"老房子 檜香濃
新人聞 咖啡香 覺得舒芙蕾鬆餅讓人感動！覺得自己幸福❤️"
1391,再次回訪，非常喜歡店內懷舊的氛圍，還有不受打擾的座位空間. 服務人員都很親切，帶位的妹妹菜單介紹很詳細，室內環境很漂亮舒適，餐點飲料都很美味，賞心悅目！值得再訪！
1392,"威士忌可可肉桂捲好好吃🤤
天氣太熱，喝不了拿鐵～
點了金桔冰釀拿鐵， … 距離住家很近的一家咖啡店
雖然座位比較少
但每次到訪都很幸運有位置
橙香口味的甜品很推薦!! 一入座，
就被美女貓店長Lume露咪熱情迎接～
直接坐到我前面任我撸😆 … 煙燻牛肉帕尼尼，麵包烤得恰到好處， 如果你是烤土司愛好者，務必來這裡吃看看，會有滿滿的幸福感～
除了牛肉跟起司，喜歡吃這搭配的朋友都知道，這樣搭配容易吃到後面會膩。
內餡加了玉米筍，使得整體口感平衡，可以很順的吃完一整份餐點～ … 初訪的時候
剛好是午餐部分
吃完打拋豬套餐 …"
1393,"外帶咖啡廳，沒有內用，只有外面幾個小座位，但環境仍然佈置的溫馨雅致。
咖啡好喝，肉桂捲令人驚艷，好吃到不會形容，大推 老闆很執著於咖啡的風味，也會也會一一詳盡說明自家的產品，很令人欽佩，如果能配合包廂空間會比較好，不然會重複聽到隔壁桌的解說。鬆餅真好吃！ 檸檬塔好吃 位子超級無敵小
坐的很不舒服😭
店員態度沒有很好 … 欸！這家可以ㄟ～
抹茶舒芙蕾有點太軟了"
1394,在上海街咖啡戰區中脫穎而出一間有質感的咖啡店，甜點真的是讓我流連忘返朝思暮想，前陣子老闆休息了好好長一段時間，現在又正常營業了，咖啡的品質把關的非常好，很喜歡簡單乾淨的感覺。 鬆餅奶油真的有驚艷到，必點喔！地點雖然不好！但食物CP值有水準！推特 很棒的空間環境，餐點中規中矩！舒芙蕾有好吃！但份量有點失望！
1395,"店員很怪，很鬼祟。適合聊天，不適合拍照，實在太暗，不過麻糬鬆餅很好吃，價格太貴，不推，倒不如去驚奇咖啡！ 花蓮還有一間抹茶專賣店也很有名
特意挑了一個開店時間去
到現場已經有兩組候位 … 好漂亮的咖啡廳而且很有歷史意義😻 … 店員幽默😂咖啡好喝👍推 … #內有菜單
到哪都想找當地特色外帶咖啡店☕️
找了好一陣子原本都只有找到連鎖咖啡 … 蘿蔔糕很好吃耶 外酥內軟驚艷到@@
服務人員也很熱情親切
鬆餅也好吃😋 超超超開心❤️ …"
1396,"氣氛很好，可見老闆用心，也不限制用餐時間 氣氛很好，可惜素食的正餐只有一道。
用餐有兩個小時限制"
1397,"重新裝潢了！環境變好美～ 舒芙雷超好吃 歐買尬
泰式炸豆腐超讚👍🏻 … 晤子跟小貝果兩隻店貓都好可愛
甜點飲料也很不錯～"
1398,"舒芙蕾吃起來跟雲朵一樣、入口即化，推薦！ 美味的肉桂捲、友好的店員和舒適的露營椅，為我們的旅程畫上了完美的句號！

感謝你們對各種口味的詳細介紹和周到的服務 :) …"
1399,很著名的的網紅店，沒想到食物也好吃，乾淨的裝潢，輕鬆的用餐環境，很棒~ 很有味道的小店，擺設和佈置別出心裁
1400,"裡面擺設可愛～
餐點咖啡部分還可以 舒芙蕾好吃
特別喜歡冰淇淋上面的栗子泥～"
1401,"半日行
找個安靜的地方
陪自己吃飯 … 那個麵包佐白醬真的好吃，不知道是不是因為年紀大了，耳朵比較吃力😅😅，因為我聽錯了，又加點一份，然後就一次四顆麵包都吃了，因為佐上白醬又不好外帶，一次解決，雙拼雞加松阪豬，吃不完還能帶走，一杯海鹽焦糖冰咖啡，香濃好喝，附贈一份小甜點，忍不住還是點了湯，那個湯很濃郁，我只能說，要自己來才知道食物的美味，有用心在食材上的搭配，基本上我是用餐怕吵的人，空間不算大，但不太互相影響，年輕老闆非常親切有溫度，有機會來花蓮會再來。
花蓮加油😁😁 …"
1402,"臨時找到的餐廳，意外的好吃！
下次有機會再來花蓮會回訪～
平價、美味、舒適 這家咖啡館超可愛，貓咪也特別萌。因為一隻貓咪趴在我的包包上睡著了，所以我不得不多待了一會兒。"
1403,"咖啡尚可
餐點好
服務態度好
氣氛好 咖啡 看海 沈澱 咖啡 甜點 冰淇淋 都不錯 咖啡及服務態度都很好 老闆態度親切 單品咖啡頗有水準 水果優格色味雙全 外面有4個座位
咖啡及點心 味覺層次很夠"
1404,餐點非常好吃，唯一不足是配菜蔬菜量略少。服務很好，咖啡香味非常棒！ 咖啡拉花非常厲害，糕點超級好吃，店貓們是天使❤️ㄧ定會再訪的店。
1405,鬆餅有特色，餐廳舒適，是適合下午茶的好地方。 鬆餅非常美味 非常喜歡金湯的咖啡，咖啡的品質真的很棒，喝得出口感，套餐的三明治和沙拉也很美味～ 店內空間較小，但氣氛溫馨用餐環境舒適～
1406,"東西真的很好吃，但是就是真的有點貴阿😂以花蓮物價來說真的高，但是同時也真的超級好吃！！ … 檸檬塔跟焙茶塔真的都超級好吃！！
來了絕對不會後悔"
1407,"舒芙蕾好吃！
咖啡也好喝！
等待時間是值得的 咖啡甜點表現出乎意外的好"
1408,"雖然第一次造訪 讓人驚艷的餐點
這已收入我的花蓮口袋名單 日式氣氛很到位 昭和之心 酥脆好吃"
1409,簡餐很好吃😋 店裡光線很好 拍的照片也都會很好看 這裡是我去花蓮玩時必去的店！ … 超讚讚空間，花園還有可愛小動物～很美！
1410,"💠小山園抹茶冰淇淋舒芙蕾鬆餅
💠黑糖歐蕾 … 缺點是 老闆很難聊
💠 阿索比亞 西達摩 谷吉 烏啦嘎 日曬 G1 …"
1411,氣氛超棒，舒芙蕾很好吃 很舒服的環境，咖啡很專業好喝，服務也很棒
1412,"文青氣氛不錯，料理好吃，可以再去. 司康都是當天製作，
司康十多種口味，
個人喜歡鹹的口味 …"
1413,"很美很放鬆的好地方，值得一訪 不論鹹甜食，餐點美味好吃😋 … 餐點有3星以上
店內空間狹窄，滿安靜的，座位數不多需要等待，有貓，附近不好停車。"
1414,"【食物】

《舒芙蕾鬆餅》超級好吃，口感輕盈蓬鬆濕潤、不乾不粉，熟度少一點太生多一點太熟，厚度很厚卻不會塌掉，真的很好吃！ … 【餐點】

《焦糖阿法卡朵》＊非常好吃＊ …"
1415,"記得一定要訂位，平日人也很多，
沒有訂位只好開門前來候位，
沒想到舒芙蕾1點才開始供應， … 迷你咖啡店，
老闆好像還有在上日文課，
但也不忘了要招呼我們， …"
1416,"在花蓮的小旅行似乎每家咖啡店都值得拜訪和放空，享受悠閒的空間氛圍。
口袋名單的「浮室」剛好就在民宿附近，方便得很。 舒服的環境，服務親切，餐點略為小貴，因趕火車沒吃到很受歡迎的下午茶鬆餅，可惜！ 來花蓮旅遊主要的口袋名單之一，店內小小氛圍很好，也很有自己的風格；咖啡甜點都很推薦！"
1417,"都還不錯吃，裝璜很美，氣氛很棒 老闆人很好！環境舒適，咖啡也很棒 很舒服的一家店，闆娘親切漂亮且服務周到
可麗露很好吃！心中可麗露排名有前三，口感外脆內軟，沒有烤過焦或過硬的感覺，甜度很剛好，配茶蠻適合的
_ … 餐點好吃😋小朋友很喜歡💕很好吃😋 … 熱壓吐司很好吃，菜給很多，配料豐富
美式咖啡普通偏淡
像是一家被咖啡耽誤的熱壓吐司店
店面小小的，位子不多"
1418,"充滿日式風格的一間甜點店，隱身在巷子裡，一進去就可以感受整間店的復古風，昭和之心很好吃，抹茶拿鐵也好喝。
態度親切，去花蓮一定要去看看。 店內舒適寬敞～
甜點用心精緻
適合下午茶放鬆～❤️ 舒芙蕾真的好吃，整間店佈置很漂亮，坐起來很舒服放鬆。 老闆年輕帥氣親切
空間寬敞舒適
有親子空間 …"
1419,隱藏在巷弄的小店 環境、餐點、甜點、單品手沖、店員服務都沒有什麼好挑剔的，值得造訪。
1420,"好吃
鬆餅很特別，咖啡很順口
義大利麵也不錯吃～
牛排料理的很好👍🏼 … 咖啡很好喝 點了熱壓土司也超棒
貓貓們都超可愛還有一隻柴😻
很能放鬆的好地方 … 很適合一個人享用美食"
1421,手沖咖啡非常好喝，磅蛋糕也好吃，推薦！ 來過一次還會想一來再來的地方💖 …
1422,咖啡必喝，舒肥嫩雞推薦 因為短暫休息路上找到一家小巧文青的咖啡店，感受老闆的細心，下次有機會回再回訪，品嚐每天都會更新的糕點。 入口即融招牌鬆餅，好拍 好像到日本的小巷弄咖啡館
1423,"舒芙蕾嫩滑入口即化，超好吃😍
配鮮奶油、冰淇淋或蜂蜜都不錯 … 很舒適也很有質感的一家店，咖啡好喝👍🏻☕️
蛋糕也很棒，布朗尼濃郁，抹茶捲吃得到濃郁🍵香 … 🏡店內座位不多，20個左右，假日幾次來訪都剛好客滿，週五下午來就還有不少空位。
後方有個大庭院，裡面一堆植物，愛園藝的人可以來看看。 …"
1424,份量十足的套餐 環境舒適 舒芙蕾鬆軟味道清爽 太舒服的咖啡廳了 環境讓人放鬆
1425,"檸檬塔好吃
咖啡好喝 很輕鬆優雅的地方
餐點醉雞非常夠味道好吃
飲料好喝"
1426,"沙拉米和奶酪好好吃，咖啡因為第一口喊著好苦，老闆再沖了一次給我們，嗯，第二次的很清澈也有香氣，真的很不好意思。
很喜歡這裡，下次會再訪。 無法預約訂位 好吃，環境佳，絕對一訪再訪 一切都很棒
上廁所要去旁邊加油站 第一次去很喜歡
但搬到新位置後
手沖我沒辦法喝完一杯 …"
1427,復古小店的華麗甜點冒險。 隱身花草間的氣質小店。
1428,環境超讚有種偽出國的感覺，吐司好吃，但是栗子蛋糕售完了沒口福好難過🥺🥺🥺 … 舒芙蕾超好吃😍😍😍還會再來！！！ …
1429,花東客棧住宿步行2分鐘就有百元有找的SOE美式，其他咖啡品項也滿多元的，價格實惠。 餐點、氣氛、服務都很棒！適合獨享，也適合朋友聚餐！
1430,處處充滿巧思的地方 舒芙蕾鬆餅等了40分鐘，飲料等了一個小時才送上來，效率差的驚人
1431,一定要點抹茶鬆餅！苦甜的鬆餅，入口即化！草莓果昔也不錯 小小一間咖啡店，老闆親切，咖啡好喝，布朗尼不柴很好吃，很喜歡裡面的氛圍，很棒的放空地點。
1432,環境舒服，餐點精緻美味 環境舒適 店員服務品質佳 餐點美味 廁所乾淨 來聽講座，空間滿好的
1433,氣氛咖啡都很不錯 甜點好吃，氣氛舒適的咖啡廳 價格略高，迷迭香檸檬生乳酪的味道不是很平衡 肉桂味道很夠，捲體是微乾鬆軟的麵包體
1434,巧克力薩拉米，迷你達克瓦茲-巧克力，嫩布丁配上咖啡，下午茶時刻醉人滋味，舞鶴柚花茶，清香回甘，，環境清幽，悠閒午後浪漫時光，遠離西部緊張步調，配上輕柔背景音樂，是等待火車時刻絕佳地點。 景色佳、環境優、東西美味
1435,餐飲小貴 因為份量偏少 小巷內清新餐廳 用餐兩小時 還不錯
1436,"餐點用心👍好吃😋很推舒芙蕾 … 老闆很熱心！店內環境舒適安靜，是可以坐在這裡好好休息放鬆的地方👍
點了
一杯蘭姆酒熱巧克力，蘭姆酒香配熱可可，口感很特別👍 …"
1437,環境不錯，但是餐點真的等很久，超過半小時，然後跑來問我點餐了沒有！！在等二十分鐘後，跟我說在一下下，我們等個燉飯跟豬排飯，竟然要一小時，而且這還不是第一次...服務生態度真的...... 好吃!空間環境很漂亮
1438,"花蓮適合聊天的咖啡店，V Tree,一進門就是店樹，座位舒適，偏愛2樓吧台區，可以放空，提供插座給需要用筆電的工作者。想聊天可以坐沙發區，佈置別緻，又舒服。推薦布丁，是店家手作，簡單但採用品質高的材料，吃的出店家用心。拿鐵咖啡順口好喝。也有提供簡餐，但下次再來品嚐，前身是阿美自助餐，不用懷疑ㄧ定好吃。 第一次去，雖然因為疫情吃不到評價很好的舒芙蕾；但是我們外帶了他的餐盒，價錢雖然偏高，但是主菜給的很足夠、味道也不錯
第三次到花蓮回訪，是因為太想他們家的舒芙蕾，真的很好吃，可惜的是這次沒吃到燒肉～"
1439,"好咖啡☕️☕️☕️好食物😋😋😋厚蛋最高❤️❤️❤️ … 好地方👍🏻👍🏻好甜的🤤好咖啡☕️☕️ … 好咖啡☕️☕️☕️ 花蓮最強舒芙蕾鬆餅😋😋😋😋😋 … 好地方，非常適合來渡過悠閒午後時光，等傍晚再去七星潭吹吹風👍🏻 … 好地方，無敵海景，好天氣來拍照一定超美👍🏻
入口有點兒隱秘，一不小心會錯過，路旁都可停車非常方便👍🏻但路上的車兒車速超快，帶小孩的朋友務必小心注意⚠️ … 下午提供：咖啡☕️ 甜點 12:00-18:00
晚上提供：
調酒、精釀啤酒🍻、炸物 20:00-01:00 …"
1440,司康好好吃～環境舒適！ 環境舒適，餐點很好吃，服務人員態度很親切～會再回訪！
1441,今天帶小姪女吃飯，我跟櫃檯說小朋友有一個過生日，而且考試才剛考完，所以帶她們來吃飯，沒想到這個小小的閒聊，服務人員有記下來，在送舒芙蕾的時候還送個小蠟燭，還多送了一個小冰淇淋，小姪女開心在心裡呢！而且我們吃飽要離開時，服務人員再次對我們說生日快樂，今天是開心又滿足的美食饗宴！小巷茉莉的服務讚呦！小下次有聚會還會再來 。 用餐環境很輕鬆悠閑，店貓三不五時會來關心一下，豬肉三明治很好吃，吃起來很清爽，推薦大家來用餐
1442,"寵物友善餐廳就是棒👍
店裡的三隻貓貓跟老闆做的Logo好可愛❤️
餐廳裡的餐點很好吃😋 … 寵物非常不友善
訂位諮詢是否可以攜帶寵物，告知可以但是只能放在室外，並且主人也不能一起在室外用餐，且打電話當時告知已在下雨，狗狗可能會淋到雨。
小姐，如果不能或不願意直接告知一聲不能攜帶寵物就好了，這種說法真的很不舒服😡
可能你們的餐點是好吃的，但是我能確定你們的服務態度是非常不友善的🙃 … 一個令人舒服的咖啡店，整間屋子都是木頭做
的，桌子、椅子都是。盤子好像也是老闆自己用木頭刻的。
原味拿鐵好喝，蛋糕小點心也好吃。 …"
1443,"安靜舒適
蠻喜歡店裡裝潢的風格
不限時間很適合帶筆電來耗一個下午 … 醉雞飯🌕🌕🌕🌑🌑
酒味濃厚、肉質Q，但有點鹹，配菜是豆芽菜和小黃瓜等等組成的冷菜，整個冷盤吃起來其實是有點單調的，感覺醉雞無法跟飯搭在一起，但同行夥伴說還滿喜歡的啦。
綠咖喱🌕🌕🌕🌗🌑 …"
1444,"好酷的餐廳，餐點好吃，環境舒適，每個桌位都有自己的主題感，很不錯的體驗 只能說肉桂捲真的又貴又不合我的胃口，可能是佐檸檬糖霜所以味道非常酸甚至多過肉桂味
低消是每個人一定要點一杯飲料。但是飲料真的非常高單價，而且並沒有特別好喝，建議如果不想喝飲料的人外帶就好。
小早餐那盤早午餐也非常沒誠意，一盤200但是是非常健康簡單到不行的味道，可能跟一般早午餐的那種印象有點天差地遠。 美式不會算也不澀，很順口，加50元可購入可麗露，可麗露口感很特別，推推！也有在賣豆子跟濾掛！"
1445,"天公不作美 不然我會想一整天窩在這
人潮不多沒有限時 實際限時是3小時
沒有要求要點多少東西 有點餐就可以 … 口袋名單之一
實際踩點
真的一點都不失望
雖然等待了30分鐘 但 很值得"
1446,"價位偏高，餐點很精緻 吃原味就能吃得出老闆的用心
第一次來循序漸進的用店家的方式吃
鮮奶油不甜不膩 配著鬆餅剛剛好
真的覺得這份鬆餅的簡單卻也不簡單❤️"
1447,氣氛餐點都不錯，可惜紅茶和咖啡無味，讓我們有點失望~ 地點獨特，料理用心，進去的屋內有點清香味，沒有任何油煙味，感受到老闆的用心，擺盤精心，食材創作讓人驚艷，光水果水招待就讓人溫暖了！服務親切，雖然排了一個小時，但是值得~是間會讓人經常回顧的店家！
1448,"有家的溫馨感，深夜打發時間的好地方。甜點很讚！ 像是去朋友家喝咖啡的感覺 不愧是人氣店，需提前訂位，
對於用完正餐，想續甜點，咖啡，90分鐘的用餐時間，有點趕。"
1449,"很特別的咖啡廳 擺設都很美 很適合坐著休息度過一個下午 甜點也很好吃 東西好吃飲料好喝環境很棒
下次會想再來一次"
1450,"老闆很帥，司康很美味
氣氛很棒！
（店裡有可愛的貓和小少爺😆） … 很美的店，餐點和服務很棒，可惜隔壁桌聊天很大聲😆破壞了美好 …"
1451,"還是這麼好喝❤️ 平價好喝~ 咖啡好喝😊 … 拿鐵真的很好喝🫶🫶🫶
感謝生命樹推薦🫶🫶🫶 … 舒芙蕾實在太好吃了
#親子友善❤️❤️"
1452,"服務態度好
環境優良
餐點好吃 … 環境安靜
東西好吃
還有一隻貓咪 價位偏高
環境舒適
服務人員態度良好"
1453,帶女兒來吃甜點，女兒說這間很棒，會想再次回訪的店 推薦必吃肉桂捲，有內用區非常舒適，鼓勵環保、自備杯子折扣優惠10元，內用外帶皆適用👍👍👍 … 飲品、甜點100分，值得再次回訪的店 好吃好吃、服務又棒 謝謝女兒若庭邀我來品嚐咖啡，超讚的空間，裡面超有特色，你們一定要自己來喝喝看
1454,"去過一次
覺得與學校附近的早午餐店相比
沒什麼特色 … 松露雞腿燉飯的雞腿超好吃 10／16平日到訪
優點
。店狗超可愛 … 好可惜 去的時候店貓剛好休假  裡面氣氛很棒 少了點溫度……
希望平日人少的時候可以先安排距離座位
不要把人全部擠一起"
1455,老屋整修後的小餐廳，兩層樓的水泥舊房子，沒有過多的渲染懷舊氛圍，簡潔明亮的裝修風格，清爽而悠閒。餐點口味好壞見人見智，眾口難調，個人感覺相當美味，可以給四顆星。沒有點鬆餅，可是看見鄰桌的鬆餅，實在令人食指大動。 可口的餐點，悠閒的午茶時光。 悠閒的地方，好喝的咖啡，可愛的貓咪。
1456,"環境乾淨
服務人員親切
餐點好吃 … 一間約有12個座位的小店
只販售咖啡跟當日甜點
來這邊可以舒適的品嚐一杯好咖啡
從咖啡、店內環境能夠感受老闆是個細心且有品味的人 好喝👍🏻 …"
1457,"餐點美味，份量還算足夠，舒芙蕾鬆餅確實一絕，相當鬆軟綿密，非常推薦，建議先訂位喔！ 位在國風國中對面的 無設限咖啡

環境不大 卻有一種很高級的感覺 … 位在上海街與忠孝街交叉口的 實季

裝潢很別緻舒服 … 在 市區 阿思瑪飯店附近的 昭和58

很有時代氛圍的環境 我很喜歡他們店的環境 … 位在於花商旁邊的咖啡廳

位子不多 … 位在於花蓮市區 忠孝街與上海街 的交叉路口
Choco choco
今天點了 接骨木氣泡飲 布朗尼 跟熱巧克力 …"
1458,餐點好吃，餐廳怡人，服務品質很好👍 … 每次來花蓮必喝的咖啡，老闆都是親自挑豆喔、品質很好👍 …
1459,"來花蓮玩很想喝咖啡
就搜尋附近的咖啡店
意外找到吉野～ … 在花蓮讀書的友人力推的店
價格上來說比較偏向台北的物價～
店員親切友善 ，東西好吃
沒拍到照的舒芙蕾入口即化，最推薦 來附近喝咖啡

平日來的，店裡閒閒的沒客人 …"
1460,處處是用心的小細節☕️ 氛圍很棒，歌曲好聽，食材細膩
1461,很棒的咖啡和免費的糕點。 有訂位還要等快5～10分鐘帶位，要自己下樓點餐、自己拿水杯倒水、自己拿衛生紙，不懂這樣自助式到爆的操作為什麼要付餐點10%服務費。餐點勉強中上。
1462,"很舒服的空間，店內氛圍很棒，大推柚檸塔，沒吃到栗子蒙布朗超可惜😅 … 好吃😍
無論正餐或是甜點都很棒
熱門時段有限時兩小時用餐時間 … 是紮實好吃的司康😋
口味部分…
📍巧克力濃香不過甜 … 很舒服的一個空間，但是真的很隱密一不小心就會騎過頭😅
窗戶旁就是鐵道時不時還有火車經過🚂
很喜歡他的玫瑰洛神花茶
檸檬橘皮磅蛋糕很推❤️ …"
1463,"小山園抹茶舒芙蕾鬆餅很好吃👍👍👍鮮奶油超加分！其他餐點也很好吃～調味跟氣氛給100分
價格稍高一點點 … 餐點內容稍嫌薄弱，沙拉醬及優格有點偏甜。但是老闆人很nice，小孩不算人頭。貓貓很可愛！"
1464,"咖啡好喝環境舒服，是會讓人想要回訪的小店 網紅店，價格稍高。鬆餅單吃會有蛋味，加冰淇淋蠻好吃的

水準之上，不會踩雷但也不會回訪"
1465,"網美踩點早午餐

整體裝潢還滿有日系小店的感覺，餐食還可以。 … 特色咖啡館

刨冰還不錯吃 森林系咖啡廳，還有後花園！！

可惜咖啡類似罐裝咖啡...讓人覺得不如去喝便利商店的還較平價。 …"
1466,"週二下午造訪時已經沒有抹茶鬆餅。
只好點蜂蜜和巧克力，鬆餅非常好吃，巧克力只好點蜂蜜和巧克力，鬆餅非常好吃，巧克力整體太甜，建議巧克力醬甜度降低一些~ 店不大，老闆一人經營，一次只能準備一樣餐點，所以需要耐心等候~

※鹽之花布丁：濃厚的布丁配上帶有鹽味的鮮奶油，淡淡的鹹味把布丁的苦甜提升到另一個層次。 …"
1467,舒芙蕾、梅子雞好吃 門口很難找哈哈
1468,"很適合放鬆聽海浪的地方
一點點的太陽加一點點風放鬆的感覺剛剛好
工作人員講話都很溫柔🥰 … 改版後第一次來 氣氛整個很棒
本來擔心是收起來
很開心驚奇回來了"
1469,食物好吃❤ 服務態度讚 環境也不錯
1470,雖然小小，但二樓的書桌是很好的安靜創作區，飲料與甜點都好吃，是一個溫暖又有質感的地方。 喜歡店內氣氛，員工對孩子友善。
1471,"很舒服的地方 咖啡很喜歡 第一次嘗試不同的風味 都好讚～早午餐份量看似不多 也是挺飽的👍 … 來不膩的店 好天氣來 很棒
貓貓 狗狗 小孩 的樂園 舒服放鬆的小店 看看書 喝喝咖啡☕️
附近好停車 離前站很近 悠哉的好所在 很舒服的用餐環境🍴 … 喵星人很主動 發呆的好地方 很舒服的店家 焙茶好好喝 抹茶👍 … 臨時來外帶～下次再來內用🙌
意外自由組合好好吃🤤 … 好吃好拍還有顏值很高的店員 超強的招待柴犬（豆油）👍 … 快樂的 很棒的環境 餐點很精緻😋 …"
1472,"來花蓮旅遊，無意中發現的餐廳。
餐點好吃，服務生的態度親切，很舒服的地方！
結果在花蓮待三天，來吃了兩次😋 … 現烤鬆餅一定要趁熱吃，口感非常驚艷。如何搭配新鮮鮮奶油跟蜂蜜，老闆會很熱情詳細的解說。點一杯老闆自家烘培的手沖咖啡很搭。豆款很多，可以詢問老闆建議。

機車可以停門口，汽車要稍微找車位。可能多花幾分鐘步行，但很值得。 … 店內氣氛不錯 可惜沒有廁所 要上廁所要去隔壁加油站上"
1473,"太愛這裡的咖啡了！味道和賣相都很棒💯👍😍☕️！拿鐵藝術太棒了，倒出來非常順滑，我超愛這樣的咖啡！ ☺️ 非常喜歡這裡的燕麥拿鐵。他們用的燕麥奶是加州燕麥奶，和咖啡豆搭配得很好。 ☕️🌟 … 水杯裡有蟲、收服務費但服務不是很親切且餐點價格偏高
水果茶的料可以再多一點比較符合價位 香濃的職人咖啡；咖啡師對品質非常要求"
1474,"餐點美味，舒芙蕾很讚，服務人員親切🫶 … 舒適的休憩環境👍 … 非常好吃的鬆餅
咖啡水準也很高 五顆星推薦！
（老闆的專業讓客人感受到）"
1475,東西好吃，舒芙蕾口感綿密，抹茶拿鐵抹茶十分充足，主菜味道也不差，店內藏書甚多，適合看書休息！推推 泡芙跟焙茶卡士達及焦糖榛果內餡達到非常完美的搭配，抹茶聖代不愧為本店招牌很好吃，整間店濃濃日本味，叫昭和完全不違和，推推！
1476,"新開的咖啡廳
在定置漁場樓上
開到兩點 超酷(´･ω･`) … 鬆餅好吃
推推"
1477,"高山茶不錯喝
小小的店很安靜很舒服 較推舒芙蕾
抹茶口味不錯 … 老闆人很好 東西多幫我們換比較大的位置
吃飽了也跟我們說可以慢慢坐🥰
食物也都好好吃💖 …"
1478,餐點棒環境優服務佳 環境溫馨放鬆，飲品及甜點讚
1479,"甜點很棒❤️ 一顆心是留給第一次光顧的時候，真的非常好吃的推薦，其他的星星消失，期待未來整體的完善，祝福…希望小店可以更好 咖啡不錯，但真的太熱了🥵
沒辦法久待有點小可惜 … 個人鐵鍋的飯很特別很喜歡❤️"
1480,"室內植物很漂亮
拼盤主菜到位 狗狗友善。不提供洗手間。 主菜份量夠、調味好。服務人員有耐心，會等顧客拍照"
1481,"日式風情的甜點店
甜點、茶都很棒
環境舒適，生意很好，停車較不方便 甜點好吃但越來越貴
服務依然很有個性
環境很好，雜誌也很棒
貓會在桌上走來走去 很適合帶書去讀的咖啡店
莫名放鬆
但服務不是很親民 好有質感的店，小道走進去彷彿世外桃源
店內佈置精緻舒服，餐點好吃，服務好～"
1482,"店貓好可愛٩(˃̶͈̀௰˂̶͈́)و而且好親人 榛果拿鐵及柚子茶
貓咪很可愛蠻親人
空間不大
桌椅都會有貓毛 過敏者不適合 氣氛不錯，但很可惜，這個價錢可以有更好的消費體驗，食物很好吃，但份量即使以小食量而言仍偏少，飲品沒有特別的感覺，平常而已。小可惜，氣氛不錯，但不值得再訪。 小梅子醬燒雞超好吃！！"
1483,氣氛很好，乾淨美味，值得再來用餐 好貓好下午
1484,日式風格點心種類五樣以內，看得出餐點用心，但是有點甜。 喜歡氛圍感用膳的人可以選擇這裡，不太符合日常飽足的餐食。
1485,好喝的單品咖啡！印象深刻！ 很舒服的空間！設計擺飾非常用心！餐點也很棒！推薦來這裡用餐！
1486,"老闆Edison經營的這家咖啡館真棒！我們在這裡度過了一段非常愜意的時光，一邊品嚐拿鐵，一邊品嚐威士忌咖啡，熱騰騰的口感真是太棒了。

這裡也是書籍和咖啡愛好者的聚集地，店裡有老闆鍾愛的書籍，還有咖啡相關產品可供購買。小巧精緻，是咖啡愛好者親手打造的溫馨咖啡店。 在前往下一個目的地的途中偶然發現了這家店，於是決定在這裡稍作停留，喝杯咖啡！ … 吃下午茶，飲料點到的都很好喝，玫瑰奶茶好香，蜂蜜、苺果舒芙蕾好吃"
1487,黑糖薑汁奶茶滿好喝的，可停汽車很方便，不錯的一家店。 鬆餅好吃，老闆又熱心推薦，未來一定會紅的好店。 鬆餅真的是等太久了，很可惡的一家店，但鬆餅實在太好吃了，下次不要這樣喔！！！
1488,"咖啡好喝
布朗尼非常好吃
店裡三隻小貓超級可愛 食物非常好吃
招牌醉雞份量十足
裝潢優雅 …"
1489,"冰淇淋/飲品味道不錯，甜食不會太甜。
白蘭地磅蛋糕沒酒香，店內風格很日式~ 森林莓果果昔（白紫色）讚！
抹茶舒芙蕾，不錯喔！ 會讓你很舒服 到花蓮玩晚上的好去處 ~
氣氛非常好，還有小陽台
價格真的親民，還免服務費
廁所能看出店主的用心"
1490,"在花蓮實習的時候有去品嚐過鬆餅
還不錯剛好點到喜歡的口味
貓咪很可愛 之前去花蓮實習時有去吃過
泰式打拋雞還不錯"
1491,"咖啡豆等級不低
手沖技術可以再提升
換KoNo上座會是挑戰 … 很溫馨的一個小店
餐點也很好吃，尤其是舒芙蕾"
1492,"從台北遠道而來 花蓮最愛的店❤️連吃兩天
抹茶聖代抹度衝天 每一口抹味都充斥口中
單點手刷抹茶 苦的滑順 適合搭配其他甜點享用 … 來光顧朋友媽媽開的咖啡廳、自己本身也很喜歡喝咖啡☕️店內有許多品種的咖啡及餐點，店內裝潢新穎又溫馨，大推！❤️ 裝潢漂亮，午餐精緻用心
甜點舒芙蕾超級好吃"
1493,"東西有夠難吃評分還能那麼高，漢堡裡面的肉像早餐店的，燉飯跟義大利麵像微波食品。甜點也一點都不讓人想吃完
明明沒幾桌每個員工都不知道在瞎忙什麼，想找個人點餐都沒有。 … 好吃，就是有點貴..."
1494,"舒芙蕾軟嫩，配奶油吃剛剛好
餐點飲料表現普通，可以一試 來的時候都剛好是晴天、陰天
因為是在戶外用餐，不知道雨天會怎麼變化
甜點有令人小驚艷，咖啡也不錯
相輔相成 店內空間雖不大，
但是裝潢風格明確，
不會讓人有錯亂的感覺。 …"
1495,"環境 5分 吃 4.5分 ig 打卡適合的地點
Good food with nice environment. It’s better make a reservation before you go. 好喝。"
1496,"隱身在小巷內的咖啡廳 空間舒適
舒芙蕾綿柔滑嫩空氣感十足 店裡有三隻很親人的貓
會跳到桌上跟你互動甚至霸佔位置
很適合貓奴們來這邊渡過一個下午"
1497,"雲朵ㄉ滋味 1+1好喝
下次想坐窗邊～ 好愜意好喜歡
狗狗真可愛 寵物友善狗狗很勾追 勾追可愛
嘎逼好喝"
1498,"餐點口味很好吃，若於尖峰用餐時間需要事前訂位較佳，不然店內坐滿只能排隊了。

店內坐位很舒適不擁擠，音樂也很輕鬆，下午離峰時段來用餐很愜意。 … 預約訂位才不用現場候位。茄子飯超開胃，茄子大塊又新鮮，口感脆脆的很入味很好吃，推薦。舒芙蕾好吃到又再點一份來吃，越吃越愛，份量很足，1-2人可以吃到心理很滿足。白天環境乾淨明亮，採光很好，晚上則有點靜謐，覺得獨自來享用咖啡飲品也不錯。"
1499,去花蓮玩時順手買了咖啡豆回家磨 家人稱讚很好喝～ 非常好吃！偶然在社群軟體上發現的店～打算旅行時來品嚐～燻鮭魚義大利麵與千層麵都非常好吃！而且服務相當親切，店內環境也舒適！餐點平價，是下次來花蓮旅遊會想再來特地品嚐的店！
1500,不論餐點還是裝潢氛圍每個都讓人非常回味！ 無敵可愛的小咖啡店❤️ 舒服療癒 很喜歡
1501,有假日手作課可以參加。 咖啡品項齊全，餐點也很多樣化，雖然有限制用餐時間.....但平時沒有客滿應該可以坐一下午吧？ 超級好吃的舒芙蕾，一定一定要預先訂位喔 餐點健康衛生，擺盤精緻好看，中等消費。 咖啡好喝 店內陳設與音樂都能讓人放鬆
1502,餐點色香味俱全，用餐環境非常舒適。 讓人可以完全放鬆享受寧靜的午茶時刻，很舒服很自在，讓人還會繼續來的好地方。
1503,適合網美的可愛店 餐點精緻美味，舒服放鬆，後院的雞兒好可愛 喜歡 好吃好美，空間不大，人多需要等待，鹿角蕨好美哦～喜歡🤩🤩🤩🤩 … 意外在其他餐廳聽到別桌客人大肆推薦日勻甜點有多賠本賣多好吃👂👂👂想說常常經過都沒衝動試試，這次帶澳洲歸國的朋友去吃，沒想到一試就入坑，沒打算爬出來了🕳喜歡桂花抹茶白玉達克瓦茲，他們的司康不錯，不會像耶穌的聖體無酵餅那樣乾，拿鐵咖啡好喝😍 … 焦糖肉桂捲真的美味😍 … 處處用心的店家，食物滿滿能量，吃一半就覺得飽足，很喜歡他們的餐具陶瓷杯子和現場的手工藝品💞💞💞💞💝💝💝💝💝 …
1504,打拋豬 綠咖喱都非常好吃，外觀看不出的美味！ 熱壓土司好吃。自製優格也很讚。貓咪可愛^_^
1505,推薦焦糖烤布丁跟焙茶巴斯克 食物好，氣氛也好，又能拍網美照，座位空間安排舒適
1506,氣氛很好，內裝改過很不一樣！ 很喜歡這家店除了貓之外、咖啡甜點都好好吃好好喝，很舒服的店，多年再次來，始終如一
1507,"-
環境：♛♛♛♛♕
餐點：♛♛♛♛♕
服務：♛♛♛♛♕ ✔︎Ngchus 晤子咖啡cafecake
-
花蓮專賣塔類甜點的咖啡店，每天限定推出不同口味的塔，塔皮酥鬆不硬內餡口感層次分明豐富，他們家的咖啡也是很好喝咖啡拉花也很美❤️。 -
巴黎布列斯特的形狀做外型，靈感來自於1910年自行車運動，車輪泡芙外皮酥脆，順滑的榛果焦糖奶醬比金沙巧克力還迷人與焙茶的獨特香氣相輔而成昭和之心，飲上一杯濃情巧克力。 … -
飲品：♛♛♛♛♕
環境：♛♛♛♛♕ -
環境：♛♛♛♛♕
餐點：♛♛♛♛♕
服務：♛♛♛♛♕"
1508,"抹茶舒芙蕾非常綿密，很驚艷!
附的奶油很也好吃。 很舒服的空間，點了
浮室咖啡很清爽
拿鐵真的剛剛好，剛剛好的咖啡香，剛剛好的牛奶香。 … 溫馨小店
咖啡好喝
蛋糕好吃"
1509,"服務親切
東西好吃 果然是網美名店。開店即滿席。甜點不錯。 早餐不錯，氣氛佳。"
1510,"超級脆的鬆餅
按照老闆教的順序享用
可以出到食物的各種風味
飲品也很有水準 麻油松阪豬和醉雞非常好吃
老宅改建的法國鄉村風很美"
1511,"舒芙蕾的口感蠻好吃軟Q 經典奶茶布丁佐鹽味焦糖
口感軟Q 稍微有些層次 布丁體還有抹茶的味道，上面的奶油也蠻好吃的，焦糖偏苦，整體甜份還行"
1512,"餐點好吃 服務人員親切 店內氣氛相當好 空間寬敞舒適
大部分的桌子都是電動升降桌
旁邊也有附設插座
是辦公做事的好地方"
1513,"鹹食好吃
但鬆綁我覺得還好 甜點好好吃！雖然店小小的，但氣氛空間都棒棒！推推！"
1514,"帶著補血包救援
加油
感謝您們選擇在花蓮開店讓花蓮的的餐飲更加多元 吃裝潢
餐點跟咖啡真的很普通"
1515,綠意盎然 東西健康好吃☺️ 入口即化的口感，不輸日本，很讚 咖啡不錯，椅子沒有靠背很不喜歡 來這邊工作，工作後隨意查詢的店就走來這裡喝咖啡，意外的好，小巧五臟俱全！祝福店貓健康平安！
1516,很好拍照的地方，餐點味道都不錯 非常有特色的咖啡廳
1517,推薦的淺培真的很有水準，不到五分鐘就喝完了，如果再我家旁邊開一間，就給五顆星😩😩 … 裝潢很漂亮！打拋豬很好吃
1518,咖啡冰沙 用料不是很好 喝完身體不適 因為環境給了２顆星 服務感覺是０分 沒有笑容 一板一眼 咖啡一般 不懂評價哪裡來ㄉ 打電話說一點來 到了沒開門 一直在外面喂蚊子 店家很不會做生意 非要到營業１３：３０才能進去 那為何要告知我們１點來 態度還說 我要拉起窗簾才可以進來 超無言的 愛甜點的人吃看看吧 個人覺得就是甜
1519,海景很美，東西新鮮，店家態度很好 咖啡很好喝，貓兒很親人 店員態度很好，餐點好吃 抹茶千層很濃郁 布朗尼外層鬆軟，內心滑順，不甜膩，配上熱拿鐵，十分搭配，喜歡店家大大的窗戶 氣氛佳，甜點好吃 甜點好吃，瓷器很有質感 氣氛佳，環境舒適，餐點好吃 日式小木屋，休閒的裝潢，兩個可愛的貓咪，定時都會出不同的甜點 店家裝潢有質感，老闆娘很親切 地方安靜，飲品不錯，蛋糕便宜 環境清幽，甜點跟咖啡都很不錯 氣氛環境很好，咖啡很好喝價位值得 氣氛佳，飲品跟甜點都不錯 咖啡有多種選擇，甜點也好吃，有兩隻可愛的店貓 飲品跟甜點好吃，狗狗很可愛
1520,"空間很舒服~
気持ちいい空間! 舒芙蕾很好吃 裝潢很用心"
1521,"餐點好吃，服務超好！ 肉桂捲每種口味都各買一顆，真的很好吃！
撲鼻而來的香氣很滿足～
可以點咖啡做搭配，如果門口沒有位置 ，旁邊大十字路口的公園也有座椅可以享用"
1522,好舒服的地方！ ！ 好吃！！！！舒適，很好拍照 看的出很認真經營的戶外咖啡店，戶外的桌椅都很乾淨，佈置上也很用心連小角落都有照顧到，最美的咖啡店👍🏻 …
1523,東西小小的不太需要擔心熱量，環境好，但燈光偏暗 店家很親切，環境好，推醉雞
1524,超好吃 👍 …
1525,砸錢裝潢的網美店！餐點可吃 非常有標準的宇治金時刨冰，佐以帶有酥脆外表、濃鬱焙茶內餡的昭和之心，想要花錢吃有水準的甜點，來這裡就對了！ ！
1526,"環境還可以 餐點完全不行 2025.01.12
咖啡好喝 貓咪可愛 氣氛溫馨👍 …"
1527,"滿美的 很舒服 氣氛不錯手作品陳列很豐富
天然乾燥種子的裝飾品很可愛 … 很安靜舒適可辦公的咖啡廳、肉桂捲上面的醬好好吃，外帶咖啡有折扣喔"
1528,20250822。好可愛的店。門口很多蕨類，感覺有點神密，老宅小店，很溫馨。店貓可愛。咖啡好喝，甜點好吃😋很棒的店❤️ … 20250820。一直很想去，這次到花蓮就一定要去，還好有營業。木質的裝潢好棒啊！每個地方都能細細品味🥰貓貓好可愛😍熱壓吐司好吃😋下次去花蓮會再去❤️ …
1529,"威士忌鹽花太妃糖提拉米蘇好吃 熱壓三明治好吃，飲品不錯
用餐環境舒適很放鬆"
1530,"店面在小巷子裡面，
裡面環境舒適、安靜，
甜點都超級好吃的， … 店面裝潢超級溫馨可愛！！
貓貓也超級親人的，
要走前還跑過來，超Q， …"
1531,餐點中價位，飲料跟甜點都很好吃！老闆是來台30年的日本人，中文可溝通！同時也有教日文～店雖然小小的但是氛圍感十足！ 環境優美木質風格，還有可愛店貓，餐點都很好吃可以吃飽！
1532,板娘漂亮有氣質，詢問甜點的時候也都很有耐心，，且溫柔的介紹。點了一份東方美人茶磅蛋糕，糕體滋潤不乾柴、茶味濃郁芬芳，令人驚艷的是中間有一小塊軟嫩乳酪卻意外與糕體絕配，互不搶戲，冰拿鐵中咖啡口感及牛奶都屬於淡淡的並非濃郁強烈型，整體用餐空間及氛圍都很舒適，很適合一個人享受 環境空間寬廣舒適，牆上掛滿著對台灣的珍惜與愛，就跟你我一樣愛台灣這塊土地，逮丸郎 “當鯽奏會”。外帶了一杯冰拿鐵，口感溫潤滑順，咖啡與牛奶淡雅互不搶戲，咖啡口感不酸不澀，好喝👍 … 整體空間很寧靜，環繞在環境內的音樂也會讓人感覺到相當平靜，咖啡廳內的佈置也極具巧思與用心。內用一杯冰拿鐵，咖啡的味道與牛奶的搭配很平衡，原來預想吃一點熱熱甜甜的東西，於是點了一份熱壓奶油堅果三明治，哇～也太好吃了，堅果的碎顆粒感搭配上甜甜的奶油餡，絕配呀！建議趁熱吃完…過了15分嘴巴實在太饞了於是又默默去點了第二份～幹光光）。
1533,"👉 原味軟心巴斯克：
滑順像奶油般的質地，帶有明顯的起司奶香，不錯。 … 這家店冷氣很強東西好吃。
👉 巨峰葡萄氣泡飲：蠻不錯的，葡萄醬香氣很好，跟氣泡水搭在一起十分消暑。
👉 耶加雪菲：還可以，及格的咖啡。 … 最喜歡卡宴蕃茄肉醬，其他像是滿滿鮪魚與蘋果香氣的漁夫鮪魚香草蘋果也很不錯。affogato，冰淇淋香甜味搭配略苦的濃縮挺好，重乳酪蛋糕質地有點太凝固了，乳酪味也比較淡些。其他地方就都還行吧。"
1534,"2025/1/4
東西不錯吃，沙拉好吃沒有草味，價格稍貴，我們是當下唯一一組客人，花了20分鐘餐點全部一起上，店內是滿漂亮用心的，有花花草草樹樹木木、各種果實種子和心靈雞湯、特別的選物，還有一隻貓貓快閃一下就去躲起來了🐾 … 老闆(?)很有趣，會四處跟大家串門子聊天。(對於I人友善，不會有壓力XD)
環境很舒適自在，很多人帶著筆電做事，廁所也很乾淨貼心，有放衛生棉。
隨意點一個項目就可以坐到天荒地老，點了一杯熱蜂蜜拿鐵跟巴斯克(上面淋莓果醬跟鮮奶油)也不錯，價格都是120元，不會太貴。
如果有再來花蓮會再回訪~"
1535,"咖啡好不在話下
Bagel跟果醬也很好吃 全方位就很好
手沖咖啡 環境 音樂 老闆娘 還有貓咪 環境很舒服很美
蜂蜜拿鐵好喝 好地方 很用心
香料摩卡好喝"
1536,"手沖咖啡好喝👍
玫瑰拿鐵本身有加糖，香精味有點重 … 洋蔥豬肉三明治好吃 半熟蛋很讚
店裡有一隻可愛貓
每個角落的裝潢都蠻有特色的"
1537,店內提供的飲品很棒，搭配店家主要販售的司康，是小憩、小聚、聊天的好地方。 一間神隱在巷弄之中，極具個人風格的咖啡廳，在室內裝潢佈置上，店家大量的採用了自然元素與材料，打造了一個溫暖舒適的環境；店内還展示了許多店家的個人收藏、小設計及有趣的小玩意，是一個適合發現與探索的趣味屋。 …
1538,每天出爐的司康口味都不一樣，司康相當紮實，烤過後的柔軟度十分恰當，搭配上乳酪醬也很加分。店裡可愛的柯基會讓你吃得更加愉快。 雖然早午餐盤都是常見的品項（沙拉、炒蛋、雞腿），但都超出一般的水準，尤其是小餐包！中間的伯爵茶奶酪也根本可以單賣了。 店內坪數不大，不過卻不會擁擠。在這裡度過了溫馨的下午，有兩隻慵懶的臘腸店狗，配上輕柔的日文歌，還有可以回沖的熱茶。 一走進門就會看到各式各樣的以果實和種籽為材料的創作，整間店都散發出大自然的生命力。就連三明治也很澎湃，蔬菜量充足。店裡還有一隻親人的店貓！
1539,"美崙新開的咖啡廳！
整體環境明亮舒服，店內的桌子都是可以電動升降的！（好適合帶筆電工作或書來閱讀） … 算是朋友推薦的店家
附近的咖啡店都很可愛很有氣氛
- …"
1540,"巷弄裡的美好滋味
認真挑豆的專業令人讚賞👍
如果你的味蕾很挑剔 … 好吃的熱壓雞腿三明治
一杯單品咖啡
消磨時光的好去處 有貓就給讚
來一杯蕭邦層次分明
終於找到花蓮車站走路5分鐘可達的咖啡廳
店貓超級好嚕～"
1541,"雖然人稍微多了一點，
不過路線跟人員的服務大大加分。
親戚都推「提拉米蘇」 … 到目前為止回花蓮還是會光顧
新鮮的食材、清爽的醬料，沒什麼負擔
特色的裝潢，很多在地的元素 …"
1542,"老闆很nice 好喝好氣氛 店內氣氛很讚，雖然人多的時候餐點真的要等一下，但是店內很多小擺設了逛逛殺時間。

堅果沙拉很好吃，沙拉醬也很讚。 …"
1543,"咖啡跟布丁都蠻不錯的啊
附近也就這家有料的店
布丁奶香很足啦 安靜的享受一杯好咖啡
還有布丁相伴
挺好 是這次花蓮🈵喜歡的咖啡店
手沖咖啡有好幾種選擇
還有聞香瓶可以試聞再決定 … 餐點好吃，份量剛剛好👍 … 禮拜天下午將近客滿
咖啡不錯
甜點布丁口感比較硬 … 喜歡餐點的調味配上新鮮生菜的組合，濃厚的咖啡味道讓一天充滿精神，不時貓貓來蹭你，感受到美好的一天。"
1544,"這是一家朋友介紹我一定要來走走的店，就只是因為朋友的遠親的朋友在這一家店工作，我不太確定這樣子描述這個關係是否正確，但顯然這不會是一個很簡單朋友間的距離，既然都來花蓮了⋯⋯是的都來了，就來了👉 … 這天午後在民宿附近以夜市為主的街道上明顯的感受到有更多的遊客來了，因此有個念頭想離開這一帶前往平常比較沒有繞過的地方去感受一下花蓮市不同區域的在地人文與生活，於是開車到花蓮火車站附近打開地圖便發現這家咖啡屋，因為平常每天就都會到喜歡的咖啡店去喝上兩杯加份甜點來麻醉一下自己，可是這家「晤子」所吸引我的是它在網頁上所呈現出來的甜食相當特別，因為看似好像它的「派」或「塔」很厲害⋯⋯ … 從我一進門，簡單又不誇張的氛圍就直達我腦門，這根本就是一個享受「簡單呼吸」的環境，都市羅盤完全無法到達的地方！我真的沒有誇張的描述著⋯⋯ … 相當好奇每次使用谷歌地圖搜尋咖啡店時如果套用了「營業中」，為何有些曾經眼前閃過高評價的點總會不見，就算是平常一般日的下午時間也是如此，這回不再套用「營業中」來一探究竟，原來是這一家 Portinari ☝️ … 位於透天民宅的住宅區裡頭有個木瓜山咖啡的招牌吸引著正開車準備經過的我，說真的很容易忽略這樣子的一家店面，我想應該是店主人本身對於咖啡很有熱誠所以就在這個住宅區裡頭開了這家店，附近臨時停車應該還OK！ … 循著Google Maps的指引慢慢地走到這家被我加上注記符號想來的點，走在花蓮市的巷弄間真的是一種享受，沒有太多新的建築的干擾，佇立著都是一些30年或者40年的建築物，有更多是以前日本人在此開發停留的畫面，這也直接的影響到這邊老一派的原居民們的生活，話說也已經過了好幾十載，但現在的新(舊)居民們很善用這當時所留下來的這些建築或傳統所遺留下來的風格打造出在都市裡無法刻意營造出來的環境。 … 一個大熱天的下午散步經過加油站，想借它的洗手間方便一下，然而就在加油站旁邊有個同個結構的建築物不像是加油站辦公室，好奇地往前看了下發現竟然是一家咖啡店，也好⋯想說進來喝杯咖啡順便吹個冷氣！ … 下午從民宿沿著中山路走了一段比較長的路到了快接近火車站一帶，地圖上顯示雖然還沒到火車站不過確實也不遠了，因為平常比較少繞到這一區域，因此今天就用兩隻腳來探索看看這一帶，順便找一間未曾體驗過的咖啡店來品嚐一下每家店的特色，轉頭一看我剛好站在 Cabra 前，乍看還以為是眼鏡蛇 Cobra 嚇一跳怎麼咖啡店會取這個名字！原來是太陽高掛讓自己眼花了😅 … 回想了下自己到底是什麼時候初訪珈琲花的⋯⋯約莫2020或2021吧！當時因為疫情的關係我多了好多的時間，所以在到目前為止的兩年多的時間中我環島應該至少六、七次了，但每當抵達台南或花蓮時總是令我特別期待，也因此在旅程中的這兩個地點總是都至少要停留一週以上，我記得還曾有一次在台南停留了三週、花蓮也是停留超過兩週！而這一站在花蓮⋯ … 所以「實季 食記」到底是賣甜點還是賣咖啡的？還是根本這就是早午餐賣三明治的店呢？實在挑不出針對性的靈魂品項，因為確實什麼都好吃耶！😂

這家店應該也是2020的時候第一次到訪，老闆看起來相當年輕至少這兩、三年大家都是蒙面俠，不過手藝卻一點都不生澀馬虎，我在Google …"
1545,沒有豆單，咖啡沒有香氣，口感偏酸，算是中規中矩。巴斯克蛋糕好吃，但說真的太貴了！目測是4寸蛋糕的1/6，這樣子要130真的很不行⋯⋯ 手沖是草莓布朗尼味道，但味道稍縱即逝，如果有點這款的要把握前面幾口😋，那個乳酪蛋糕我就覺得可以選別的… … 磅蛋糕好吃，手沖不錯，有沖出特殊味道，價錢上也符合期待。只是店內有一面立場牆，空間上總是覺得有點彆扭（個人感受），不知道有沒有人希望休閒空間是真空抽離現實…，至少我是這樣覺得。 CP值來說不能給更多了，點里肌吐司🍞好吃，料多，但就是三明治啊🥪⋯⋯。黑糖奶茶中規中矩，店很有巧思跟佈置用心，除了價位，其他好像沒有什麼好挑剔的。 …
1546,"很舒服的咖啡廳
離車站也很近 非常適合等車的時候來歇一下 🍮繽紛水果&紅玉焦糖烤布丁 250$
蛋糕體很扎實 紅玉焦糖布丁很香，甜度大概是微糖，不會很甜但很順口 … 這家店就成了這趟花蓮遊的mvp
氣氛的舒適度從店門口到餐點油然而生，如果你也想來點放鬆的早晨那十分推薦這家店
- …"
1547,"位於花蓮市區國聯五路上火車站附近的咖啡廳

店內空間寬敞，部分座位有玻璃窗，不過整體採光氛圍偏黯淡，白天去想讀書的話可能要盡量做靠窗的位子，昨天剛吃完午飯就來到這裡作報告吃甜點喝咖啡。 … 位於花蓮市區林森路上的咖啡廳

這間是以海洋為主題的咖啡廳，就位在遠百附近，如果從遠百出來，也許可以來到這坐一下店內低消是一杯飲品，從＄80～＄160都有。 … 位於花蓮市區成功街上的咖啡廳

這一條街上真的林立很多間咖啡廳，當天想去不同的咖啡廳拜訪，想體驗看看不同間咖啡廳的氛圍，所以就找到這間店。 … 位於吉安鄉慶豐八街的咖啡廳 … 位於花蓮市區樹人街上的咖啡廳 … 位於成功街上的日式懷舊咖啡廳風格的甜點店 … 位於花蓮市區明義街的司康專賣咖啡廳

這間店的前身是叫留海的司康早午餐店，可惜花蓮店在我畢業前就收了，只留下在台北的店，不過很開心又繼續開了新的店家。 … 位於花蓮市區成功街上的巷弄咖啡廳 … 位於花蓮縣花蓮市中原路400號的外帶咖啡店

這間位於住宅區一帶的外帶咖啡小店，之前還在花蓮讀書的時候就有經過幾次，趁回去台北前來買一杯帶走好好享用。 … 二訪 … 位於花蓮市區中褔路上的咖啡廳

當天我跟朋友決定找一間安靜的咖啡廳讀書，所以就找到了這裡，聽說店家有養兩隻貓咪，讓我迫不及待的去拜訪。 … 位於花蓮市區軒轅路上的小咖啡廳

當天剛做完體檢，想說時間還很早很不想那麼回去，就決定找一間咖啡廳待著，這間店是我花蓮在地友人推薦的，說他們家的咖啡品質真的很不錯，衝著這句話我就來拜訪。 … 位於花蓮市區進豐街上的早午餐店

這間早午餐就開在以前菊琳早午餐的位子上，印象中是最近這兩三個月開的，這次是我隔了一個多月回來花蓮玩，就先和朋友來這裡吃個早午餐敘敘舊。 … 位於花蓮市區林森路上的巷弄咖啡廳

這間咖啡廳還真的有點不好找，我當初看著導航繞了幾圈才找到，這是一間沒有明顯招牌的小咖啡廳，停車的話有些不方便，要好好找一下。 … 位於花蓮市民國路上巷弄裡的咖啡店（花蓮火車站附近也有分店）

這間店之前就有聽說風評不錯，剛好當天吃完早午餐，就順道來這外帶一杯咖啡在走。 … 位於花蓮縣花蓮市建國路23號2樓的深夜咖啡廳 … 位於花蓮市海濱街上的咖啡廳

這間咖啡廳就位於北濱公園對面，晚上來的時候外面的招牌會亮起來，所以不會找不到，外面有很多花花草草且貓頭鷹是招牌標誌，光從外面看就很吸引人了。 … 早上剛好提早下課，因此決定來到市區吃飯，也因此來到這家，位於明禮路上的咖啡館，這裡還蠻好找的。 … 位於花蓮市區國聯五路上的咖啡廳

好久沒有回到花蓮一帶走走，趁這次五天清明連假，幫自己安排一個花蓮四天三夜充電之旅～一下到花蓮火車站，就先到火車站附近這間咖啡廳坐著休息，等到下午朋友來接我。 … 位於吉安鄉吉祥七街上的咖啡廳

這間咖啡廳之前就有聽身邊的人推薦他們的鬆餅，剛好要和朋友去做報告，就決定來這間，我們大約11點半左右抵達，店裡只有我們一組客人，所以可以安靜的做我們報告。 … 位於花蓮市區中山路上的深夜咖啡廳 … 位於花蓮市忠孝街上的老宅咖啡廳 … 位於吉安鄉自強路上的咖啡廳

當天想找個安靜的地方做報告，想找一間沒去過的咖啡廳待著，後來找來這間主要是內用餐點不會的太貴，所以就特地來拜訪。 … 位於吉安鄉和平路一段的咖啡廳

這家我當初是看到有部落客介紹我才知道的，所以就一直收藏到現在，期待有一天能去拜訪，當天我和我朋友在附近吃完早午餐以後，決定繼續續攤來到這間咖啡廳坐坐。 …"
1548,"抹茶拿鐵拉花精緻
空間開闊
鬆餅酥脆
給人安靜悠閒的感覺 有舒適的空間和美味餐點，紅椒牛肉熱壓吐司賞心悅目，調味和口感都蠻好的，紅茶味道很香。

鮮奶茶好喝，現在點三明治沒有附紅茶了。"
1549,"位在花崗山旁巷弄內的户外咖啡店,有種日式的氛圍,都是以户外位置為主,舒適愜意的慵懶感,咖啡品項蠻多選擇,因為今天來的氣候較濕熱,也比較有蚊子,所以就沒選擇單品,
但點的咖啡仍是很好的香氣,入口的感受也很棒,今日的甜點是布丁,入口不甜膩 布丁厚實有彈性,真的是好好吃!希望下回也能有機會品嚐其他咖啡跟甜點,真是很值得再訪的好店 🧡🩷 … 隱身在中山路巷弄裡 極具獨特風格的咖啡店 外觀有著摩洛哥的色調,一旁是莫蘭迪色的戶外庭院,搭配石地及各式仙人掌類的植栽,悠閒自在的感覺,大門玻璃採光很好,特殊的窗框設計很吸引目光，店內的咖啡機使用的是LA Marzocco GB5 ,走進內用區 牆上掛毯 桌椅各自展現獨特的美 而中央圓桌及上方錐形排煙的都是花費心思進口到花蓮,都是真品喔！ 目前餐點以手沖及義式咖啡為主,點心是現點現做的法式車輪餅,肉桂蘋果 肉桂香氣足 煮上蘋果口感滋味滿滿 ;巧克力口味也很好吃 有種大人微苦微甜微幸福的感受,拿鐵很好喝 下回要再點其它的咖啡嚐嚐;下次要再訪品嚐不同的商品,期待之後老闆們推出北非料理囉～ 很早前有知道這間咖啡店  近期IG上被標注更多次  今天外帶冰拿鐵 入喉順口 味道很棒 香氣尾韻也有 真的是難能可貴的咖啡店  店內也販售自家烘焙的咖啡豆 及音樂家系列的咖啡豆  很推薦來品嚐各項不同的單品咖啡 與朋友相約到咖啡館,店內寬敞明亮,還有可愛的貓咪,偶爾在身旁繞啊轉的 很可愛,咖啡蠻順口的,餐點也是很好吃的,跟朋友在這放鬆聊天,真的很適合！ 位在花蓮市區 忠孝街路口 是間很具特色的早午餐店 😊內容呈現溫暖木頭色調 搭配上果實作品 更是溫馨 💛🧡
店內以熱壓吐司為主體  我點了西班牙煙燻紅椒牛肉 大量的蔬菜 半熟蛋及肉片 灑上煙燻紅椒粉 微辣口感刺激著味蕾  讓吐司增添風味
漁夫鮪魚香草蘋果 鹹中帶著蘋果的甜 灑上的香料 也很提味呢！
店內雖然桌數不多 可是每桌陳列不太一樣 舒適安靜的環境  很適合來放鬆享用美食跟咖啡 😊❤ …"
1550,"在這裡度過了舒服的午後時光，簡約漂亮的店面不大但位置很舒適，這次最驚豔的飲料是浮室咖啡、很清爽特別的口味，甜點：檸檬塔、斯里蘭卡磅蛋糕、巴斯克都很美味喔！
推薦大家可以來坐坐😊 … 在小巷子裡面，平日下午人不多😌
室內室外都有很多植物🌿一進門有香香的味道 很舒服～
等餐的同時，店裡有很多小角落的可以探索，時不時會看到溫暖的文字☺️還有兩台「核桃扭蛋機」，而且是真的可以投幣，也可以吃的核桃喔😋很有趣！ …"
1551,"店裡氣氛舒適，可以讓人好好放鬆聊天，佈置質感優秀的巷弄輕食店。

三明治一份150，特色是生菜給很多，拍照起來很澎湃～洋蔥豬肉和雞腿的調味都不錯！ … 1️⃣ 週末早上8:00就營業的咖啡店
2️⃣ 菜單把品項的內容物寫得很清楚
3️⃣ 沒有定價，由消費者自行決定付費金額 …"
1552,昭和之心很酥脆，內餡榛果醬蠻甜的，沒感覺到焙茶的味道，抹茶拿鐵不錯，服務親切。 一進門就被店裡的風格吸引 愛拍照的人絕對會喜歡 但是餐點才是重點 黑咖啡好喝很像手沖 鮪魚吐司也很棒老闆自己重的香料調配剛剛好  而且早上8點就營業對於旅人要走其他行程來說是很棒的時間 因為很多評價好的店都很晚開 搭配店音樂也很棒 完全是一家坐走裡面就會心情很好的店
1553,"四川花椒牛肉熱壓三明治💰150
送上桌的賣相非常好令人食指大動
牛肉調味很讚香辣好吃辣度明顯配上低消飲品剛剛好 … 厚蛋吐司跟焙茶布丁都好吃
咖啡廳的裝飾蠻復古的很可愛 座位不多容易客滿
飛魚卵香腸北非蛋酸酸辣辣的重口味好吃
布丁茶味很香口感綿密很不錯"
1554,風格小店，門面舊得很漂亮，店內的實木桌椅大都是老闆手工製作的，舒適好坐，擺飾物品項則稍雜。招牌三明治非常美味，有五顆星水準，但那杯店家推薦的蜜香紅茶則完全走鐘，沒問就加過多糖且極為苦澀，喝兩口就投降放棄，餐飲落差實在太大，希望能改進！ 這是私藏小店，位在火車站旁邊，人卻不多，布朗尼甜而不膩，是吃過最好吃的布朗尼了，抹茶拿鐵很棒，完全沒有加糖，讓我能好好品嚐他們家濃鬱的抹茶香，老闆很熱情，服務很貼心。不是下次到花蓮玩的話要不要再來，而是一定要來。 雖然上咖啡的速度非常慢，不過氣氛很好很舒適。不太是文青會去的拍照地方，比較能細細品嚐咖啡的店家。挑高寬敞，還有白貓2隻陪伴。
1555,"2023/06/23-端午連假享用早餐
實季8點開始營業
我們大約07:54就到店門口了 … 2023/06/23-端午連假下午內用
位於花蓮車站附近
整體空間明亮寬敞 …"
1556,"位於花蓮文化創意產業園區附近的小店。
店內裝潢可愛，像是借物少女裡的場景，有乾燥花圈、老書、種子、人偶，每個小角落都是一片天地。
午後的斜陽透過玻璃照進屋內，氣氛非常放鬆。 … 氣氛悠閒，適合聊天的場所
早午餐的餐點比較多選擇，正餐的菜色比較偏向家常菜"
1557,"餐點點了冰拿鐵、小農鮮奶茶、烤布蕾和棉花糖熱壓吐司，餐點中規中矩。較推薦拿鐵
環境及氛圍感佳，店家態度佳，送餐速度快
店內裝飾十分用心，訪店日為平日下午，人很多。 焙茶拿鐵推，好喝～
店蠻小的，門打不開是怕貓咪跑出去，稍等一下會有人過來開門呦
店內佈置的很用心，兩隻店貓超級可愛！ 讓我撲空三次的咖啡廳，店內只有兩個人，座位也很少，最多可以容納10人左右，兩點開但很多人會提早過去排隊。

巴斯克蛋糕140有水準，熟度剛剛好 … CP值高，是很棒的下午茶聊天好去處
布丁口感紮實，磅蛋糕很大一塊，飲料也很讚
價格合理，唯一美中不足是座位較少且座位在室外，下雨天不建議 甜點好吃！最推薦可麗露！可以說是近期吃到最喜歡的可露麗～店內有兩隻可愛狗狗！店的位子在巷子裡面，室內環境舒適且氣氛溫馨～ 是很棒的一間貓咖
咖啡不錯（拉花很漂亮）、甜點也很不錯（塔很好吃，酸甜搭配的很好，感覺的出來很用心）
貓咪也好可愛
完全是預期以上，會讓人想再去的質感小店 鐵觀音布丁110，茶香與蛋香濃郁，旁邊搭配的糖漿煮的比較久，走一個大人苦味的風格
酒香提拉米蘇140酒香十分濃郁（是朗姆酒），口感濕潤。和店家聊天後得知是不會酒駕的程度可以放心食用～～
拿鐵150 杯子可愛、拉花也很漂亮，咖啡豆近期是日曬豆，酸味低、口感厚實。
室內裝潢用心、氣氛營造舒適，是很棒的放鬆小店 老闆娘非常親切、店內非常舒適，一走進就充滿咖啡香氣和木桌椅的木質香氣
有榻榻米座位和長木桌、方木桌等不同坐位選項，不時會有火車經過，是一間適合放鬆享受獨處時間的店
點心選項比較不固定，但都很好吃！ … 11/3初訪點了浮室咖啡和酥酥的少女
杏仁塔非常好吃，有夠酥脆有夠香！本來只想吃一口結果不小心一下子吃光…
1/23二訪點了鹿野紅烏龍和黑醋栗重乳酪 …"
1558,"我個人認知用餐的環境與人員的態度，是讓客人用餐過程中比餐點還要重要的部分。
餐點喜惡每人不同，但環境與態度在餐點上喜是加分，不喜也是加分，何樂而不為呢。 有老屋懷舊的溫度，有創意的細節，克服了交通的不便，如果其他服務與餐點都能有機會可以同步，相信一定令人很想再來"
1559,"在咖啡花對面的實季咖啡廳。
店員小弟超級親切。天南地北地閒聊。空間大約10坪左右，裡面有很多老闆去露營收集的植物種子。肉桂捲聽說必點，這次因為肚子沒空間，所以留給下次。
2份沙拉、2杯咖啡340元。論放鬆、心情愉快的程度給5顆星。 早上才去吉安慶修院的「惦惦」，老闆推薦心目中的好咖啡廳「半寓」跟「咖啡花」。

氣氛寧靜，鮮花植物無一不美。燈光氣氛佳。隨便拍照都很好看。 … 經過昭和58，被昏暗燈光及復古風格吸引進來坐坐。
餐廳除了磨石子地板，牆壁天花板均用桃花心木/紅木包裹，有點太多、呼吸困難的感覺。
咖啡：中焙薩爾瓦多/巧克力情人，微苦微酸帶有黑巧克力香氣。 … 特意尋來，店面超小，頂多10來個座位。2杯咖啡加一個小蛋糕415元。
整間咖啡花就是小、小、小，但是氛圍不錯。 … 咖啡廳的外表潔白、大器頗吸引人。
走進來後才發現是一間普通、沒有什麼「亮點」的咖啡廳。點心、咖啡中規中矩，沒有特色。連拍照也找不到好拍的「點」。唯一優點應該是可以靜靜發呆、打電腦沒人吵。"
1560,"巷弄裡的驚喜小店，外觀都是綠色植物，因此就算坐靠窗也不會感覺很赤裸，內部空間意外寬敞，而且座位都滿舒適不會靠別人太近，尤其下午時陽光灑進室內的氛圍太美好了。
三明治裡滿滿新鮮蔬菜和熱騰騰的豬肉、荷包蛋，超好吃，鮮奶茶也很棒。
整體大推，很適合獨坐閱讀或三兩好友輕鬆度過下午時光～ 今天路過買了雞蛋糕，造型可愛而且很好吃，店內設計很美，喜歡鯨豚的人一定也會喜歡這家店。 走過時會覺得外面植物襯得店門超美，店主不疾不徐準備得模樣很花蓮，喜歡。
店內有小沙發、吧台榻榻米等不同類型的座位，這次坐榻榻米需脫鞋，但坐下後感覺超放鬆。
點了牛奶糖乳酪蛋糕和拿鐵，蛋糕上的薄荷甚至是直接在盆栽現摘的，有點鹹甜的風味不易膩，很讚。
一個人也很適合的小店，還可以欣賞門裡門外兩隻可愛的貓～ 氣氛輕鬆、地點好找、浮室咖啡清爽好喝，好適合夏天"
1561,"店內、店外充滿獨特風格

植物擺設經由設計讓用餐客人忍不住沒辦法控制自我拍照起來啊！ … 肉桂捲！
文字敘述無法滿足，此產品的價值
200分阿"
1562,服務態度有比以前改善……但是餐點不知道是不是武漢肺炎縮減成本的關係感覺份量都縮水……爆多蛤蜊上桌大家都傻眼這叫爆多?而且蛤蜊好像也被換成蜊仔(蜆)小顆又沒肉也沒幾顆……帶了難得來花蓮玩的朋友來吃結果餐點上來朋友都問是兒童餐嗎？每個餐點份量都很少男生應該會吃不飽……希望能再改進 要提前預約否則現場點餐要等他洗米煮飯到料理完至少等2個小時…景觀美但可以在步道走走拍照就好…在這花錢吃飯不值得… 收費太高，餐點味道沒有好到覺得值得的感覺...室內很熱好像沒在開冷氣？連冬天去都覺得有點熱...服務態度普通，沒去叫不會主動來詢問需不需要服務...唯一好處就是可以邊喝咖啡邊悠閒看海景...
1563,"低消飲料
吐司吃起來不方便 ，不過菜很多，新鮮 林森路巷弄內，鬧中取靜的小咖啡店，店內音樂伴著咖啡香，整個人就沈浸在這慵懶放鬆的氛圍中，好愛"
1564,"今天點了彩椒沙拉、洋蔥腰內豚肉三明治、宇治金時三明治、印尼蘇門答臘淺焙手沖
餐點份量非常足夠，味道也很好，腰內豚肉有醃漬過，調味上會比較重一點，肉質有嚼勁，不過個人覺得不到必點。
彩椒沙拉搭了一個松露胡麻醬，很香很好吃，我覺得是必點的一道餐點。 … 店內內用限定的布丁味道還算不錯
這次來點了瓜地馬拉的藝妓，沒有溫杯，端上來的時候香氣有出來但微弱，口感清爽偏淡，藝妓的特有的香甜不太明顯，尾韻有一點雜，我個人不太喜歡
環境是舒服的，內裝也漂亮，餐點看起來還不錯不過價格不算便宜。"
1565,"搬家後後第一次來吃～
看不到老闆忙碌的身影了😂
空間變好大！也新增了一些餐點～
味道一如既往～好⋯好⋯好吃！ … 以前開在鯉魚潭，現在搬到黃昏市場附近，鬆餅真的炸好吃~~必點 抹茶控必來~一進入店內就能感受昭和的氛圍"
1566,"香料雞腿跟紅椒牛肉的調味很不錯，肉本身也都很嫩！吐司烤過的味道很香搭配半熟蛋，絕配。熱可可的甜味適中，熱美式的香氣很夠，不苦，推推！
店裡的擺設很復古又有很舒服的音樂！ 難得在花蓮買到好喝的拿鐵 小小的店面，很精緻用心的擺設！
適合拍照、下午茶、放鬆的時候來！
還有兩隻小貓在你身旁穿梭！ 單品小白讓人一喝就愛上
可麗露外脆內Q口感十足又不甜膩
店員可愛又熱情親切 … 放鬆文青店"
1567,"吃西班牙紅椒煙燻牛肉，飲料為冰摩卡，整體味道都不錯，份量也ok。
來的時候我們入座剛好客滿，前面等的人很多，所以出餐會等很久（我們等了大概快1個小時），建議不趕行程或是比較沒人的時候來。 飲品不錯，
提拉米蘇是比較適合大人口味的，有酒香。
當日甜點只有提拉米蘇，想試看看其他的。"
1568,"❤️蔬食套餐：真的好吃又好飽！
❤️焦糖布丁：滑、嫩、香、甜，濃濃的太妃糖香。
❤️中培手沖咖啡-花神：順口無澀，後韻帶甜。 麻繩、種子、乾燥花、木作、老件、書本、咖啡，是讓人感到舒適的原素，而美味食物便是讓人記憶點加深的另一項主因，#四川花椒牛肉 #西班牙紅椒牛肉 三明治 分別使用不同醃料醃製牛肉，肉片厚實有嚼勁、蔬菜清脆水份足，對食量不大的朋友而言，一份三明治及一杯飲料品（紅茶）$120，剛剛好。
（改點其它飲品可折$20，但喜歡配菜豐富的朋友，或許得加點些什麼囉～～） 手沖咖啡一杯、布朗尼一盤、舒適一角、悠閒一刻，北濱海岸又多了一處發呆放空之處，很讓人喜歡💕

— 1100501 二訪 — …"
1569,"用餐環境舒適 鬆餅很好吃 一下子就吃光了 有兩隻貓貓 一隻狗狗 口愛
千層麵不錯只有紅醬口味 可吃
環境好 氣氛佳 衛生優良 … 低消飲料一杯 冰的比較貴
椅子是很有自己想法的形狀 不舒服
音樂是白噪音 獨特 …"
1570,"很棒棒的店！溫馨的佈置！外面有許多老闆種植的花花草草～熱壓吐司吃完了才想到還沒拍😆😆
老闆是很有愛心的人～自己開店自己做所有的食物～還很厲害竟然會收集果實並且做成藝術品！還有明明是貓卻住了狗的靈魂的貝貝～如果你（妳）也是愛貓人士～一定可以在這裡找到「被需要」的滿足感😂😂 … 咖啡好喝
貓咪乖巧
很舒適的店"
1571,"內用環境很有獨特風格
還有很可愛的店貓
附近文青咖啡店林立 … 外帶也ok"
1572,"吐司好吃、咖啡好喝
老闆親切可愛😂
雖是老屋但店內環境舒適 … 用餐當天店內坐了幾位親友(?)聊天好大聲
完全破壞黃光+輕音樂該有的放空感
摩卡拿鐵沒可可味，感覺是用會酸的咖啡搭 … 貓可愛
咖啡等級我不清楚（我對咖啡沒研究）
空間裡有放音量不小的氛圍音樂 …"
1573,三明治生菜肉品搭配不錯，兩人分食也方便。店內每人限點一杯飲料，老闆小本經營，給予鼓勵。 美！早點來位置更好！ 氣氛佳，口味不錯。 別有洞天的咖啡廳，小草皮還有雞們自由走動，多肉植物植栽蠻多的，餐點都還不錯，肉桂捲雖堅果沒很多但麵包很軟，上面搭配優格而不是鮮奶油👍 …
1574,"01/2024

接近中午時來到這間咖啡店，接近滿座，選了靠窗的吧台座位，天氣好，看著外頭的陽光很舒服。 … 01/2025

偶然發現的白色小店，進入店內便覺得有股悶味，不確定是冷氣的關係或是空氣不流通？感覺不太舒適，但因為有點累了不想再去其他咖啡廳，還是入座內用。 … 07/2024

週日下午逛完將軍府後，便騎車前來，大熱天下有冷氣的下午茶店是一大救贖。 … 01/2025

到美崙走走時發現的咖啡廳，和市區的老屋咖啡廳不同，美崙這邊的都滿大間的，裝潢也偏現代一點。 …"
1575,三明治厚實好吃😋四川花椒三明治吃到後面有點小辣！環境佈置的很美麗有許多植物！ … 沒有內用！不過外面有二個高腳椅可在那曬著溫暖陽光☀️喝散步燕麥奶咖啡+原味肉桂捲，度過半小時的悠閒時光！有貼紙可以購買，所得是做功益捐給門諾基金會⋯⋯
1576,"在巷子內的早餐/咖啡店
停汽車的話附近要找一下位置
主要是吐司/沙拉/甜點/咖啡 … 意外來到這間咖啡廳～
老闆娘漂亮 橘、貓可愛😍
店裡乾淨、整潔～有氣氛！ …"
1577,"2024更新
搬家後空間變大了 但還是習慣以前轉角的風格
————————— … 老闆介紹很詳細
鬆餅真的有夠神 黑膠有黑膠的魅力
咖啡又何嘗不是 … 適合放鬆的好地方"
1578,"風景絕佳，很讓人放鬆的地方，咖啡不錯喝，座位能自由選擇，有可愛的狗狗在這。
唯一希望這裡能是個（無菸）環境，畢竟絕大多數的人沒在抽菸的話，設置煙灰缸在一角，有人去抽菸，隨著海風吹，其他客人變成要被迫聞著（二手菸）的味道蠻不舒服的，建議店家可以將煙灰缸部分往剛進門的入口移🙏🏻這樣既讓整個環境更優質，也不得罪少數會抽菸的客人，期待下一次再光臨～ … 餐點：義式香料雞腿、洋蔥腰內豚肉（各有不同的口感，因人而異，算不錯吃，份量OK）。
飲品：（是用茶包的那種，茶類很一般，咖啡也很一般，兩種價格都偏貴）。
服務：（會主動打招呼，點餐快速、可能剛好去的時候沒幾桌，出餐很快）。
環境：（店內環境蠻有自己的特色，很多東西可可愛愛的，店內有個可愛的奶牛貓陪伴，還不錯（。"
1579,"一個平日的上午來用餐，環境很舒服，巷弄間裡也顯得安靜，拿鐵好喝，熱壓吐司分量非常充足，可以吃很飽 肉桂捲好吃
但是價格偏高
不過是大份量
拿鐵滑順好喝 很喜歡的咖啡店
店門有貓貓
拿鐵也很好喝
舒服自在的空間 很有質感的小店
配方豆的拿鐵滑順好喝
耳掛咖啡買10送1
老闆也很親切的介紹"
1580,"來這還蠻悠閒的，店內空間寬敞舒適，四周種了一些綠色植物陪襯
非常輕鬆愉悅  餐點好吃  分圍一級棒!!! 文青咖啡館 只要你有空閒可以來店內來坐坐  欣賞一下店內的裝潢擺設 點杯黑咖啡、點心 慢慢品嘗 休閒一下調適身心 早餐約會    一直想來吃這間    配合我家太座說走就走    就來解鎖太座口袋名單裡的吃店之一😁這間店位子不多  每每都客滿狀態，還好進來就有人翻桌（吃完）位置才能進來享用美食✌️  店裡氛圍是我喜歡的裝飾風格，簡單的早餐一點也不簡單食材新鮮清爽不油膩食材配色很會😄吃的出老闆的用心🤔就跟店名一樣 #實季 很實際😊有機會一定會再來的小店光顧 … 假日休閒放鬆的早午餐廳  店家提供很舒適的用餐環境  座位空間寬敞  簡約裝潢   餐點豐盛豐富  嘴巴、眼睛都吃的很開心  不論情侶  三五好友來用餐都能感受非常愉悅的用餐品質     咖啡很讚 近期花蓮較火紅的景點咖啡海景餐廳
當然想拍成美美的網美照  來這兒就對了
不過近期人真的很多  想好好休息看海喝咖啡 就容易受到干擾   不過店家有人量管制   一定要有座位  才讓你點餐   避免掃興  園區有幾處裝置藝術 及俏皮話  蠻逗人開心啟發的   看看照片囉！"
1581,氣氛悠閒，飲品跟甜點都很美味，還有可愛的貓咪 連續兩天拜訪，為了餐點也為了貓咪，熱壓三明治內餡豐富好吃，腰內肉貓咪可愛可愛爆炸，下午氣氛悠閒很適合放空
1582,"一早退房手刀衝口袋名單很久的""浪漫咖啡”，之前都看別人分享終於可以親自走訪心中好雀躍！一望無際的大海非常藍非常美，餐點炸物意外好吃，美景+美食真是太浪漫了❤ 招牌熱壓吐司營養美味兼具，沙拉好吃！飲品表現也不賴～小小的店頗具特色也蠻好拍"
1583,接電話的服務生把我訂位的日期搞錯，櫃檯人員一開始不認錯，我只是講一句說我確定有訂位，她找不到訂位人和電話，對我的態度和語氣就不是很友善，一副快要發脾氣又不敢發的樣子，後來發現是自己的錯才緩和道歉。做服務業的人不要這樣，稍有不高興就霹靂啪啦一副要跟客人對衝的樣子，我說有訂就是有訂，你懷疑嗎？我們是多年消費的老客人了，一群人每年都消費好幾次，冬天衝著草莓鬆餅去，有外地朋友來花蓮都介紹你們餐廳去用餐!你們的待客態度實在令人遺憾!(2/13打電話訂2/15的位子，服務生把我們日期搞錯到2/16!!) 今天中午剛進入餐廳就遇到滿大的地震，客人都嚇到躲桌子下面了，服務人員很鎮定的把後門打開讓客人先到戶外還能安撫客人，我覺得超棒100分👏。餐廳看起來是老房子改建，整個用餐環境佈置給人感覺非常舒服，美美的，從訂位到用餐流程都很順暢，服務人員認真介紹他們的招牌舒芙蕾，餐點也蠻好吃的。下次再約朋友去。 …
1584,"咖啡非常順口，就算不加糖也一點都不苦 很多外國人來用餐，看得出來有認真經營服務

餐點精緻美味 …"
1585,滿滿的鹿角蕨，看了就舒服。我喝的是哥斯大黎加冰咖啡，中規中矩，藍莓派不是走甜的要命的那種，我很喜歡，細細地有香甜酸的層次 小巷裡驚艷的早午餐。食材鮮甜，料理美味。年輕老闆動作俐落，客人現點現做，本來以為會等很久，就上個洗手間洗手，拍拍店裡精心佈置的小角落物件，意外的一份一份的餐就陸續上桌了。飲料都不錯，尤其特調紅茶很好喝啊。
1586,"很可愛可愛的小店！！
還有貓x2，點餐完發現座位都是兩位貓大人～ … 可能點錯了，這間有名的可能是三明治🥪
因為我隔壁兩桌都是點三明治。 … 閃電⚡️Logo很可愛！
特地去外帶，真的很讚！ …"
1587,"氣氛很好
甜點也好吃😋 … 店座位不多小小的但很溫馨
還有兩隻可愛的店貓🥰完全不怕生
甜點好吃～尤其跟漂亮女生一起吃
變更好吃😂😂 … 很溫馨的店，像在家裡一樣舒服☺️
店裡還有一隻可愛的貓咪～～
甜點很好吃😋可惜我們去的時候只剩一種，下次希望可以吃到不同的蛋糕👍 … 環境舒服！
餐點好吃、新鮮😍 …"
1588,"店內的書好好看，三明治也好吃，
悠閒的坐在角落的位子，是會讓人懷念的幸福時光 無論多好吃，我都不會再來這家店
這是一家只要人數比較多 ，即使你比較晚到， 都可優先入座的店
今天同行兩人到店內消費 ，當下有一張四人空位， …"
1589,"誤打誤撞的進來～
很舒服～
喝了飲料是拿鐵～
店內陳設也很漂亮🤩 … 藝術感十足~
兩隻貓咪的成長在牆上飛舞，
甜點小小的很精緻， …"
1590,可可愛愛的小店，有貓就給讚👍🏼 … 這個街角有三家咖啡廳，感覺也都是改造老屋的獨立小店，但只有實季是上午就有開門適合晨型人。唯一比較希望能加強的是，熱拿鐵一入口奶泡溫度偏涼。
1591,算人頭的，嬰幼兒也要收錢，每人低消$250，單價不菲，份量雖少，但是用料很實在，靠窗光線好，但冷氣死角會很熱，這間個人不推薦家庭客來，但是很推薦情侶檔來，氣氛好、東西好吃，妹子不到手才怪！ 小巷內，推薦熱壓吐司和咖啡，網友推薦特辣四川辣牛、店家推薦洋蔥豚肉，內用空間很舒服，適合來吃頓早餐！
1592,"舒適宜人 Flat white，喜歡。 肉桂捲很好吃喔😋 … IG: waka_motors_

小犬颱風過境，一晚風雨過後，雖然還間歇飄著雨，我們還是決定要去「坡上」晃晃。 … 很適合聚會聊天，以及陪媽媽吃下午茶的咖啡店。

The time-honored coffee shop in Hualien has been introducing new meals, and the taste is not bad.  The space is good for chatting and discussing business matters. 氛圍十分到位。磅蛋糕是很特別的口感，幾乎像是蜂蜜蛋糕，甜而不膩。冰淇淋加濃縮味道也很棒。 「陽光灑下來
陽光灑下來
把我的困惑帶走」 … 中午用餐沒有事先定位，剛進來只有兩組客人，一到中午用餐時間很快就坐滿了。義大利麵用的是扁麵，口味還行。

停車稍嫌麻煩，停到兒童圖書館外的停車場走過來約五分鐘。 喜歡在下午兩點一開店就進去，選好自己喜歡的座位，待到晚餐時間。店裡的擺設，可愛的花器裡時常更新的鮮花，每一次都讓人感受到他們如此熱愛生活，所以每次回到這裡，我也總會找回認真生活的理由。 咖啡很不錯，店內很舒適，甜點也好吃～ 咖啡和司康專賣。還行。座位配置略嫌尷尬。我忘記拍食物。 很不錯的親子友善咖啡館。餐點還行。 樓下很喧囂但樓上很清幽，價格以咖啡店而言真的低廉，自己烘焙的咖啡豆手沖風味很不錯，咖啡之外也有茶和酒，也有很多甜點可以選。這麼讚的地方值得讓大家知道～

The downstairs is very noisy but the upstairs is very quiet. The price is really … 作為在地人，覺得這裡很適合台北觀光客☺️"
1593,拿鐵意外的好喝 環境氣氛佳，餐點好吃，還有可愛的貓咪。 環境好，餐點好吃。
1594,"美麗舒服的空間，咖啡好喝，最愛的是檸檬塔。咖啡豆買回家也很讚，大推。 晤子的黑糖拿鐵真的全花蓮第一名💖！ … 很～好～吃～
最喜歡雞肉，但紅椒牛肉也不錯(⌯˃̶᷄ ⁻̫ ˂̶᷄⌯)
- … 一生摯愛半寓🥺
- … 環境舒服，老闆親切，有三隻可愛的貓💖 … 非常舒服的地方雖然座位很擠
可是整家店就是個藝術品 店內刊物也棒💕
然後塔真的很好吃我要強調一千次 … 無論是單品手沖或是拿鐵都超棒的，
但價格不會太高，外帶甚至有額外的折價！ …"
1595,"大理石蛋糕起司很讚，高中好友的西西里咖啡也很棒，期待我們再次坐下聊天的未來

20231009 baileys latte好喝！雖然是第一次喝所以無從比較。20220827跟好久不見的高中同學約出來見面吃飯，感覺要再約了"
1596,在市區聽海浪聲～餐點表現的都很優異，咖啡帶點古早味紅茶的味道🤣 … 喜歡這樣的寧靜氛圍～
1597,"空間滿可愛的，可惜今天點的可能都不是店裡的招牌
小農鮮奶茶，茶香很淡，奶味也普通，甜味最明顯😅
焦糖烤布蕾口感雖然不錯，但是味道平淡，加上撒上面的糖不焦，很像在吃很甜的蒸蛋 … 在附近辦事順便喝，早上就開很方便。單品的美式跟卡布都好喝，肉桂捲是一層一層的，不是蓬鬆麵包型，剛好的甜、香，喜歡。"
1598,環境很有質感，用餐的客人看得出來也很有質感，餐點會讓你覺得有物超所值，日曬耶加雪菲冰滴咖啡很好喝，推薦👍 … 可愛小巧的小店，隱身在不起眼的巷弄中，環境氛圍很輕鬆，手沖咖啡還不錯～
1599,可愛溫馨的小店 吃起來跟看起來一樣好吃😋！ …
1600,"位在花蓮火車前站，國聯一路上
在民宿一樓經營著咖啡館
- … 咖啡好喝，貓咪可愛 雨林Scone&Coffee 位於自由街香榭大道旁，前身是留海早午餐，現在則轉型成咖啡店的模式，專注於司康與飲品。
店內以木製裝潢為主，棕白相間的色彩搭配，營造出視覺上的層次感。座位以窗邊、牆面為主，中間則是預留空間讓外帶客人通行。
🔸️皇家伯爵司康茶 $ 55 … 喜歡可以追蹤我的IG：sekainomys

溝仔尾曾經是花蓮最熱鬧的地區 … 喜歡可以追蹤我的IG：sekainomys

位於上海街與忠孝街轉角的實季 … 燈光美氣氛佳，喝咖啡的好地方 有間摩洛哥風格的咖啡廳『北非North Africa』，純白的裝潢與鵝卵石打造的露天座位區，加上龍舌蘭植栽點綴，每次路過都被這獨特亮眼的環境所吸引，北非North Africa提供咖啡茶飲以及太鼓燒、法式車輪餅，舒適且放鬆的空間值得一試。 喜歡可以追蹤我的IG：seksinomys

民國路巷子裡的外帶咖啡店 … 驚人的 單行道咖啡位於花蓮火車站附近的國民12街單行道出口，於去年年底開幕，白天是間質感爆棚的咖啡聽，晚上則是宛如歐洲街頭的酒吧，空間不但寬敞舒適，時尚感十足的裝潢也能讓人拍個不停，不管是商務辦公或是讀書約會都相當適合。 … 喜歡可以追蹤我的IG：sekainomys

日式老宅改建的露天咖啡館 … 位置在海濱街上
店內幾乎都是木製裝潢
搭配蕨類植物與乾燥花 …"
1601,老闆很親切！貓咪超可愛！咖啡好喝！ 很棒的咖啡館，裡面有很多介紹台灣各地文青店的書，來的客人好多都點三明治，感覺很有名
1602,"一流的咖啡，優美的環境 溫馨的店面
鮪魚熱壓吐司超好吃
搭配上酸甜的冬瓜檸檬茶
超級適合度過一個悠閒的下午"
1603,很適合讓自己身心放鬆品味咖啡補充能量的好地方 喜歡這裡親切的服務，環境很棒很適合用餐的舒適氛圍，餐點也很讚👍👍👍 …
1604,"不限時可以盡情嚕喵
有三隻店貓，但性情都不同
有隻店長親近人 … 餐點都算不錯，有隻可愛的喵喵"
1605,"人氣早午餐餐廳

🍮奶茶布丁：口感綿密，上方的奶泡搭配布丁入口很有特色，不會太甜膩，吃完讓人意猶未盡。 … 全花蓮最棒的早午餐，環境舒適乾淨，餐點美味，咖啡好喝，停車超方便，約會聚餐首選❤️

三訪：終於吃到雞肉卷了好美味🥺外面也好美很好拍照聚餐♡ … 美味早餐，老闆親切又和善
環境舒適又溫馨，值得再訪👍🏻 …"
1606,"一間令人驚艷又放鬆的好店 有溫度的咖啡 有溫度的餐點 有溫度的對待客人 一切都讓人很舒服 一切都讓人很放鬆 好店一間 推 燈光美 氣氛嘉 食物誘人 服務不錯 舒適且放鬆的好空間 飲品甜點也都不錯 別有洞天的寬廣大後院更是市區中的一大特點 好▪︎壞  飲品／甜點 依個人口味而定論（個人覺得還可以）
要求寧靜的氛圍 但店家跟來訪友人對談聲量（不是特別大聲）但也打破了寧靜的氛圍 或許讓人放鬆自在比寧靜更舒服 很舒服 很放鬆 好喝咖啡 好吃磅蛋糕 餐點不錯 份量十足 服務親切 環境空間舒適
硬要挑剔的話 大概是為了通風門窗開啟被小黑蚊攻擊 【癢……】 巷弄中寧靜且有氛圍的一間店 咖啡＆餐點都不錯 店內雖然物品小物很多但井然有序 可以很放鬆的享受午後時光 寧靜的午後 舒適的氛圍
香醇的飲品 甜美的小點
還有一隻一刻不得閒的迷人店貓
是個讓人放慢速度品嚐生活的好地方 慵懶的午後 短暫的休憩 香醇濃郁的咖啡搭上精緻美味的甜點 親切的服務 明亮乾淨且寬敞又有設計感的環境 店寵好客的陪伴 是間值得5星的好店"
1607,環境舒適、甜點好吃、咖啡好喝、貓咪很可愛 三明治的生菜給的很有誠意 一口咬下彷彿置身大自然當中 享受食物的原味 真是享受😋 …
1608,舒服的環境，很多種不同的咖啡選擇，試了兩款都很特別，香氣濃郁，特意買了兩瓶回去聞那個特別的香味！剛好有一個人在不停大聲講電話，破壞了氣氛，我是老闆應該會叫他出去講，不要打擾其他想安靜放空的客人。 藝術品般的食物，好喝的咖啡，很適合靜靜的坐著發呆！ 裝潢古典，優雅！甜點不錯，鹹的花生餅乾也好吃，買了兩盒回去，只是價錢以花蓮來說比較貴 舒服，安靜，早餐好吃的一家小店，溫暖的木，可愛的貓，喜歡放空的不要錯過
1609,真是好巧克力，以前吃的好像都不是巧克力，尤其巧克力飲品味道濃厚不甜膩。來花蓮到此ㄧ嚐就值得來了，很想每年都來。 三明治好好吃，咖啡也還不錯，貓咪可愛
1610,就是網美店 五星好評 :) 腰內豚肉三明治好吃，店內的貓咪也很平易近人
1611,各種巧克力都超好吃大推!! 看起來很不錯的店👍🏻 …
1612,"外帶蛋糕回家
派皮類的都好好吃
店面小小的客滿時有些吵雜 鮪魚總匯三明治份量足夠
麵包烤的有點乾
優格順口沙拉清爽
黑咖啡推薦 吐司烘烤過不乾不柴
肉品的醬汁調味很好
蔬菜也給的份量十足 …"
1613,"咖啡甜點飲品都很喜歡
營業時間改到至19:00 鬆餅很獨特很好吃，黑咖啡很香，原本擔心會傷胃便跟店家要了糖，店家卻建議不要加，真的真的直接喝好順口還有一點點淡淡果香味 這天傍晚剛好沒什麼人潮，靜靜的很舒服，店內擺設也讓人覺得舒服，熱壓吐司好吃料多，是會持續光顧的一家店"
1614,"前年來過這之後，對老闆印象深刻，那時候我還在學校讀研，在台北實習回來後，終於有機會再回訪，對於餐廳氛圍和老闆風格卻記憶猶新，整體的空間相當舒適，從窗邊灑落進室內的陽光，我覺得剛剛好，這次不同的是，多了兩隻貓咪，直接讓人多巴胺噴發，真的非常可愛。 … 今天跟男友打算好好的來喝一杯咖啡，看到店家門前的燈點著，有種心安的感覺，充滿療癒。

我們點了SOE拿鐵和手沖咖啡，都可以自己選豆子，我很喜歡的環節，不同咖啡豆的香氣聞起來真的好療癒。 … 老闆對餐點品質的堅持令人敬佩☕️ 久居花蓮後（彷彿我不是在地人一樣），一直有耳聞幾間代表性的特色咖啡廳，珈琲花是其中之一，然而幾年過後，我才在因緣際會下，踏進店家。

對於珈琲花，我的第一個印象是經常在明信片上看到的特色建築、路過時非常好看的店貓。 … 吐司蠻好吃的、份量很足。"
1615,"洋蔥腰內豚肉三明治非常好吃，出乎意料
小店環境很舒服，不過座位不多。 如果是平常，看到這種店名我一定不會想進來。沒想到今天到了想去的店家發現竟然都沒有營業，陰錯陽差之下找到這家店，真有一種驚喜感哈哈

Google map 上的評價不是假的，檸檬塔很棒很順口酸甜度恰到好處，咖啡也好喝，老闆娘親切好客，還有兩隻可愛的肥貓(這好像已經成為一家好的咖啡館必備的條件了？😂) … 是吃場地氛圍的。甜點飲料其實普通，價格太高，個人覺得還有更值得去的店。
但有些人抱怨的店家服務態度，個人倒是覺得沒什麼問題，還算親切。可以去一次看看。 這裡的檸檬塔跟一般不太一樣的是，它沒那麼酸，在酸甜中取得一個平衡，也比較好入口。店裡有一隻可愛的小黑貓，會在你旁邊繞來繞去，很有趣。
店家的服務態度方面，沒什麼親切不親切的，就是一般，也不會特意笑臉迎人，算是有個性的店。不過座位不多，想前往可能要儘早。 店裡的三隻小貓非常可愛，蹦蹦跳跳的。甜點也好吃，巴斯克蛋糕很棒。晚上6:00過後比較有空位。另外，餐具以及店內裝潢全部都是非常有特色的木工作品，可以好好欣賞。總之，是一家非常溫暖適合一個人前往消費的咖啡館。不太適合多人前往。 法式烤土司很好吃，不過一個人吃到後來會很膩，建議兩三個人分著吃比較好。"
1616,"這是一間充滿木頭香氣的店
因為靠近海邊，很適合下午去海邊走走後再進來享受下午茶，店內有一隻好客的貓，會主動跑過來討摸摸☺️ 很溫馨的一間店，簡單的早午餐與充滿巧思的空間。 甜點很美味的一間咖啡廳 唸書放空的好地方
東西好吃又平價
店員跟老闆都很好聊天很風趣
很適合不知道晚上要去哪裡的人 磅蛋糕微溫小脆的口感療癒人心💯
店內氣氛好，音樂也好聽 … 老闆很親切很健談的一間店
很適合無聊的人過來享受歡樂的氣氛 木質色調搭配一些有設計感的植物，是一間氣氛很好的店"
1617,"溫暖舒服的空間 平價不失細緻
有溫度的店"
1618,"溫馨的空間，植物與木質搭配暖色燈光，襯上許多老闆的小收藏、手工藝等，令人放鬆，且店中有親人貓咪。三明治多汁、清爽，咖啡順口綿濃，適合單獨來、與友人共來度過放鬆的午後時光。 一加一，調酒，黑芝麻戚風都值得推薦。
貓咪不怕生，喜歡貓的朋友值得一訪"
1619,"很悠閒的場所，一本書一杯咖啡可以打發或發呆一整個下午或早上 泡芙很酥脆好吃，其他甜點也好吃
店家很認真的連餐具都有符合店名一樣，具有濃濃的昭和風味
因為剛好坐在冷氣出風口下，吃完後會忍不住要加件外套"
1620,"很好吃，環境很好看，而且有貓🙌🏼 … 環境很舒服
餅乾很好吃
推黑糖拿鐵！"
1621,鮪魚好吃 可以讀書 歌有一點點難聽 水餃好吃
1622,讚 喜歡可愛的這裡 好吃真材實料用心製作❤️ 喜歡這裡 美味又可愛的咖啡
1623,飲料甜點都很小一份，不過味道不錯 三明治味道還可以，但同其他人的評論，份量是真的滿小的，就算是女生也不太適合當午餐吃。另，環境不錯（雖然外面有車時完全沒有隔音效果）、貓很可愛可摸
1624,花蓮屬一屬二的好咖啡 東西選項多 空間開闊
1625,"內用滿多人的
外帶一杯拿鐵南下品嚐
咖啡很淡很淡 … 咖啡味偏淡但還可以的 小小的店價格親民
咖啡做得比一票華美設計的店面還出色不少
點了兩杯先拿鐵再澳白 …"
1626,"誤打誤撞的小驚喜～
灑上的乾燥桂花，隨著熱氣冒出清香。 手沖深得我心～^&^
為了肉桂捲而巧遇的阿里山 很有味道的漂亮小店～
充滿儀式感的古董留聲機，聽著單面一首歌的黑膠，聖伯納Happy偶爾充滿共鳴的撒嬌⋯
老闆娘自信介紹咖啡的架勢，讓點完餐的我們倍感期待，入口後的驚喜就不再贅述。"
1627,"老闆很親切，東西也超好吃😋 … 沒有以前的那麼好吃了....
飲料也是變小杯就算了..還沒有味道🥺..
很懷念最一剛開始的紅茶！！！ …"
1628,"很年輕的時候，夢想未來可以開一家有花香、咖啡香及書香的店。我很幸運有嘗試過，也失敗過，但我仍然喜歡那樣的夢想。

開店很難，把期待放最低，即使不賺錢，能不賠錢就很厲害。 … 環境很舒服，餐點也可以，價格可接受。
唯一小小小缺點是，好熱～冷氣有點弱，坐在裡面直冒汗～
冬天來應該很不錯 👌 … 感謝一家透光的咖啡館，一盞燈照亮內心，可以暫時把陰陰暗暗又濕濕冷冷的冬天擱置在外。 蛋糕很好吃，咖啡普通。
因為店內座位不多，若坐太滿可能會覺得擁擠。"
1629,"鬆餅很特別
不是酥脆的口感裡面都包著Q彈的麻吉
季節限定的草莓鬆餅好吃 … 一間小而美且帶點文青風的貓咖啡店
店門口的左手邊有先告知“內有貓x2”
就是名符其實的網美貓，不怕生又超可愛😃 … 小小文青風格的店
店內設計擺設看得出是很用心規劃
服務很棒，餐點好拍又美味 … 餐點豐盛好吃
帕尼尼裡面有玉米筍吃起來還蠻特別的
店內空間有點小但佈置的很可愛 …"
1630,"拿鐵滿好喝的，可惜出餐速度太慢。 花蓮難得有韓系網美咖啡廳，裝潢極美，但餐點普通且單價偏高，紅燒肉套餐可以點，海鮮麵就不用了。 很舒服的空間，服務也很好。
磅蛋糕暖暖軟軟的很喜歡，咖啡可以再濃一點。 不是很好停車的小店。
假日人很多，建議平日來。
草莓蛋糕很好吃，要點；布丁就可以不用。 花蓮難得一見的晨間咖啡廳，餐點分量滿大的，可惜座位無插頭工作。 餐點正常，貓貓可愛，店員都很親切，缺點是稍微偏遠。 黑糖拿鐵非常好喝，但店員態度偏冷酷。
吧台有插座，但桌子偏窄，不好工作。 拿鐵跟茶都太淡了，但店裡氣氛很好。 咖啡與餐點中規中矩，每個桌子都是升降桌很酷。 檸檬塔必點，很好吃！
貓都很乖，飲品正常。 餐點普通，不知道紅的點在哪 餐點不貴也不錯吃，空間蠻大，CP值高！ 咖啡偏淡、甜點普通。"
1631,"好棒的地方！即使沒冷氣也想在那裡坐一下午！ 好喜歡這個小地方！氣氛環境都很棒，老闆在高度壓力下還可以維持一號笑容真的很難得，感覺像藝術家！

三明治每個都點來吃了！我個人最喜歡川味花椒、雞肉也不錯，我覺得豬肉也很好吃但口感太滑嫩，少了肉的口感，但我們點了9個三明治每個都好好吃！大推！ … 氣氛100分，飲料甜點就別期望太高，但是因為氛圍十分悠閒放鬆，即使飲料甜點普通也會覺得很棒！有一個戶外空間讓小孩稍微活動筋骨又不會離開視線，讓爸媽稍微放鬆，還有很多書可以看讓小孩很忙，實在太棒了！"
1632,很有特色，讓人放鬆很悠閒 咖啡，甜點都好吃，服務人員很親切，氣氛偏安靜，喜歡大聲聊天的人不太適合
1633,"便宜好吃的早餐店
用料實在！ 茶好喝可回沖
空間超舒服的
老闆很親切
貓很可愛"
1634,"店內佈置溫馨、吃得出來三明治食材新鮮，但生菜水分沒有瀝乾，每個人邊吃醬汁會邊從手上流下來….
用餐是在假日早上，可能因客人非常多，和友人點的冰巧克力及焦糖鮮奶茶比例或冰塊像是沒調配好，水水淡淡的，非常的不好喝，連氣泡飲也沒什麼氣，本來抱持很高的期待，覺得很可惜。 環境舒適、餐點用心，帶位時服務人員親切有禮貌。
唯一美中不足的是桌邊點餐時的女服務生口氣差，基本的請或謝謝也沒有，每次上餐時東西就不耐煩的放下，連收錢時的錢盤也用半丟的到桌上。
當時店內客人7分滿，可能因女服務生個人狀態不佳而導致讓我們給獎不被尊重，我和朋友們都覺得經驗非常不好，很可惜這麼好的店。"
1635,吃了一次早午餐之後完全列為雷店，不知為何貴桑桑的早午餐，一點沙拉一顆水煮蛋，一點點三明治要價這麼貴，吃不出來為何啊！！！ 咖啡也很普通啊啊啊啊 餐點幾乎都是炸的，吃不到現在追求的新鮮健康感，除了空間值得一提，咖啡也很普通喝起來的奶味似乎不是鮮奶，縱使知道你們這間店不追求食物好感度，還是給了兩顆星，一顆給朵非，一顆給裝潢。
1636,是我喜歡的三明治！蔬菜豐富、真材實料、食材用心，環境放鬆且舒服，能感受到每一處都被悉心照料。 空間超舒服 咖啡好喝 老闆幽默！以後都來這等火車了啊
1637,"咖啡☕️口感順口不澀，香味十足，焦糖布丁綿密紮實、杏仁餅乾奶味好吃😋，是一間讓人會再來光顧的咖啡店😄 … 空間美氣氛佳
食物好好吃🌰 … 優秀的店 來花蓮旅遊可以上來喝喝咖啡"
1638,"低消一杯飲品，室內裝潢蠻厲害的，但體感上太高級，少了一點人情味 我點了奶油堅果三明治（應該）$60，好吃，但是蠻貴的~
桌子、椅子大部分是木頭，很有質感！
每個人低消一杯飲品哦！"
1639,"問就是讚 咖啡好喝
熱壓吐司食材新鮮"
1640,"黑咖啡、拿鐵咖啡、翻滾肉桂捲、檸檬派
整體普通沒什麼記憶點
中規中矩 貓很親近人
美式有點淡
手沖好喝 咖啡好喝
提拉米蘇好吃
貓貓可愛"
1641,"花蓮 實季 食記。 @seedson317
-
常常在市集活動出現的實季，第一次來店面用餐，在上海街與忠孝街口，外觀看起來很有特色，裡面還有兩隻貓咪可以陪伴用餐。 … 位在美崙中美路上的壹樓貓咖啡，顧名思義店裡有貓咪，可以撫摸很親人😍內用低消餐點或飲料即可🙂

早午餐還滿豐盛，雙拼香腸加上吐司很飽足，還有附地瓜薯條、水果沙拉及飲品😙 …"
1642,很舒服的環境！東西好吃非常喜歡 布朗尼超好吃！
1643,"磅蛋糕烤的剛剛好
搭配洛神花茶也很適合 東西好吃，蔬菜口感很好，如果肉的份量再多一點會更好，另外由於近期都要戴口罩的關係，希望桌上可以都有衛生紙，而不是要去另外的地方去拿，不然手或者嘴巴髒髒的狀態還要戴口罩去拿衛生紙有點不太方便"
1644,"空間舒適，咖啡好喝！
很適合放鬆發呆和朋友小聚的地方，提供許多雜誌書籍可以翻閱，下次想試試甜點。
入口處也有販賣一些小商品，還遇到了神奇雜貨店的可愛徽章😉 … 焙茶拿鐵 不會太甜 蠻好喝！ 咖啡、甜點都很棒！餐具和空間都搭配得很舒適優雅，老闆招呼周到很親切😇 …"
1645,"好多貓貓的一家咖啡廳💕
焙茶歐蕾與藍莓起司蛋糕都表現得很不錯🫐香味濃郁，口感綿密👍🏻
附近還算方便停車，走過來大約5分鐘。 … 咖啡還不錯。這家咖啡廳也有提供米食類。
素食有塔香鮮素菇飯，吃起來像是調理包⋯
雞腿點的是墨西哥辣味口味，完全不辣⋯米食類的配菜也是很陽春，幾乎是塊狀蔬菜（沙拉、輕食會出現的那種），主要是配顏色。 … 原本滿懷期待地想說去試試他們新出的中餐，中午就打電話訂晚6:00的位子。一進門，服務生的第一句話：“我們最多只能用餐到8:00pm喔“ 我想說ok啊應該也吃不到那麼久 … 餐點好吃沒話說！就是價錢貴了些⋯
麻油松板豬咬起來非常有嚼勁，套餐附的是薑黃飯，一個泰式風味炸豆腐（醬汁酸甜很開胃）、一小碟青菜🥬，與一碗湯。
黑糖歐蕾上面的黑糖炙燒過，建議攪拌均勻飲用。 … 整間店面充滿綠意，到處可見綠色植物。
他們家的餐點每一道都很特別，有用心製作。
早午餐、午餐、晚餐時段各有供應不同的餐點。若想要特別吃某一道料理，要記得特定時段用餐。 …"
1646,"考查一下新開的店
餐點不錯吃喔
咖啡也好喝
在台北這樣的消費也ok 不錯吃，假日都要預約 文青美味有藝術人文氣息"
1647,"衝著他們的檸檬塔過來的！這間的檸檬塔酸度很足夠，所以再訪都沒問題👍 … 意外之下造訪的這間店，最後幸好是來到這間店喝咖啡！
店內的小物、裝潢等等的都非常用心，來到這裡真的很放鬆，有機會來到花蓮的話，之後會想再來！"
1648,"當天坐在吧檯的座位
1.店員介紹餐點時態度傲慢 給人感覺極差
2.用餐時店員請我們更換座位三次！ … 景美不用我特別介紹了
剝皮辣椒水餃真是讓沒食慾的我驚艷
炸物也都很好吃 … 真的請打消要來的念頭，11點開門開到21:30 訂位兩點到 就要什麼沒什麼 所有燉飯 海鮮蛤蠣義大利麵 巧克力香蕉鬆餅都沒了 真的不知道要賣什麼給客人 真的是很不好的用餐體驗 也不會在入座後馬上告知什麼東西沒了 點餐的時候才說 服務生態度也很不佳 非常舒服的小店，手沖咖啡選擇多，甜點好吃。貓貓太可愛了😍 … 二訪實季
著實是個讓人放鬆的空間"
1649,每次去花蓮都必喝的咖啡！如果住在花蓮真心想每天來一杯☺️每次不同的甜點也讓人很期待！ 三明治好吃！貓貓可愛！
1650,"非常可愛又有溫度的店
有機會一定要來看看喔！！ 很喜歡店裡具溫度的佈置和選物
鹹食的熱壓吐司味道非常好
是會常常回憶、想要重訪的店！"
1651,"很舒服的咖啡廳，在店內可以很放鬆自在的閱讀
整個氣氛很棒，有機會會再來喔！ 環境舒適"
1652,改裝後，依然在水準上，餐點好吃，服務也很好👍 … 平日傍晚來到這臨海的咖啡廳，也是2021最後一個上班日，抵達時已近黃昏且天色昏暗，但一望無際的大海還是令人相當讚嘆。一邊看著海一邊哼著任賢齊的傷心太平洋，結果女友整趟旅程在車上都不停的播放⋯原來這就是超經典(?
1653,"單品好喝，但檸檬塔的皮不夠香，軟軟的。
不提供wifi, 比較適合聊天看書。 簡單的小店，老闆親切讓人覺得自在。
單品好喝，檸檬塔有小份的很棒，適合想吃一點點甜點但又不想吃太多的時候。"
1654,"鬆餅鹹甜鹹甜得很不錯  貓咪可愛 甜點好吃貓咪可愛 超推👍🏻很好ㄘ … 肉桂捲內應該是柑橘類的皮，第一次吃到滿特別的，拿鐵跟美式都很好喝，很早開很適合七早八早來花蓮找肉桂捲的我 氣氛好，飲品優 是沒吃過舒芙蕾但簡餐吃兩次都很雷，應該是調理包的醬汁而已吧⋯⋯200元的微波食品⋯ 出餐速度快，服務人員有禮貌
還是感覺以前的餐點比較好吃 很幸運買到最後一個肉桂捲，也買了布朗尼，對肉桂捲很挑剔，感覺還可以，反而布朗尼很驚艷，配茶或咖啡都很好"
1655,"司康很好吃！！😁
環境氣氛不錯 … 熱壓吐司很好吃"
1656,好吃 來Oops好幾次了，餐點好吃，麻吉鬆餅超讚～！店內裝潢很用心，還有貓貓狗狗٩(˃̶͈̀௰˂̶͈́)و 很舒服的空間，很親切的老闆娘。第一杯是推薦的手沖，希望淺焙酸一點，很喜歡；第二杯是老闆娘幫我選的，也好喝。雖然後來客人比較多，但老闆娘也都有注意到客人的需求，培茶布丁也綿中帶茶味。喜歡安靜舒服的空間，很推薦。 能安靜好好喝一杯好咖啡跟好好休息的地方。
1657,"精緻度200分的咖啡廳，環境舒適、擺飾吸睛，咖啡絕對比擺設精緻，老闆娘專業親切，坐在吧檯簡直就是頂級VIP 的位子，和老闆娘聊天收穫滿滿。
同一種咖啡豆，可有豐富的變化，活化咖啡調性，這次來花蓮最大收穫就是來到這裡，成了我必來之處了😍 … 四川紅椒牛肉三明治好好吃😋
來訪花蓮經過幾次，第一次走進來，相見恨晚的感覺，想每天吃啊！ …"
1658,"黑糖糕好可愛(o_0) 太愛這個細緻的杯緣
當然咖啡很棒 食物好吃， 擺盤很棒
謝謝你們美麗的紅包袋～ 謝謝這個地方
謝謝你們的鬧
我於是忘記這夜裡
連三震的心慌慌 Indeed a great place to stay in this typical drizzling winter afternoon.
謝謝主人的貼心
我們意外擁有了櫥窗景第一排😺 … 生菜處理的很好，整體調味也很棒
店貓萌萌的"
1659,"從台北來玩，隨手上網查了ㄧ下咖啡廳，看到網路推薦新開的咖啡店就來試試！
真的很不錯！馬卡龍好吃！
中式餐點也很棒，種類很多，口味也有一定的水準！ … 在熱到爆無意中找到的咖啡店
只能說推推推～
手沖咖啡真的味道很好也不貴 … 老闆親切！餐點好吃！店內還有喵咪加分！"
1660,氣氛靜，音樂佳，餐點健康又好吃，咖啡才是一絕 永遠的不急不徐，假日建議預先訂位
1661,"肉桂捲普通 咖啡普通 咖啡不錯喝👍 … 藝伎的花香有出來！好喝！
鬆餅真的有酥 搭配鮮奶油蜂蜜 好吃😋
老闆有他的個人風格👍 … 目前心目中第一名咖啡店☕️
門口就問到咖啡香
很立派的一棟建築 但只賣咖啡 … 咖啡很好喝～老闆很有趣😁
待客隨性自在👍
可以買豆子 濾掛包～ … 如秘境般的咖啡廳
醇韻咖啡☕️
入口是小小不平的道路 … 很舒服的咖啡廳👍
咖啡好喝～
會再回訪😋 …"
1662,最推鮪魚蘋果三明治，可是水份太多吃的有點狼狽，拿鐵奶泡過厚 好喜歡💕 … 單行道咖啡的客人素質都很優 今天待在這裡讀書很舒適😍還有可愛的店貓～ …
1663,哇！客滿，很有意思，這裡的客層從十幾歲到八十歲都有，與其他的店有些不同，店裡擺放業者成長過程中許多懷舊的物品，也是所有顧客共同的回憶。 咖啡好喝不在話下，點心也爽口，環境幽靜，愛喝咖啡的好友，別錯過這裡喔！
1664,餐點咖啡都很不錯👍🏻 … 日式復古咖啡廳的風格，點了兩份甜點與一杯拿鐵，拿鐵普通是偏苦一點的口感，甜點覺得蠻普通的，橙柚塔覺得沒有層次，就是酸甜檸檬柚子味的凝乳還是卡士達內餡加上底部的脆塔皮，但吃下來很膩，冰淇淋倒是很不錯，是可以來嚐嚐的店，但不太會想來第二次 單品咖啡種類豐富 親切專業的店家
1665,悠閒啊…（有2位帥哥🤩🤩） … 放鬆的環境，餐點咖啡超好吃～
1666,超好吃！！！推薦花椒牛肉，香氣十足又美味 好吃，有一些特別的口味~店員熱情招呼跟包裝，買完還跟我說樓上有展覽可以看讓我參觀，覺得很親切❤️
1667,"好吃的吐司，親切的老闆，超可愛的貓咪，一切都很美好。 一踏入店裏撲鼻而來的香氣，光聞就好舒服了
再搭配上店家播放的音樂、擺設的植物、可愛的科基🐶🐶，整體感覺好喜歡好舒服，若是午後有機會來推薦坐在窗邊的位置，非常的享受，這次點了焦糖鹽之花、Oreo重巧克力口味，這2款都超級可口，尤其焦糖那款還附了抹醬，嚐起來很像牛奶糖的風味，簡直絕配👍 …"
1668,很棒的小店，咖啡好喝，店貓超可愛的 咖啡跟甜點都很好吃！
1669,"店裡氛圍很好！
拿鐵好喝～
店貓很親人～ … 蜂蜜拿鐵好喝，黑胡椒牛肉三明治好吃！ 熱抹茶拿鐵好喝！"
1670,很有質感的一間咖啡廳，拉花真的美到會讓人喝不下去，而且一直喝到最後還是有圖案，很有趣!為了拉花很值得一來，摩卡咖啡微苦很順口，烤土司真的超級好吃($90)!有三塊，外層很像焗烤的披薩感，裡面卻是軟嫩又像麻糬的感覺，灑上糖粉和玫瑰，配著冰淇淋吃會讓人停不下來，布朗尼很濃郁，價格也不貴($60)，上面有滿滿的鮮奶油，吃起來奶味很重，不會覺得膩，會一口接一口，拿鐵有五種口味，不過榛果和焦糖口味偏甜，很適合聊天休息的地方。 有點小間不太好找的店，裡面的兩隻貓都很可愛，很愛摩卡拿鐵苦苦的味道，店裡的塔類甜點很多選擇，也有很多貓咪擺飾，是一間很有氣氛的店。 拿鐵好喝❤ 價格雖然偏高，卻是一間非常用心的店，每一口甜點都很實在，一點都不空虛，因此大部分項目都很推，不管是有酸甜檸檬餡的橙柚塔，還是苦苦甜甜的抹茶冰淇淋，到皮脆內餡柔順的昭和之心，每一項都讓人印象深刻，因此不特別偏好誰，日式冰的色彩繽紛，下次會很想試試看，有一款冰淇淋忘記是什麼名字了，上面有兩球冰淇淋，放上一片花生餅乾，可以自己淋上咖啡，吃起來會苦苦甜甜的，配上冰淇淋真的很適合，加上旁邊的碎碎小餅乾，每一口都很豐富，整體而言，是一間在有時間金錢的情況下，很適合和朋友去吃下午茶悠閒談天的地方。
1671,"價位樸實(200～300)，而且飯可以續(重點很好吃，也不給的小氣)，店員相當親切，整體環境也佈置的很好，是一家讓人有良好印象的好餐廳！
不過人數多最好先訂位，否則很容易要候位的，好好享受吧！ 意外騎腳踏車進來，沒想到食物很好吃而且風格強烈的一間店(價錢也很合理！)。是之後會想再光顧的店，在去之前請確定一下開店日期或是預約會更好喔！"
1672,終於來到實季！ 貓咪很可愛🐈甜點很好吃！飲料也很好喝☺️店裡的氛圍很讚！ …
1673,店內裝潢很美，東西好吃 海景漂亮，適合久坐，不會太熱，沒有小黑蚊
1674,很棒的共享空間，光線很美，氣氛很舒適 實在超愛貓貓晤子的～～ 店裡咖啡也好喝～ 熱壓三文治好吃得讓人感動！ 專業有禮的咖啡師，店內的起士餅乾和肉桂捲都非常好吃！ 美麗的室內佈置、有層次的手沖、兩種米漢堡都超級好吃！ 卡布泡泡很好喝，推！ 喜歡店的氛圍、有關「愛」的表達，和咖啡師stanley士丹利聊天也很愉快，快樂愉悦的下午
1675,"老闆娘人超輕切 環境超漂亮
店內有兩隻貓貓 麵包沾醬超好吃！咖啡也很好喝！ 肉桂捲很讚！ 室內座位偏少
老闆跟老闆娘人都很年輕也很輕切
肉桂捲讚！"
1676,很用心的一家職人咖啡店！看得出用心與細心！！ 環境很棒
1677,環境很讚，三明治好吃！ 適合工作用電腦的咖啡廳
1678,"甜點超好吃😋
飲料也超棒的👍
整間店的風格很厲害 … 隱藏在巷子裡的甜點店
裝潢風格及擺設可以感受到闆娘的用心❤️
飲品及甜點🍮都非常有水準 … 咖啡好好喝,店裡質感美美的 這次吃
嫩煎海鹽雞腿拼盤280元
雞肉捲拼盤290元 …"
1679,不照出餐順序出餐 飲品好喝又好看✨
1680,"非常好吃！我感覺到愛！ 味道不對勁 感覺在炒蛋時加了不少水，也許是因為這樣鹽也放得比較多，實在是鹹得想喝啤酒，這樣的失誤好像有點低級呀...........
不過優格很好吃"
1681,溫暖可愛的店東西好吃！ 老闆很親切樂於分享，咖啡賣的很便宜，推薦對咖啡有興趣的人
1682,"*環境
捷安特旁邊。一樓是咖啡廳，二樓是旅舍的，環境乾淨寬敞。
*餐點 … 從入口到店內五花八門的裝飾中有許多小驚奇，聊天用餐之餘可以好好欣賞它的擺設。
很推它的麻糬鬆餅！甜度稍高、飽足感十足"
1683,咖啡好香很好喝，是個不錯的選擇哦。 好喝，好吃，好豐富。 很好吃的食材都在這裡，餐廳外面還擺設王子神谷好好吃的鬆餅哦…同時也受到UberEats 合作餐廳的信賴，朋友們不仿也可以使用app平台點閱15-20分鐘送達想吃什麼就點什麼超級方便的心動了嗎～快下載吧。
1684,有那種我一定要再來的感覺，咖啡點心音樂貓咪桌椅書籍和其它輕聲細語的客人…樣樣到位。 文青 自然 手沖咖啡好喝 每一次來都會喝到令人驚豔的好咖啡，闆娘大方讓我們試喝不同的咖啡品種，並詳細解說，手沖技術很讚，是舒服愉快、CP值高的好地方。
1685,蛋糕很好吃，環境寬敞舒適，咖啡也很香，下次來花蓮中也要來！ 環境很舒適
1686,點了素食松露烏龍麵，味道棒極了！ ！非常美味。分量雖然不多，但吃起來剛剛好。 我給三星的原因是，我對他們「必須點飲料才能用餐」的規定很不滿意。我只想吃點東西，不想喝飲料，我也跟服務生解釋過了，但她卻說除非我點飲料，否則不能給我服務。所以我基本上是被迫點了一杯（要嘛就得頂著烈日到外面找別的地方吃午餐）。 … 這家咖啡館很適合共享辦公室。卡布奇諾咖啡很棒。提拉米蘇我不太喜歡，不過這只是我個人口味，感覺粉放太多了，有點膩。店裡還有一隻非常可愛又友善的貓咪。
1687,晚上睡不著的好去處，咖啡好喝外，最令人驚艷的就是隱藏版菜單馬卡龍，不管吃幾個都覺得不夠啊！🥰🥰🥰🥰 … 寵物友善很棒，店員（拳師）還會來關心！座位舒適，千層麵很好吃，鬆餅好吃奶油冰淇淋很棒
1688,"鬆餅，就是鬆餅，來了沒吃鬆餅就白來了！
當然其他的餐點也好吃，咖啡也好喝。 這是一家很棒的咖啡館。咖啡很棒，三明治很美味，員工也很友善。我看到其他人抱怨等待時間太長，但好咖啡需要時間，好食物也需要時間。我可以等。氣氛也很好，裝潢也很漂亮。太棒了！我已經去過兩次了，也許明天還會再去。"
1689,我們去咖啡館吃了布丁，味道好極了！氛圍超棒。貓咪也超可愛🥹 … 太好吃了！我點了紅椒三明治！注意，必須同時點一杯飲料才能達到最低消費要求！
1690,可愛的小咖啡館，咖啡很美味！馥芮白（Flat White）很棒，服務也很棒。 可愛的咖啡館，以種子為主題，裝飾風格獨特。員工服務周到，咖啡和茶也美味可口。肉桂捲也超愛！
1691,"奶茶和蛋糕最難吃，尤其是奶茶。 這裡有幾張戶外野餐桌可供用餐。他們專營外送。店裡會講一些基礎英語，咖啡也超級好喝。我一定會再來的。
+ 離開前我又去了一次。感覺很棒。 老闆人很熱情，滴濾咖啡好喝，貓咪也打瞌睡了。環境很舒適，是個很適合消磨的地方。"
1692,喧囂都市中一處獨特的地方。美味的咖啡和手工糕點。為我們服務的人做了蛋糕。精心準備的咖啡和一隻自由漫步的美麗貓咪 手工咖啡杯，盛裝美味的咖啡。這裡是放鬆身心、撫摸小貓咪的迷人地方。
1693,這地方太棒了！咖啡和布朗尼蛋糕很美味，整個地方都充滿了奇思妙想的氛圍。還有可愛的貓咪 這裡真是個可愛的地方，漂流木的裝飾和小湯匙都非常可愛，咖啡也很棒！
1694,咖啡、服務和華夫餅都很棒。一定要嚐嚐華夫餅。中間非常鬆軟，原味或加配料都很棒。店主非常樂於助人，也很專業。 服務超級友好，非常棒。環境非常清爽，肉桂捲和咖啡都很棒。強烈推薦！ 食物和飲料都很棒。店內裝潢精美，是長途健行後放鬆身心的絕佳去處。貓咪很友好，服務也很棒！強烈推薦！
1695,咖啡好喝～休息好地方 抱抱龍也喜歡的甜點，歡迎大家帶著心愛的娃娃來店裡坐。
1696,這是一家精緻可愛的小咖啡館，溫馨的木質裝潢營造出特別的氛圍。他們家的蛋糕很好吃，咖啡也很棒。 氣氛非常好，人們很友好，是一個放鬆的好地方。
1697,"很棒的地方！值得繞道前往。 非常棒的地方，咖啡師也超級友善。也許是老闆的原因，我不太確定。不過我強烈推薦這家店。我點了一杯冰百香果美式咖啡，味道好極了，清爽可口！ 這個地方太棒了！氛圍非常放鬆。服務也很棒！我點了一杯椰子氣泡美式咖啡，簡直完美。如果你在美麗的花蓮，絕對值得繞道而來。 非常棒的咖啡館。服務熱情周到。我點了Soave咖啡（冰咖啡加檸檬），味道好極了，提神醒腦。
裝潢很漂亮，音樂也很棒！甚至還有幾首法語歌曲。我強烈推薦Soave Plan！ ❤️🇨🇦 … 非常乾淨漂亮的地方。服務非常好。喝了冰拿鐵，非常好喝。我什麼都沒吃，但菜單很有趣。廚房飄出的食物香味也很好。"
1698,三明治很好吃！ 拿鐵無論冰熱的表現都好喝且順口！ 值得推薦！
1699,非常適合想要尋找創意靈感和安靜環境，並享受美味食物和咖啡的人🤗 … 有沒有想過，在一片綠意盎然、周圍環繞著雞和兔子的環境中享用早餐會是什麼感覺？不用再想了！這個美麗的地方就像一片綠洲，食物不僅美味，而且擺盤也很漂亮。
1700,浪漫小店😍 … 超鬆的地方，好喜歡💕 …
1701,"氛圍不錯。食物中規中矩，飲品清爽。 店內氣氛很好，播放日式背景音樂，還有兩隻可愛的貓咪。店面略小。

如果您看不懂中文，他們提供英文菜單。"
1702,"太好吃了
有素食的可以吃 是一間很棒的咖啡廳啊。
咖啡好喝、環境好、每個桌子都有水杯、店員跟老闆很有趣，人也很好。"
1703,好咖啡。 不錯的咖啡館 不錯的咖啡館 很棒的咖啡館和可愛的貓
1704,"四川花椒牛肉好吃！ 焦糖拿鐵令人驚艷，店員好像喜歡我

by錢包爆炸的男子 親子寵物友善餐廳，店貓溫馴乾淨，店家親切和藹，讓爸媽可以放鬆吃早午餐或下午茶的好地方。"
1705,"貓咪超可愛
義大利麵好吃😄😄😄 … 下午茶的最佳地點，咖啡好好喝喔"
1706,"美麗的小木屋，咖啡館也很棒。
飲品非常非常好喝。
價格高於平均水平，但高品質絕對物有所值。 … 去那裡吃早餐++真的很好"
1707,食物好吃，咖啡好喝，價錢偏高 食物好吃，咖啡好喝
1708,花蓮的愜意休憩：我最愛的放鬆用餐地點 … 2020年2月，我和朋友們在那裡享用了一頓美好的早餐。食物品質一流，空間寬敞，裝潢雅緻，價格也合理。我強烈推薦大家去試試。
1709,"環境舒適，甜點好好吃👍 … 店家位置位於定置漁場三代目的二樓，門旁的樓梯走上去就看得到了。

一打開門有種驚艷的感覺，店內的氛圍很棒，輕鬆、舒適，有專屬的吸煙空間以及能躺下來耍廢的臥榻區，我覺得非常棒🤩 …"
1710,"意外發現的超讚咖啡店，環境優，咖啡好喝，還有店貓！ 2023.11.27
太可愛的一家小咖啡店，不管是店內布置擺設或是植物都顯現出老闆夫婦的巧思，實在太有才！"
1711,如果可以，我真想給這家店打六星！我們在花蓮期間來過幾次，感覺氣氛超棒。咖啡館本身也很漂亮，環境賞心悅目。這裡不僅是吃飯的好去處，也是休閒放鬆、工作或做其他任何事情的理想場所。食物美味，飲品一流，三明治也風味十足。我還嚐過一次Nutella吐司，絕對不會讓你失望。服務更是無可挑剔，我們把平板電腦的手寫筆落在了店裡，服務員竟然跑了一個街區追上來幫我們送還！而且，我們去的時候還看到一隻毛茸茸的可愛小貓在店裡閒晃！這家店絕對是我們花蓮之旅的一大亮點！ 好地方！在花蓮期間去了好幾次！一定要再去吃華夫餅，真的太好吃了，餅皮超厚，配料也很多。華夫餅也能配上食材？這家店的華夫餅就配了。店裡的氣氛超輕鬆愜意，樓上還有沙發和舒適的椅子。飲品也很棒，服務也很好。他們有一面拍立得牆，上面貼滿了來過的人的照片，他們還給我們拍了張照片貼在牆上，好可愛！
1712,途經此間店，便進來點了杯吉瑪莉姆寶貝藝妓，也買了幾包濾掛回家試試。 很有自己風格的小咖啡店，座位真的不多，咖啡不錯喝
1713,"點了一杯黑糖拿鐵和焙茶拿鐵和一份草莓塔
都非常好喝！焙茶完全沒有厚重的粉感，茶香非常濃厚
草莓塔用料非常實在，搭配香草和檸檬皮超級搭
店裡還有兩隻超可愛的貓咪！非常療癒😽 … 老闆人很好，餐點在花蓮咖啡廳來說算是超級平價！環境也很適合聊天、讀書,如果想要安靜一點還有讀書室，大推達克瓦茲！！！一口甜點配一口飲料超級幸福😍 … 貓咪超級黏人🥰🥰 點了一杯西西里和一杯焙茶拿鐵 味道都非常棒！老闆娘也很熱情 …"
1714,"這次點了焦糖海鹽肉桂捲，我不想知道他怎麼做的，我只知道身為一個肉桂捲控，一定會再來很多次🥰

沒有室內空間，旁邊有涼亭可以讓客人小憩一番，享受巷弄內靜謐的氛圍與餐點的美味。 … 雖然貓貓超級可愛，古宅氛圍也非常棒，乾燥花的淡雅的味道也讓人竟下身心靈。

但讓我真正愛上這間店的原因，是終於找到符合我最愛的咖啡味道，果然還是回到家鄉才能找到真愛阿😊 …"
1715,"休假日不確定，
想前往的朋友建議先打電話確認，
同時可以預約肉桂捲。 … 非常溫馨的小店，
佈置很用心，
室內燈光真的會讓人拍到停不下來！ …"
1716,"我頗愛 開心果甜點
今天來吃 冷霜蛋糕 … 花蓮 真的太熱啦
找間咖啡店 坐坐
七星潭 龍宮咖啡 … 店家外貌很有味道，外帶窗口平台有拴著兩隻貓咪，頭家娘看起來很喜歡貓咪；
店內可以看到很多的書刊；
手沖咖啡好喝，各式糕餅，闆娘會詢問客人所喜好的口味，再給予建議。 …"
1717,裡面有感情諮商師和法律咨詢師 咖啡很香，很適合一個人靜靜
1718,"環境乾淨美麗，甜點好吃，服務態度親切❤️花蓮好店～也有可愛的貓 隱身在小巷中的小店，店內座位不多10個以內，進入店內雖然狹小，但有溫馨讓人放鬆的魔力，店內有兩隻貓貓nini跟仔仔，都很親人，在放鬆的環境下享受花蓮的漫步調是絕對要二訪的店！ … 位於巷弄裡的日式復古懷舊甜點店
上次來訪花蓮就一直很想來的甜點店 …"
1719,"檸檬塔超讚 熱拿鐵和檸檬塔超棒，很舒服的地方😌 … 季節果醬生乳酪（水蜜桃）、伯爵奶茶大推！
二推大人味提拉米蘇和蜂蜜肉桂卡布
味道真的很好！甜點不能錯過！ … 超好吃的啦！等待是值得的❤️"
1720,"算是七星潭小區裡滿有特色的一間咖啡廳，環境佈置相當地有海味😂
🌟點了一杯熱拿鐵($150)及熱燕麥奶拿鐵($170)，以及一個經典奶茶布丁佐鹽味焦糖(忘記價格)。價格來說有稍微偏高，咖啡算順口但不會特別有記憶點。布丁覺得普普...但拍照好看😉 … 以外帶咖啡及肉桂捲為特色的一間咖啡店，外帶了兩款肉桂捲吃，一款經典肉桂一款香橙乳酪(剛好買到最後一個so lucky)，都非常好吃！
看他們FB總共有八種口味隨機製作，很多口味都蠻特別，如果想去的朋友們也可以關注一下或詢問店家喔！ 隱身在市區巷弄裡的一間特色咖啡廳，外頭有許多植物圍繞，經過時沒仔細看很容易錯過😂附近不太好停車，建議可停在遠一點的停車場再走過來！
當天很幸運地一進去就有位子(假日約兩點初抵達)，坐在窗前的位子可以邊看外頭街道邊喝咖啡很愜意😍 …"
1721,寧靜清幽的好地方，適合一個人放空、少人老友聚聚。牛奶咖啡奶香濃醇，點了剛剛好奶量略蓋了咖啡味，但順口好喝不膩。溫暖的店家分享了美式一杯，頗令人驚艷，中培的咖啡苦酸適中，表現得剛剛好。 從簡單的美式到層次分明的手沖單品都很講究，各種風味皆備。可麗露推薦加購，外脆內Q。 磅蛋糕濕潤紮實、香氣十足；蘋果派甜而不膩；手沖咖啡風味絕佳，搭配甜點幸福感十足。店貓極可愛、療癒。店外整體被植栽包圍，店內以各種雜貨、書籍、乾燥花、隨性的植栽裝飾，看似複雜卻散發著溫暖的氛圍。雖然是個無論你多麼邊緣，總感覺老闆比你更邊緣，除非必要沒人理你、無需社交的個性咖啡館，但身在其中仍感覺溫暖。適合一個人靜靜喝杯好咖啡、吃塊好甜點的沈澱庇護所。
1722,"店裡有貓咪很可愛😍

是一個中午抵達花蓮走路到這裡混時間的下午 … 來花蓮是為了等check in而來的第一站
小小的店卻裝著很多東西的感覺
很幸運的我們剛好有位置！ …"
1723,"咖啡超便宜，晚上喝飲料聊天的好地方 這是一間老屋內的咖啡店，店裡有兩隻貓咪會自由走動，有時候會跳到桌上，適合喜歡貓咪的人來訪。

這次點了1+1（義式加卡布）的組合，可以透過義式黑咖啡嚐到店裡配方豆的原味，義式咖啡帶有一點微酸與果香，卡布搭上奶泡的口感很綿密，風味均衡有層次。 …"
1724,經過喧囂的馬路，到達滿是鱗片的地磚，推門一進，富饒童趣的漁獲裝飾（筆袋/小物袋），大幅蒲島太郎畫作，認真佈置的洗手間；口感綿密的拿鐵，好吃極的早餐，其中的飛魚卵香腸更是讓家人接連的讚賞，滿盤的生菜佐上適宜濃度的醬汁，讓人感到非常的舒適。 像是喧囂的街道中的一座寧靜小島，室內滿溢著怡人的音樂，一旁慵懶滿塞在窗檯旁大睡特睡的店貓，絲毫不受來來往往的客人影響，讓在店內的時光增添了許多樂趣；咖啡品項風味讓人有「喔」的一聲驚嘆感，甜點更是讓人讚不絕口！
1725,環境裝潢優，但價格貴、份量少，味道卻普通。點餐飲料可折30，但仍要150左右。比較不滿意的是，店員不夠機靈，找錯錢，水杯也沒有補。點了四份餐、兩杯飲料，其中一杯是熱奶茶，給糖粉罐，但沒有另外給湯勺，罐子不是胡椒粉罐那種有小洞洞的，而是一打開就是一個大洞的那種，直接倒很容易失手倒太多，而且這種罐子也比較不衛生，能改進會比較好，畢竟價格也不便宜，感覺細節不太用心。 裝潢氣氛讓人覺得很舒適，可以放鬆心情喝咖啡的好去處，可惜一樓桌位間隔稍嫌擁擠，二樓因為是舊物改造，走路腳步要非常輕，有點小可怕。雖然是主打巧克力的店，但巧克力味道卻很普通。 咖啡、甜點、裝潢、氣氛營造都很有水準，花蓮文青們的愛店。本人非文青，覺得店實在太小，太擁擠了，跟朋友聊天內容，所有人都可以聽得一清二楚，除非是想要跟老闆多聊聊，不然如果是跟朋友聚會聊八卦實在不適合。 服務態度普通，店員不太友善，扣一顆星，但裝潢設計很有巧思，引人會心一笑！餐點和裝潢一比顯得遜色了，但不會不好吃～適合聚會拍照的地方，熱門時段去常常沒有位子的名店喔！
1726,"這裡的威士忌焦糖布丁是我近期吃過最好吃的布丁。

氣氛舒服自在的一間店， … 不確定該怎麼稱呼外門與內門中間的區域，
但絕對是個可愛溫馨又自在的地方哪。 … 就算是好天氣，
也適合窩整個下午的地方。 …"
1727,"💰昭和之心 $150｜昭和阿法卡朵 $160｜熟成檸檬蛋糕 $80
⁡ … 💰無花果乾布朗尼 $105｜肉桂蘋果派 $120｜蜂蜜檸檬茶 $120
⚠️不收服務費
⁡ …"
1728,來到咖啡店林立的成功街上，拜訪這家網路評價很好的手沖咖啡～KŌHI宅(咖啡的日文發音)。 … 位於忠孝街和上海街口的老宅咖啡店～咖啡花。到店時剛開店，只見闆娘將吧台旁的對外窗推開，兩隻店貓立馬竄出透氣！小巧店內滿佈乾燥花與木質傢俱和各類書籍、日雜。 …
1729,"已經二訪了，空間很舒適，很喜歡這裡的咖啡，咖啡香氣柔和、順口（手沖咖啡真的推推），甜點也十分好吃。
在店內看著老闆處理咖啡豆，還有可愛的小貓咪，聽著店內播放的音樂，讓人非常的放鬆，因為在實習期間，在這裡能夠感受到身上的疲勞感被沖刷掉了 開在巷弄間的老宅咖啡廳，店內的氛圍、咖啡的味道☕️☕️、磨咖啡豆的聲音伴隨放鬆的輕音樂🎶，讓一整個禮拜的繁忙，都忘在腦後，將所有的心情沈澱於此，看著店內的手寫文字，更深層的代入自己。
—————————— …"
1730,肉桂捲內用還是使用一次性紙袋裝除了不環保之外也偏普通，但咖啡和肉桂捲價錢都不貴，肉桂捲和拿鐵點下來才180元 店內書籍很棒，有關爬山、朝聖之路、咖啡和植物，如果是一個人來，這邊的書可以看上一個下午都不是問題！店貓很可愛
1731,"燈光好、氣氛佳，重點是咖啡用心、甜點好吃😋，檸檬扎片～用鮮切檸檬配上現磨咖啡粉，佐一口砂糖，咬下，口感超爆炸 … 🤍🤍🤍🤍🤍 … 裡面的陳設很文青，但文青的外表下，對甜點及咖啡還是十分講究的！
滿滿的乾燥花，老屋的復古懷舊氣息環抱下，
品嚐提拉米蘇，口感濕潤好吃、檸檬塔酸甜有味、咖啡順口好喝，容器也讓我覺得十分可愛！ …"
1732,"儘管小小一間，但老闆已盡可能規劃最多的座位，讓消費者不會感到擁擠
選坐吧檯位，還有其他客人的分享杯 … 看球前來到店裡喝咖啡，一杯手沖後，又多追加一杯冰滴
乳酪蛋糕的乳酪近似冰淇淋，相當不錯 …"
1733,"甜點非常美味，
草莓乳酪、蘋果派、提拉米蘇、磅蛋糕
每個都很好吃 … 非常推薦的咖啡廳，有多種手沖豆子可以依個人喜好來選擇，咖啡杯超級可愛，雖然小但是是個讓人很放鬆的好地方！！！ 非常喜歡的這家店店懷舊風格
甜點與咖啡也都非常有水準
而且服務都很親切！（原以為這種風格店員會屬於高冷或有個性的風格）
非常的推！"
1734,"貓貓不能摸 但是他會來主動蹭你
下雨天來此店 覺得最酷的是雨水打在天花板的聲音猶如液體在沸騰 非常療癒 給五顆星都不夠～
環境非常好 所有的擺設跟氣氛
感覺老闆是玩攝影的 … 就算是平日，人潮也不少
店裡走的是日式復古風格，氣氛還行，店裡裝潢乾淨整齊明亮
點了拿鐵，喝起來很普通，還有一份甜點忘記叫啥了，挺好吃的，口感不錯"
1735,"算是難得在花蓮挖到的寶，
價格實惠，空間溫馨，
來的時候是雨天，場景很像宮崎駿的電影。 … 本來想去對面的咖啡花，但因為沒有營業，
聽在地人說是由一對攝影師開設的一家巧克力店及咖啡店，
詢問單品咖啡時也有給予選擇及介紹， … 店員很nice，雖然因適逢連假人多，位子有做調整，但店員超客氣的，又帥，然後鬆餅真的好吃！"
1736,"環境好氣氛佳，老闆手沖咖啡好喝！
這裡除了Menu上的咖啡可以點之外，還可以客製化，直接跟老闆說想要喝怎樣口味的咖啡，老闆就會依照所說的去做。 … 位於花蓮市的一間咖啡甜點店
店裡非常有氣氛
裝潢的讓人想在這久待 …"
1737,"點了冰淇淋跟氣泡果汁 真的還好ㄟ 主要是好貴喔@@ 然後又不成正比 所以讓人覺得cp值不高吧 店裡的貓咪超級無敵可愛 但我覺得我點的東西口味不太喜歡ㄟ 因人而異吧大概！ 鹹蛋黃巴斯克好吃，老闆人很好 超愛甜點 好吃到不行！杏仁脆片塔剛烤出來的時候最好吃 酥酥脆脆的
再來就是磅蛋糕 是後來吃不夠我們才又點了它 沒想到一咬下去 整個伯爵茶香撲鼻而來 而且也是剛烤出來的 好像化在嘴巴裡一樣
配上拿鐵是再適合不過 …"
1738,"路過也會被吸引進來，配方豆遊樂園十分順口，買熟豆回家後自己沖泡也很喜歡！推薦甜點提拉米蘇 日式焦糖布丁$100/cup
冰美式$80 … 在花蓮市區，有間像世外桃源的咖啡廳，可以和朋友吃飯聊天，很棒的地方！
後院還有庭園造景可以看，有雞和兔子，老闆還種了很多多肉植物，很棒的地方。 冰美式$80
費南雪$50 …"
1739,"很適合平日來的小店，整體感覺非常舒服而且不會有壓迫感（假日的話可能就會客滿），沒有時間限制，可以待在這把想看的書看完。抹茶拿鐵就是正常口味比較沒有特色，下次去可以試試看別款咖啡！ 已經三訪了，會想ㄧ去再去的愛店，建議點咖啡系列可以選擇自己喜歡的濃度，喝過焦糖牛奶覺得蠻普通，檸檬塔很夠味蠻酸，底部的餅乾是脆的，靠窗的位置有插頭，可以帶著電腦來這裡坐一下午，整體環境很舒服不會感到壓迫！ 跨年當天再次來訪，店內依舊放著王菲的歌，店裡只有三個客人，很安靜卻不空虛。
店了兩種蛋糕，一個是檸檬塔，另一個是巧克力布朗尼，檸檬塔的餅乾很特別，是其他咖啡店沒吃過的口感，酸度也非常夠；巧克力布朗尼上面加的是帶點鹹味的卡士達，布朗尼本身又有點脆脆的口感，很喜歡！甜點都不會過膩。 … 氣氛很安靜、音樂很推，店內很多日雜可以翻閱，適合待一下午的地方，手沖咖啡是目前花蓮喝過最喜歡的，一定還會再去！"
1740,"很文青的咖啡店，咖啡甜點都不錯，重點是有貓貓店長，整體而言是很棒的！
店內很小，可能需要等待候位！ 環境非常舒適 裝潢也很好看！
咖啡也很好喝～ 很舒適的咖啡廳，咖啡順口，麵包也好吃😋 …"
1741,"食評：咖啡個人覺得很酸，有各式果酸味；應該不是只有咖啡豆下去沖的。但味道很特別就是。檸檬塔超好吃！一端上來，天然的檸檬香氣整個無法擋，還沒吃琺瑯質已經先投降。雖然我不太愛檸檬酸及甜食，但這檸檬塔有讚，外皮是酥酥的抹茶口味，裡面的檸檬乳酪冰冰的很像吃冰淇淋；配在一起吃就是一個絕妙。用料很實在，吃得出用心。 … 食評：咖啡尚可，喝起來沒有果酸味。滿大一杯。茶滿香。
服務：服務生很客氣。
環境：偏吵雜，有點美式又不太美式風，風格有點混雜。 …"
1742,"實至名歸 來花蓮一定要來吃吃看 就算花一整天也很值得的地方～

2021 更新
提拉米蘇 草莓塔 肉桂捲也都好好吃 喜歡的地方
肉桂捲和蛋白霜都很好吃"
1743,"人氣滿滿的老屋咖啡 一開始沒多做功課
沒想到營業時間未到 外面就已經有一群人等候
很幸運的趕上第一批進店窺探的客人 … 戶外座位only! 整體感受很讚
但夏天來要先做好心裡準備 btw,有蚊子🦟 …"
1744,"花蓮最愛的甜點店❤️❤️❤️吃不膩！空間及佈置都常常變化，無敵喜歡👏🏻咖啡也很好喝😍也很喜歡老闆娘，是位可愛的才女😘 … 咖啡好喝👍🏻蛋糕也好吃 … 天啊天啊❤️❤️❤️這個塔也太好吃了吧！多種口感，果凍搭配裡面的餡料酸甜好喜歡✨上面還有金箔😍
喜歡昭和之心泡芙皮脆脆的！配著拿鐵好喜歡啊👏🏻 …"
1745,"店裡很安靜，很復古的老宅咖啡店，有可愛店貓出現
今天跟家人來花蓮旅遊，有空閒時間來嘗試
點了肯亞錫卡手沖跟茶香蘋果磅蛋糕很不錯👍 … 非常棒的精品咖啡，老闆人也特別好，對咖啡很了解，會耐心講解 :)"
1746,"人太多就會顯得有點擁擠，
店貓超可愛，會來回經過桌子！
特調的xxx花 （名字完全忘記）很不錯！ … 貓杯很可愛！貓也可愛！
熱美式就很好喝～ 有貓就給讚👍 …"
1747,"環境舒適，店裡充斥著滿滿的乾燥花香，還有兩隻超可愛的店貓～～抹茶捲爽口又綿密，楓糖那堤，香甜滑順好好喝～

。又來二訪 老宅咖啡廳，環境超棒又舒適～"
1748,"全白裝潢完全是我的菜❤️
老闆娘們親切又漂亮
甜點耶蠻好吃的～
喜歡他們的檸檬塔👍🏻 … 氛圍很溫暖的店
還有兩隻可愛的店貓❤️
前年跨年去的 …"
1749,晚上去外帶甜點，巴斯克奶味(or蛋味)明顯，不過是好吃的，布朗尼烤的很好吃，外面有酥，裡面有堅果和有酒味的水果，好吃！大推！兩隻貓貓都很可愛~~~ 貓貓非常可愛不怕人，可以摸，甜點好吃~ 手沖豆子選擇很多，應該都可以找到喜歡的，不限時間，可以坐下來舒服的休息喝咖啡！
1750,和網路評價的一樣，手沖單品跟檸檬塔真的很不錯，檸檬塔是塔皮很薄，檸檬奶黃餡很細緻溫柔的那種口味，吃到有種的幸福感，記得防疫期間貓貓不可以摸喔！！ 花蓮鯨豚主題咖啡館，牆上有手繪等比的鯨豚插畫，手工烘培的咖啡豆與手工點心，店面雖然小小的，但是充滿人味，值得細細品嚐！
1751,"日式木造老宅非常棒，可以在這裡享受音樂、放鬆愜意的感覺
單品咖啡相當不錯，焙茶拿鐵水準也不賴
重點是有著會到處串門子，跳到桌上巡迴跟客人互動的店貓 … 老闆是一位非常重視出杯品質的咖啡人與烘豆師，店內陳設簡單不花俏，但很乾淨明亮，客人離開後桌面的清潔與消毒一如對出杯品質的重視，是一位非常用心經營的咖啡人。第一次光臨，覺得很舒服，推"
1752,"裝潢有夜店裡喝咖啡的感覺 第一次到訪 嘗試店家強力推薦的cold brew 是加了啤酒花跟咖啡一起烘焙的冷萃咖啡 味道中肯不帶酸也沒有苦韻 很特別的作法 只不過嘴笨的我也喝不出啤酒花是啥味道 巴斯克乳酪奶味香濃卻不是我的愛 口感算棉 單價算高的花蓮咖啡 有預算的話值得一試 哥倫比亞聖荷西酒桶發酵 乾淨俐落的味道可惜層次分明的感受並不明顯 甜點選擇無花果布朗尼反而更驚豔 濃郁口感偏濕潤巧克力搭配微酸的無花果無違和 來了幾次 咖啡細膩度呈現總沒讓人失望 哥倫比亞威士忌酒桶 香氣層次口中久久不散 店內面積不大 充滿小細節完全感受咖啡的專業度 不同做法的豆子搭配不一樣的磨豆機 咖啡豆烘焙的分類也明確表示 讓客人清楚方便的選擇

座位兩個 似乎搶到位置就有內用的可能 搭配花蓮有名茶菓的銅鑼燒甜點 一切都剛剛好 … 美式咖啡雖微酸但好入口 檸檬乳酪肉桂捲是自己喜愛的麵包體 肉桂本體不濃郁 中規中矩 尺寸好大 花蓮市區難得的好甜點 喜歡栗子塔內餡層次分明 栗子泥不甜 一定要試試
圖片的昭和之心 會喜歡就是喜歡 好好找個停車位 位於美崙某個角落的山坡路旁 在一整排舊小鐵皮屋中一間簡單外型的小房子裡別有洞天 不意外的文青風格 講究的餐具氛圍 咖啡豆挑選中深焙 可惜是味道有點無聊 太熱的杯子燙手端不起來 驚艷是培茶戚風蛋糕居然會有台北時常在這裡的水平 清爽鮮奶油淡淡培茶味 蛋糕體柔嫩即化的口感 實屬難得～尤其是在花蓮啊😚 …"
1753,陸陸續續來了3次，舒服的環境，貼心的老闆（會特別詢問咖啡的喜好）抹茶拿鐵好喝，熱巧克力順口，咖啡冰沙很夠味（只是小高一不曉得會不會睡不著），但今天的鬆餅感覺不突出，吃不到什麼的感覺，如果有去台中，木門咖啡館的鬆餅特推。 漂亮的小店，甜點非常好吃，有兩隻可愛的貓咪，但座位擁擠是美中不足的地方。 甜點咖啡品質與價錢不符，不會想再去 不大的店，進去之後最吸引目光的是兩隻懶散的店貓，接下來是7080年代的西洋歌曲，看似凌亂的老闆工作臺。檸檬派的酸味極佳，配咖啡超級搭。 一家溫馨的咖啡店，精品咖啡豆是闆爸自己烘的，能清楚喝出咖啡的特色。甜點是檸檬塔，超推。來這裡可以請老闆娘推薦咖啡喔！每一杯咖啡，同行的都能喝到分享杯，超棒。 咖啡是好喝的，甜點也好吃
1754,咖啡真的好喝，甜點也很好吃～店貓超級可愛 原本想要內用體驗老宅庭院氛圍，不過那天下大雨無法在庭院用餐。只好外帶兩杯咖啡，咖啡好喝香濃。期待下回花蓮行能內用～
1755,是一間可愛溫馨的小店，無法提前預約，喜歡她的提拉米蘇跟蜂蜜拿鐵！店裡有非常多的咖啡種類，礙於自己非咖啡愛好者就不多做評論了，但整體很喜歡店裡的氛圍，唯一可惜的就是沒遇到可愛的貓貓 店面裝潢用心，有一種置身日本的錯覺，這次前來點了一份看起來像招牌的昭和之心跟金沙巧克力蛋糕，個人覺得吃起來口感不算˙太特別好像在哪裡有吃過，但價格不會算太貴，如果是氣氛加蛋糕擺盤想懷念一下日式甜點店可以來唷
1756,店內布置的很不錯 不過位置很少哦 有兩隻店貓的樣子 很親人 超可愛！ 早午餐份量多又好吃 還有寬闊的半戶外座位區 用餐環境很舒適 這間的豆子很讚！手沖咖啡點冰的還會用冰酒壺，非常好喝，店內環境也很漂亮，還可以看到火車經過，非常推薦！ 店內環境乾淨明亮，座位的安排適當，整體用餐感受非常棒。裝潢的部分，現在很多咖啡廳都是老屋風格，說實話看的有點膩，每間都長的差不多，而這間真的讓人有耳目一新的感覺！店內裝潢極簡風格但不失設計感，有非常棒的軟裝點綴，門口的樹是最大亮點，非常加分。餐點飲品的部份，這次分別點了兩支豆子手沖，風味口感都不錯；生吐司也很好吃，不過抹茶抹醬稍微偏甜，如果再帶一點苦味應該會更好；中式餐點點了油蔥雞腿飯，雞肉油香軟嫩，配菜的調味很像好吃的便當菜，整體上蠻好吃的。總結來說，是個人感到非常驚艷的一間咖啡廳，好拍、好吃、舒適，店員服務也很親切，以後再遊花蓮一定會再回訪，推薦大家！
1757,Hostel推薦的咖啡店，有兩隻店貓，很多木頭家具，屋頂掛滿乾燥花，店面空間雖然不大，但承載了很多歲月，是一個很用心沖咖啡、做甜點、照顧空間、照顧人與貓的空間。 可可愛愛😄 …
1758,"二訪還是好吃又好喝，蔗香靛青👍🏻，布朗尼有淡淡的酒香，草莓塔也好好吃⋯下次還要再來🥺 … 假日會需要等上一段時間，內用限時90分鐘，若登記候位一定要站在外面等不能離開喔！
甜點和冰抹茶原本害怕會很死甜，不過意外的清爽，以個人口味覺得剛剛好👀 …"
1759,移民來這裡10年了，第一次給朋友請到這間老字號。非常驚奇！不管環境還是美食。都很好~ 非常非常非常的普通，但是老闆上餐會介紹的非常神！然後就一堆人去聞風朝聖按讚！進去還要預約，沒預約進不去，台灣人的習性就是如此。搞得越神秘、花費越高的，吃起來就有種假象，好像有這麼一回事。其實，以我美食家的嘴來批評，非常普通。好像沒見過甜點是什麼....
1760,"貓咪店員很認真，愛撒嬌 😆
咖啡。甜點。肉桂卷都推薦 … 可愛店貓*2，咖啡好喝，甜點生意好好"
1761,"空間小小的 但很有氣氛
店裡有貓咪會走來走去 所以開關門要小心
甜點很特別好吃 ♡ /低消每人一杯飲品

簡單舒適的環境 …"
1762,最近很喜歡深夜咖啡廳，這間是放鬆放空的好地方。 可愛的貓咪咖啡廳，蛋糕非常好吃！
1763,"馬卡龍真的很好吃，但是要看老闆什麼時候做才有QQ
很cill的地方，餓了點外賣也ok
不確定要喝什麼酒也有口感介紹，茶可以回沖，鬆餅好吃，總之 … 咖啡有太多選擇，所以選擇障礙的我就挑店內特調。
檸檬塔不會過甜，帶有檸檬清香；大人的提拉米蘇有濃濃酒味，口感綿綿加上杏仁片香氣融合恰當。"
1764,要去黎明紅茶的路上被這家店吸引，店裡非常舒適也很可愛，讓人很放鬆🧡 … 好愛這家小店喔，一進門店員笑臉迎人，看到我與孩子大包小包馬上前來幫忙，熱心介紹巧克力及成份，真心推薦適合的選項給孩子，我們待了一下午也沒有趕人，舒服的用餐經驗!!期待下次再訪 ^____^
1765,"可愛店貓，親人悠閒
適合安靜的氛圍☺️
魯冰花配方，清爽微果酸，做拿鐵也好好喝 提拉米蘇好吃 酒味不衝鼻
可惜的是布丁賣完了🍮😤
冷冷的天、熱手沖很治癒人心
巷子裡的咖啡店☕️ …"
1766,"服務態度比預期冷淡
但是內外環境看得出用心
仍然給予極高評價 我非常喜歡這家的裝潢與氣氛"
1767,"紅茶奶奶甜度跟奶香味剛剛好
香草布朗尼超好吃👍
貓咪親人
用餐環境舒服😌 … 餐點以西式為主，價位不高，水準還不錯，首先是找餐廳的位置就一直沒看到招牌，其餘還有一些驚奇的地方，就等你自行體驗。剛好是週末用餐，餐廳還會安排魔術師到每桌作表演"
1768,"不知道為什麼我居然沒有評論到
好吃好吃最好吃
老闆有時候會偷懶必須嚴厲斥責🥹 … 只要在花蓮不是在kohi就是在往kohi的路上
我不拍食物，好吃的東西要趕快吃，貓可以慢慢拍 好喝的咖啡 老房子"
1769,一樓是咖啡廳，二樓是青年旅館。有好吃的巧克力salami，內部裝潢簡單但有風格，非常舒適的空間~ 小巧可愛的老空間，位置不多但還算舒適，佈置上到處可以看到老闆的小巧思~
1770,"漂亮的老屋建築
14:00一開門馬上客滿！
杯子竟然用廣田硝子（稱讚） … 溫馨的小店，很多乾燥花，天井光灑進來超級愜意，還有可愛的貓咪、日系的選書、實惠的價格，最後～栗子味增磅蛋糕超級好吃必點！！！ 非常舒適的空間
每桌間隔很遠
店員親切招呼
焙茶布丁濃郁好吃"
1771,"老闆很親切
肉桂捲很好吃
店的氛圍很棒令人放鬆🙂 … 店內的氛圍實在太夢幻了
布丁好吃 貓咪可愛 滿分 ♥️ 貓咪親切得不得了
開門會喵一聲
還會睡在背包上不給人回家 … 美女店員人好Nice
狗狗可愛"
1772,店內的貓咪很可愛，整體營造出來的風格，很適合座落在花蓮街頭 很有古味的甜點店，每個甜點都無懈可擊的好吃，雖然價位不算便宜，但真的很值得來一嚐味道。下次再來花蓮，會想把沒吃過的品項再掃一次 在花蓮晚上想喝咖啡，那就是這裡了 很有藝術感的咖啡店，至於店名為啥叫龍宮，自己走一遭問店員就知道囉
1773,選出一縣市一咖啡店，花蓮的代表店就是珈啡花了。我的最愛，推薦給大家們❤ 第二次來，上一次好幾年了！全音域喇叭厚聲很耐聽～魯邦麵包口感鬆軟酥脆，沾醬和迷迭香橄欖油香味撲鼻。布丁紮實柔軟到想要一次一口吃下去！咖啡有聞香瓶，挑一支喜歡的，細細品嚐。
1774,"讓人很難放鬆的店 就像LadyM一樣
無法讓人放心在店裡來個華麗轉身 可以和貓貓共度下午的咖啡廳，
提拉米蘇是大人口味～ … 如果要和朋友相約這裡絕對沒問題 環境舒服 每次都快在打烊時候來喝一杯拿鐵 花蓮現在好多特色的餐廳和咖啡館 有時候週末要去竟然都客滿 所以更喜歡平日人比較少的清靜時光 這間位在七星潭附近的龍宮咖啡廳 完全不懂咖啡 也不常喝咖啡的我 但在闆娘詳細的介紹與建議之下 我點了翡冷翠 讓我喜歡上了咖啡 和 這裡 店裡的裝飾都是復古經典 這趟花蓮旅行 很滿意 因為波提娜麗而圓滿 環境很舒適"
1775,跑店是我們的最愛的活動之一跟著朋友跑咖啡廳，這間甜點味道很普通，雖然是口味因人而異希望下次再去時能有新亮點 走進這間小店前被建築的外觀吸引，印入眼簾的是很有味道的老房子，裡面有貓相當可愛，咖啡水味較重但還算順口，室內充滿乾糙花的香味，粉絲專頁上說將會休息一個月，期待下次再來訪的體驗
1776,"點心不會很甜，蠻精緻 第一次去，覺得咖啡跟點心都很好吃

無花果乳酪蛋糕吃起來口味很獨特 …"
1777,"喜歡到不能再喜歡的店❤️
咖啡好喝
季節甜點跟老班底都想再+1 … 喜歡這裡的早午餐！"
1778,走進就愛上的店 甜點飲品都太讚了 來的時候剛好是晚上 非常棒的氛圍 還好來了 不期而遇的咖啡店 檸檬塔酸甜好吃 咖啡combo 1+1也是好喝的要命 可以舒服待上一整天😆 …
1779,"小小店面很溫馨 小小店長很可愛🤗
咖啡很順口好喝 來花蓮玩會想來順道支持一下 … 是我此生吃過最好吃的檸檬塔⋯咖啡也表現的很出色！
有貓有書⋯有平靜 肉桂捲好吃！☕️🐱👍🏻 … 西西里真的超好喝！"
1780,"花蓮少數有餐點而且晚上也有營業的咖啡店
下班後來這裡好好吃一頓餐點
然後邊喝飲料邊放空
很喜歡❤️ 磅蛋糕和布朗尼都是我喜歡的 偏濕潤的口感
可可也很香醇😍 …"
1781,"店員很親切的介紹餐點，餐點很好吃，店內裝潢也很棒，推推 貓很可愛
店很有自己的風格特色
待起來很舒服♥︎"
1782,"蒙布朗不會太甜好吃，很精緻的甜點，咖啡拉花也不錯！日式裝潢的咖啡廳👍 … 咖啡好喝，有多種飲品，室內空間大！ 環境清幽～ 買咖啡包老闆還教怎麼沖！
餐點用料實在，麵疙瘩和豬腳飯好好吃😋餐後還有老闆手沖的美式咖啡喝！還有水果和甜點！
店家在小巷子裡，空間大，走過路過不要錯過！ … 水果生乳酪蛋糕好吃擺盤很美，菜單會寫當天換哪種水果，拿鐵拉花也很專業，一個復古溫馨的咖啡店 店裡生意很好，建議訂位！
蠻喜歡店內牆上擺放很多鹿角蕨和一些觀葉植物，加上兩位型男咖啡師，覺得療癒😍
套餐有附國寶茶，還可以回沖很棒！ … 拉花好美，焦糖蘋果派好好吃，有特色的小店！"
1783,超推！刺蔥巧克力非常推薦，是老闆自行研發的口味，手工巧克力也都是用花蓮當地的材料，每個細節都有故事，可以和老闆聊聊，但絕對值得，推薦布朗尼和馬告白巧克力，布朗尼絕對是目前吃過的前段班，點了熱巧克力老闆還貼心的幫我們分兩倍，連攪拌棒都是他們自己做的，店內也隨處可以看到用心，大推 … 小小一間咖啡店，店內很有特色，讓人感到很放鬆，手沖咖啡老闆還貼心準備了分享杯，兩個人都能喝到，手沖很出色，拿鐵的話倒是沒有特別的心得，店內還有些書，也有wifi
1784,"店員很親切
只有外帶目前不能點1+1有點小可惜
點了冰卡布 … 外帶乳酪蛋糕
蛋糕體感覺鮮奶油比例比較高
店家有告知融化比較快 …"
1785,建議還是要提前訂位位置不多，有店貓2-3隻可以互動 店貓很好嚕 金桔咖啡、焦糖肉桂捲值得推薦的組合 環境乾淨整潔，碰巧有二隻店貓黑糖跟白糖貴粿可以陪喝咖啡，拿鐵咖啡也好喝，距離花蓮火車站不遠走路即可到達
1786,"咖啡很香 拿鐵濃醇 具DIY趣味 貓很可愛 餐點很不錯 照燒豬肉帕尼尼好吃♡ 小店面很有氣氛，咖啡很香
11月只營業到18:30哦"
1787,"最好吃肉桂捲！
捲本體不是軟爛濕潤路線
是有嚼勁 濕潤適中 但又不會難咬 … 老闆很熱情介紹咖啡
無時間限制，有幾桌有插座可使用
店內有兩隻貓貓 店內溫馨舒適
貓咪可愛
提拉米蘇酒味濃"
1788,這店超乎意料的優秀 想要每天都來跟姊姊還有貓貓見面
1789,"裝潢比食物厲害一些 離花蓮火車站走路5分鐘，室內裝潢樸實隨意乍看有點像家庭簡餐店，但自製誠意表現在自家烘焙與販售咖啡豆，以單品咖啡為強項。

還有自由活動的店貓目前剩一隻虎斑Miu Miu，自由出入也會自己回家。不算親人但也不怕生，就是一臉愛睏厭世臉任我靠近與摸摸。 … 貓咪可愛~咖啡很棒
但位置不多適合一兩個人去 有貓的好咖啡"
1790,佈置很舒適，飲料類很好喝，餐點跟飲料比起來遜色很多。整體氣氛喜歡，會常來(但價格稍貴 空間不大，佈置很美，環境很舒適！生乳酪塔搭配柚子（超好吃）
1791,"有兩隻超可愛的店貓貓直接先給五顆星！
甜點也超級好吃（忘記叫味噌什麼的 榴蓮巴斯克有夠好吃！ 隱藏在巷弄間的咖啡館！！差點找到迷路…
對於老宅改裝潢的咖啡廳無法自拔，愛到不行！
焙茶布丁也好吃到翻掉🥰 …"
1792,很別緻的一家咖啡廳，店內的裝潢、氛圍很舒適，餐點的價格由客人自行決定，店家服務態度親切，適合假日來度過休閒時光。 下午來訪，怕睡不著所以點了水果茶，水果茶甜度剛好搭配鯨魚友善環境，是個愛大自然的人來會愛上的咖啡廳！ 咖啡跟甜點都好喜歡，還有兩隻可愛的貓咪! 環境超棒，很喜歡木製的建築，有種復古的感覺，外面還布滿植物，有種走進秘境的錯覺，逛累了可以來這邊休息片刻，一定會再訪。 店內位置不多，但空間很舒適，店裡還有一隻可愛柯基會陪著你玩，司康算是大顆而且不油膩，口味很多種，內用加熱之後口感更酥脆，可自己選擇沾醬搭配！是很棒的下午茶選擇!
1793,甜點好吃!!價位也不算太高環境也舒適，推推的店~ 甜點很好吃，店面雖然不大但有許多用心的佈置看起來很溫馨
1794,"這次點小白！咖啡味濃郁十足
座落在轉彎的街弄裡，喜歡👍🏻 … 咖啡好喝、貓咪可愛～推薦愛喝咖啡跟愛貓的朋友"
1795,很用心的小店，手工巧克力有一定水準。最喜歡小米酒巧克力，頗具特色；窗花造型的伯爵茶巧克力也讓人驚艷。 乾燥花充滿整個空間，座位略顯擁擠但氣氛舒適，店內有貓。塔皮太甜，食器可愛。
1796,"太喜歡這裡了 20221116
謝謝闆娘提供蠟燭
下次再悠閒的來喝咖啡吃甜點 米拉蘇太太太好喝了~有草莓香氣的豆子 龍眼柿子生乳酪 非常好吃!!!!
整間店也美的沒話說"
1797,好棒的咖啡廳！真的很舒服，很適合下午自己去看書或是跟一兩位朋友去那邊喝咖啡聊天，而且貓貓超可愛，門口有一隻藍色眼睛的貓貓，會給摸但是不親人，裡面黑色的貓貓就很可愛了，一進門就來迎接客人！而且每一組都迎接，大家坐好之後還會不定時去各桌討摸摸，真的太可愛啦！ … 真的有如其名，很老宅，讓人覺得很親切、很像在家的感覺。貓很可愛，會給摸也會撒嬌~
1798,店內2隻貓咪好可愛，寵物友善，要放寵物袋。咖啡太好喝。 花蓮街角老屋咖啡館，不仔細找很容易錯過，咖啡很好喝，店內有2隻貓，所以狗狗入內有點危險。
1799,健談的老闆娘與大尾的貓 超棒的 有可愛的貓 活潑可愛的貓、嫻靜舒適的氛圍、好喝的咖啡與誘人的甜點，完美。
1800,"關於咖啡☕️舒服自在的地方 咖啡日常。每次到花蓮都想來的地方
可愛的人和可愛的貓，還有美麗的花朵"
1801,肉桂捲好吃 手工甜點、手沖咖啡味道都很棒，配上一隻可愛貓貓
1802,"對面花咖啡很有名，但這個不遑多讓。二樓空間很開闊，甜點非常好吃！是個可以工作休息，享受一個寧靜午後的地方！
The flower cafe shop across the street is quite famous. But the dessert and truffles of this cafe is also pretty awesome. Second floor has more space to use laptop and enjoy ur afternoon tea! Would say it's a nice cafe to pay a visit! 一間文青花蓮咖啡店店。小小的，稍微壅擠，有二樓位置，但假期可能會客滿喔！"
1803,"在店內很舒服也很放鬆
真的大大推薦
貓咪很親人，飲品跟點心就自己來探索
點心真的很好吃 貓咪實在是太可愛了
適合放鬆的好地方 環境空間寬敞，很舒適，裝潢還蠻喜歡的"
1804,超級有老舊日本風的一家店，甜點很好吃，用料實在，飲料很好喝 甜點有特色，咖啡品質很好
1805,"檸檬塔真的很棒 不管是餅皮還是內餡都十分完美 也有2種尺寸可以選擇 對於學生來說 是負擔的起的消費 手沖咖啡的品質也很好 老闆也很親切
店內環境也給人放鬆的感覺 適合閱讀、做報告等活動 甜點真的好好吃印象深刻
還有可愛的貓貓融合你的心"
1806,"必點焦糖海鹽磅蛋糕，在這種環境喝咖啡超桑超悠閒，但怕蚊子的要小心 咖啡好喝，有兩隻可愛貓咪
適合安靜看書的地方"
1807,好粗好好粗 甜點一級棒棒，110_150元，飲料普普，低消150或一杯飲料 親子極為友善 布丁超好吃 點心很好吃，配茶很棒。 跟5年前一樣好吃，燉飯和義大利麵的起司非常濃郁，怕膩的朋友多注意，大推麻糬鬆餅，平均消費約300。
1808,安靜舒適，冷天來一杯濃濃經典巧克力配布朗尼，絕配，不膩口 有魔法的老屋，肉桂捲、草莓派、咖啡，令人充滿幸福的感覺～值得推薦
1809,氣氛裝潢很棒，老闆很親切，貓也很可愛 貓超級可愛，可是會把你的鞋當貓抓板來抓，鞋差點被抓爆== 空間實在太小，人又蠻多的，不太舒服
1810,燉飯份量多且附飲料，cp值高 氣氛悠閒，檸檬塔好吃 二樓沙發區很舒服，就算是下雨天，也幾乎客滿
1811,咖啡味道很棒，布朗尼帶著堅果香好吃！！！ 咖啡&氣氛都相當好呢～
1812,喝咖啡  擼貓  聊天的好地方 好喝的飲料還有可愛的貓咪
1813,過年初次次拜訪，店裡佈置的非常舒服，兩隻貓咪也很可愛。單品咖啡很好喝，很有層次感及尾韻，甜點擺盤很精緻，也很好吃。 淺焙拿鐵有果香味，很順口好喝！
1814,手作巧克力融合當地食材很有特色，老房子改建的店面很舒適。 昭和之心很酥脆；抹茶商品味道濃郁，要早點來以免向隅 甜點滿好吃的（要挑品項），有很舒適的午茶空間。
1815,"在這裡弄丟了我的小包，店員很親切且細心的幫我保管
真的大感謝！！！！店有貓貓超級可愛 一個人也可以坐在裡面好好深思或者做事的地方！空間很舒適！ 好吃的抹茶冰淇淋！下一次想吃其他的！
服務跟氣氛都很讚！！！"
1816,早午餐有做修正，輕食有飽足感，甜點也值得一吃 咖啡和拿鐵皆是上品，甜點戚風也是恰到好處 鯨魚的咖啡屋，值得品味 螞蟻人的落腳處 咖啡不錯，餐點美味好看 黑膠、和洋折衷、甜點，夫復何求 好多貓貓和咖啡
1817,好喝的咖啡，看著店裡的乾燥花，很有氣氛情調 很安靜的咖啡店，離車站近，有店貓
1818,風景美，餐點要等蠻久的 氣氛好 讚👍🏻 …
1819,溫馨的小咖啡店，有許多懷舊的物品。窗外的街景很悠閒，店裡的氣氛很輕鬆。飲品有咖啡還有茶，巧克力飲也不錯。空間狹小，所以顧客和主人的距離很近，沒有隔閡。女主人會照顧到顧客的需要，很暖心。沒有背景音樂，但是一定會聽到其他顧客聊天的話語，或是女老闆與熟客開懷閒聊的對話，所以不是安靜取向的咖啡館。坐在窗邊看書，會有氣質加50分的效果。 細細品味巧克力的好地方！老房子很有復古的味道，裝潢簡單樸實，店員親切。補充:要巧克力的，來這家。要咖啡的，去choco斜對面的咖啡花。兩者各有擅長，不要喝錯了。 店面小，位子不多，裡頭有一面牆都是店主的藏書，讓店裡看來很有文青氣息。藏書主題是咖啡、甜點和翻譯小說。老闆是年輕人，所以播放的音樂比較快節奏。咖啡的味道不太適合我。
1820,"一而再再而三的再訪❤️‍🔥❤️‍🔥愛店 … 二訪 還是很愛 咖啡屬於偏酸的豆 ～
糖檸檬汽水很讚！"
1821,蛋糕好吃 貓很可愛 肉桂捲好吃
1822,花蓮唯一的專賣店，口味獨特 各種巧克力的風味會讓你驚豔的，而且他們最近推出在地食材與巧克力的組合，讓我一入口不禁嘴角上揚。再來味道強烈而鮮明的單品巧克力更是有打到我的味蕾 巷弄中的日式老屋 乾燥花 貓咪 選用日本京都森半抹茶好吃抹茶捲 好值得一來啊 店內有2隻可愛的貓咪 個性還不錯 可以摸牠 不過開門的時候可要小心 牠們可是隨時都想出去玩的唷XD 漫步老街中的咖啡韻律，這間原本已經收起來的美琪洗衣店，半寓咖啡重新給它新生命，這次美琪洗衣店它飄散的不是衣物洗滌後的氣味  而是讓半寓咖啡重新詮釋新的生活態度 #本地指南 #Google地圖 超可愛 他的位置就在溝仔尾的明義街與成功街口的三角窗，非常的明顯，外面還有一個外帶咖啡的窗口，店內環境的雖然感覺簡單，但是它的氛圍還蠻不錯的
1823,"環境:✰優雅，乾淨
餐點:✰好吃，cp值高
飲品:✰能調配適合自己的咖啡 … 2年前原本要用餐，適逢周二廚師休假，只能喝羊奶咖啡，可無限續杯喔。（附贈的餅乾很好吃😋）
111、8、4第二次來，點了德國豬腳及羊膝燉飯，兩道套餐都做得很夠水準，員工服務也很親切是值得再訪的餐廳，假期一定要提早訂位，生意很好。（現在羊奶咖啡不能再免費續杯了） … 餐點好吃 氣氛佳 服務人員態度很棒～ 荔枝塔很特別、美味140元，單品咖啡還可以，二隻貓很療癒。 蛋糕跟咖啡份量都很少喔"
1824,"咖啡店的氛圍很棒，很適合安靜在這邊看書
店貓兩隻都超可愛 … 肉桂捲蠻好吃的"
1825,"調酒清爽 甜點出乎意料好吃 店員人很好，可以和他聊天，提醒一下它在二樓喔~ 手沖咖啡很有層次
有白蘭地味道的拿鐵有驚艷！"
1826,文青為文青開的微型咖啡店，一間街角的淺色木屋，內裏卻生氣盎然，乾燥的花束、花圈纏繞在每個角落，幾隻慵懶的貓隨意走動，老物件擺放的恰到好處，讓小小幾坪的小屋充滿日式的生趣。 … 濃厚的日式懷舊甜點小舖，每份甜點皆悉心手作，伴隨著嘶沙的黑膠唱片，太容易就被拉回美好的50年代。
1827,"打開門後發現客人們都很安靜，
禮貌詢問是否有位置以及該在哪等，
店很溫暖很美，也知道老闆可能也忙， … 老闆親切，咖啡雖偏小杯但不錯，
以後去花蓮會再去的 非常喜歡這樣的空間，再去花蓮必去！"
1828,咖啡好喝，喵喵可愛🐱 … 環境舒適
1829,"咖啡讚老闆娘跟店員都好溫柔💗💗💗
布丁很好吃！！必點！！ … 氣氛、咖啡、蛋糕甜點、裝潢擺設都很～棒～(⁎⁍̴̛ᴗ⁍̴̛⁎)而且兩隻貓咪非常可愛，老闆娘人也很好喲"
1830,「巴西人」非常好喝，好喝到可以連喝兩杯，個人偏愛無糖版本♡（原版有加糖～） 想念貓貓，咖啡好喝，小店好待👍 … 喜歡店裡許多貼心優雅的小細節♡♡♡包含飲品跟器皿：）喜歡手沖的話也推薦掛耳包噢！（買回家享用掛耳包意外非常驚艷！！！） 庭園美，咖啡好喝，陶杯很迷人👍 …
1831,最愛黑糖鮮奶茶，上面烤的黑糖非常香，蛋糕水準都有到，一次都會點兩種口味，只吃一個不過癮，店員態度真的很親切，回訪好幾次了 戴口罩其實還是看得到臉部表情，蛋糕跟飲品是四顆星，一顆星是給態度，周遭很多咖啡店選擇，其他店的蛋糕也很厲害，不是非來這家店不可，下次不會想再回訪。
1832,服務人員熱心友善，餐點優，可惜桌子略小。 咖啡種類多，甜點製作細心且特別
1833,優雅 看門狗給100分
1834,"在某天剛開門營業時點了肉桂捲跟咖啡，送來的是邊緣焦掉（不能吃的焦硬程度）的肉桂捲～
店員不知為何也十分不親切...
雖然喜歡這間店，但是暫時不想再進去。 老屋整理的手作巧克力店，十分用心的店家！"
1835,"店員人都很好，我一臉手足無措的站在餐具區前面，店員立刻猜到我是找不到杯子😆
飲料很優！伯爵茶奶酪上面應該是灑了堅果粒，降低了甜膩感，搭配起來很讚。有機會會二訪，下次想吃吃看鹹食～ … 好喜歡店裡的氛圍！下次還會來的"
1836,"很有個性的咖啡還有店家，甜點也沒有馬虎。店內也提供可以外帶的豆子，也有單包的耳掛式咖啡，可以分享給朋友。 值得特意繞進七星潭小漁村的龍宮
咖啡很好喝而且很值得（那都是double espresso 的重本啊啊啊）
如果那天要跑店喝上好幾杯的話也可以調整為單一shot … 很舒服的店，甜點咖啡也很有誠意，感覺的到老闆的用心。店裡的貓太可愛了。 自在 好咖啡"
1837,"身為超級貓奴所以位置被佔據，沒拍食物只拍貓咪也是合情合理的吧⋯⋯❤️食物還不錯，裝潢風格和整體陳設都不錯，重點是貓咪很可愛，擼貓擼了至少半個小時 蛋糕價格超級親民
咖啡也不錯
是小店 …"
1838,環境不錯，適合放空的地方 咖啡香濃，甜點好吃
1839,簡單 平實 很棒的氛圍 很舒適的一小轉角咖啡店！有慵懶的貓、好吃的蛋糕、溫順的咖啡！喜歡乾燥花的一定會愛 很放鬆 有貓溫馴。手沖咖啡好喝、每日甜點（牛奶糖乳酪蛋糕）非常好吃，杯杯盤盤也很講究，大推。
1840,"Nishili 的珍珠奶茶好喝極了！有一隻可愛的貓咪🐱

Nishili 的珍珠奶茶味道很特別！有一隻可愛的貓咪🐱 … 有超級可愛的貓咪！食物也很好吃👍🏼 …"
1841,"遊樂園非常好喝
檸檬塔也好吃 連續吃了兩天的小早餐
吃得出來食材的用心 跟料理的講究
很想要每天都待在龍宮....
店內也非常舒適！書多到看不完 意外經過被吸進去😍😍
店內很多古董很喜歡！
很放鬆的咖啡廳～～聽著黑膠也很享受
謝謝老闆 …"
1842,"餐點超級久
咖啡普普
但vibe不錯  適合裝逼 … 提拉米蘇很讚
微酒精系列推推"
1843,"焦糖香草布丁 $60
蜜香紅茶戚風 $120
小山園焙茶牛奶 $120 … 小巧溫暖的地方，有貓咪 鐵觀音布丁。
焙茶布丁。
冰檸檬美式。 …"
1844,"咖啡非常好喝，甜點非常美味，環境佈置有巧思。三不五時就想拜訪的用心店家。 像是日本老派的咖啡店，氛圍舒服。咖啡好喝，老闆咖啡知識專業👍 … 看似平凡的鬆餅，咬下去才知道不該以貌取餅😆
咬下去口感是脆香，鬆餅本體不像一般是厚重乾的蛋糕體，恰到好處的濕潤與輕盈，順口到一口接著一口。
抹上一口現打奶油，香而不膩。 …"
1845,手沖咖啡很淡沒味道/店員態度很跩問個咖啡也不行/一下要線上點餐結果下個客人又可以直接點餐/甜點也很難吃/結論就是完全不用去謝謝。 西西里咖啡好喝，打趴對面態度爛到不行咖啡又難喝的咖啡花。
1846,餐點好吃，空間悠閒🙃 … 巧克力很好吃，季節限定的草莓巧克力👍👍👍 …
1847,甜點好吃，空間也很讚 甜點很好吃
1848,"真的很有昭和味~常去日本京都的我有種錯亂的感覺~ 蔗咖啡好喝啊～甜點也夠水準之上~值得前往~ 打開對咖啡的固化思維⋯⋯原來咖啡跟很多食物素材，會這樣融合➕層次交疊
庸俗一點的說⋯⋯真的顛覆真的好喝。 東西好吃~咖啡超好喝~貓咪好口愛~店主~~~超漂亮的啦！不來會後悔~😙😙😙 …"
1849,"每次來花蓮都會想要去的咖啡廳，貓咪很可愛咖啡好喝 店員人超好～
選不出單品剛好有沖到就給我們試喝～手沖跟單品拿鐵的風味都很棒！ …"
1850,"有貓就愛上❤️
理由會不會太簡單😝😝
但甜點跟咖啡也很棒！ … 每次回花蓮都會來喝一杯 每個月回花蓮
都沒發現這個好地方❤️ …"
1851,外帶了冰拿鐵 冰手沖單品 都很好喝，拿鐵不會奶味蓋過咖啡，手沖cp值高。 老闆哄豆手沖功力高，喝了難得的花蓮淺焙豆，有如太妃紅茶。 很有特色，咖啡甜點俱優，貓兒再加分，彷彿在日本。 來花蓮必回訪的咖啡館，悠閒品嚐老闆的手沖。 不錯。
1852,海邊舒服的小地方。 氣氛不錯的小店，不那麼適合帶電腦工作，來這裡主要任務還是發呆吧。 風格獨特，裝潢用心，這點絕對讓所有到訪者毫無異議。 …
1853,巴拿馬 翡翠莊園  很喜歡 環境乾淨舒服，單品好喝。
1854,"花蓮朋友請喝品嚐
手作咖啡 以及 花草茶
用心的一間店  推推 店員服務品質有待加強，上次去吃鬆餅覺得還不錯，結果這次去不知是否烤的時間不夠，外皮不脆!!牛排肉質還好，餐點普通。 超完美的下午茶
爆好吃的舒芙蕾鬆餅
這杯森林莓果果昔 實在很驚豔 …"
1855,"環境優雅，餐點優秀👍👍
有兩隻可愛的貓咪 … 經典黑糖奶茶👍👍
一定要點熱的
超級好喝，令人驚艷 …"
1856,"蛋糕品質算是中等 . 份量有點小
小而美個感覺 價格 & 咖啡品質
算是中等好一些"
1857,"感覺很好的地方，文藝氣息！
咖啡好。 松露系列好吃，85%不錯。 氣氛非常好的店，所有佈置都很有巧思，讓人很想久待的地方。"
1858,"咖啡好喝，氣氛不錯👍 … 非常特色咖啡店
有店貓坐陪"
1859,很漂亮的小小乾燥花咖啡廳  還有兩隻可愛的小貓 從店外的等候座位，到店內擺設的奇巧收藏品，就可以感覺到對於裝潢的用心，選用的音樂更是讓整個空間更加舒服；檸檬美式順口，香氣很棒，布丁除了好吃，碗也很可愛，很值得點來拍拍照📷 …
1860,"舒適悠閒的空間，充電的絕佳好地方
來花蓮除了自然景觀外不可錯過的好店家 一盤生菜 蛋 吐司 優格
一盤生菜 炒菇 麵包
等了一個多小時
不可置信欸"
1861,"安靜
氣氛好 老闆非常親切的介紹
值得給五星
價格ok 嘿嘿
有貓咪 老闆娘沖泡咖啡好喝"
1862,"非常棒的咖啡！環境友好，咖啡種類豐富，而且非常正宗。強烈推薦國內外遊客前來品嚐。 各種口味的三明治都很好吃，對於女生來說很有飽足感，最愛肉鬆口味，飲料中規中矩，環境佈置有巧思，舒適有質感的空間，下次再來嘗試甜點！ 舒芙蕾鬆餅真的好吃，但飲料是敗筆，單點鬆餅就好 親切的服務人員，舒適的用餐環境，每位服務人員的笑容都很燦爛，值得約會及閨蜜聚餐的最佳餐廳，期待我下一次的光臨

P.s粉紅色漢堡讓我少女心噴發(ฅ´ω`ฅ) 一踏進店裡就傳來陣陣檜木香，整理得舒服乾淨又有特色的舒適環境，熱心服務的老闆娘與用心準備的咖啡點心，享受的下午時光，就從秋朝開始~"
1863,咖啡好喝～女孩熱情❤️ 咖啡好喝、環境優質、甜點好吃，給10顆星 好環境、好咖啡
1864,甜點很好吃 😋喜歡木造房子的咖啡環境 … 肉桂捲好好吃😍 …
1865,老屋氛圍 佐 時間流逝的午後時光。 一個可以讓自己隱身花叢間的咖啡館，小巧而精緻。 與自己相約在 昭和58 的年代。
1866,"咖啡好喝，蛋糕好吃，氣氛悠閒隨興，喜歡 適合放空的去處，不時有火車經過，很特別
店內多是木質傢俱，有種貼近自然的感受"
1867,環境很溫馨 老闆很專業有熱情又健談 黑糖拿鐵好喝 設計書好看 貓咪好玩 環境好美
1868,"慕名而來，但是店員態度不佳，甜點過甜，蠻普通的 店內座位不多很安靜讓人可以輕鬆的渡過下午茶時間🥺
這次點的芋泥塔很讚👍🏻不會太甜！推爆！！！
店內還有兩隻親人的喵喵有夠可愛🤩 …"
1869,花蓮少有的咖啡器材店，只是可能因為單品人口不多，器材種類和多樣性很差！ 好咖啡、好甜點，有味道的環境！推薦！ Giocare的二店，也算是花蓮的老手沖店。好喝的單品自然不在話下，還有很有文藝氣氛的環境！ 花蓮極少數有營業到比較晚的咖啡廳，除了有好喝的單品手沖，還有不少其他飲品和點心！
1870,空間從容，單品咖啡醇厚，甜點美味精緻。 甜點飲品很有特色，可惜二樓有尿騷味。
1871,好吃到不行 花蓮甜點霸主 空間氣氛舒服 咖啡味道獨特 蛋糕好吃 咖啡跟甜點都非常美味，值得再來
1872,拉花很棒 很有特色的咖啡店 有風格的店、有風格又親切的老闆，重點是終於喝到好喝的咖啡了！而且價格可以接受 有點貴的地方
1873,"路過的時候剛好看到有一顆很高的樹，想說進來看看是什麼店，裡面的環境很舒適，店員也很親切，這次我點的是美式咖啡、紅燒肉套餐和布丁，咖啡喝起來很順口，而且如果想喝特殊口味的咖啡，他們這邊也有很多不同的咖啡豆可以選擇，紅燒肉吃起來外皮很酥脆，搭配旁邊的辣醬吃起來也很不錯👍布丁吃起來不會過甜，是很溫和的味道，這一家很適合來放鬆聊天吃個小點心 … 這一家在裝修之前就有來吃過了，味道很不錯👍這次裝修完後就立刻過來了，裝修風格變得像酒吧的感覺，他們的雞腿燉飯很好吃，雞腿外脆內軟，非常好吃，下次再來吃吃看他們家的鬆餅🥞 … 這一家的氛圍很好，裡面有很多漂亮的蕨類，餐點和飲料的味道也都很不錯👍，我這次點的是奶油蝦烏龍麵，味道很濃厚，每一口都充滿著白醬的味道，唯一比較可惜的是他們家的份量比較少一點，如果有個可以加錢加麵的選項會更好 … 這次點的餐點是椒麻雞和抹茶舒芙蕾，椒麻雞味道不錯，可以搭配旁邊的醬一起吃，其中最令我印象深刻的是他的舒芙蕾非常的好吃，非常鬆軟，搭配旁邊附的奶油和抹茶冰淇淋吃起來別有一番風味，來這家絕對要試試看他們的舒芙蕾，你絕對會喜歡
113.3.9 …"
1874,"近期喝到最好喝的咖啡
而且價格都好便宜啊 台灣最愛咖啡店"
1875,"蒙布朗甜度比大多數的低很多，不甜膩外口感跟滋味也很有層次 。
店內低消每人一樣餐點，無服務費，沒有插座 。 氣氛很好 飲品跟點心都不錯"
1876,咖啡品質好 氣氛安靜 輕鬆 咖啡風味讓人驚豔
1877,"咖啡甜點都很好, 餐具選用跟店內裝潢、音樂與氛圍都很棒, 推薦 跟同行友人七位一起來店，也因此很難得地得到了在咖啡廳能一次把所有菜單上的甜點點上一輪的經驗，焙茶布丁茶味濃厚口感綿密尤其驚豔。
咖啡有手沖及義式可供選擇，當天提供的手沖單品選豆以淺焙為多，義式則有兩種豆子讓顧客選擇，價格合理風味也屬上乘。
值得一提的是舒適且饒富溫度的空間，對於習慣台北咖啡廳的擁擠的自己，能夠在花蓮行當中邂逅一家這樣舒適的小店覺得非常幸運，希望有機會能夠再訪。
順帶一提，店內有貓貓，書架上的選書也很有特色，加分真的加不完。 飲料和蛋糕好吃！很舒服的店！"
1878,"咖啡好喝，很舒服的店
外帶有打折喔～ 老房子
好吃又好喝
只是有點熱"
1879,咖啡專業，環境寧靜舒適（除了偶爾經過的火車和戰鬥機的聲音） 店內氣氛閒適，店裡有wifi，手沖單品還付冰鎮咖啡，推薦對咖啡講究的人來噢 檸檬塔好吃 咖啡很棒
1880,親切 氛圍輕鬆 難得不緊繃的咖啡廳 很像很不歡迎客人 那就88 網紅店的評論不能信，一進門櫃檯的女的頭也不抬就玩著手機說等我一下我先回信息，結果等半天，一回頭她就跟別的客人在說話了，真是amazing，店很小平日也快滿，估計都是遊客，喜靜需要工作者不適宜，客人多就這種跩態度，問個問題也一連跩樣，大老遠跑來就遇到這種，這種店這種態度拜拜應該不會太久的時間；）還好沒位置找到附近更幽靜隱蔽態度正常的店 …
1881,"今天是第二次來這裡,雖然不方便停車,但CP值很高,甜點及咖啡都很不錯 咖啡好喝，環境有特色"
1882,拿鐵的香氣很夠 我喜歡😍 … 一開始有被爆衝的貓咪嚇到🤣🤣 … 拿鐵咖啡好喝  可以安靜的地方👍 …
1883,別錯過好喝咖啡 多了後花園，會再次造訪👍 …
1884,環境舒適，但咖啡還有很大的進步空間，手沖或義式都很普通。 來一次就好，拍拍照可以
1885,環境 咖啡都很棒 悠閒
1886,"花蓮最棒的咖啡店☕️
有貓、有露天座位、有咖啡、有甜點😋 … 咖啡順口、甜點神好吃😋 …"
1887,花蓮最好的咖啡店之一 咖啡很好，豆子品質高
1888,"我最喜歡的咖啡廳！
咖啡好喝、甜點好吃、空間很美、音樂好聽、老闆娘非常親切美麗♡
很適合帶本書慢慢閱讀或寫寫東西 是一間小巧溫暖的咖啡廳，座位大約十個，甜點和咖啡都小小的、價格也很實在，而且非常好吃！焦糖脆脆戚風的焦糖脆脆、鮮奶油和綿綿軟軟的戚風搭在一起吃起來超級幸福☺️拿鐵也很好喝！老闆會細心介紹每一個杯盤的創作者、會記得客人要常溫水還是冰水、還會分享好喝的茶，是很有細節的一間店🤎 … 可愛的空間、甜點有很多選擇 非常可愛的小空間 法式烤吐司90元、冰淇淋鬆餅120元
太超值好吃了！
環境也非常舒服有質感 … 非常喜歡、去不膩的一家店"
1889,巧克力滋味很棒 老屋改建，甜點很有特色
1890,怎麼能夠不愛你。 還不錯。 我上班的地方，有酒喝，有麵吃。 友善店面 算是有去喝過。
1891,店家氣氛溫馨舒適 待人友善客氣 讓我們帶了兩毛一起用餐 內有兩隻可愛狗狗 三隻親人貓貓 招牌竹炭鬆餅可口好吃 優格醬美味 水果新鮮 鹹食的壽喜燒豬肉帕尼尼也強推 讓人好吃到讓人想再點一份👍 … 寵物友善的好店家 店內氣氛舒適 寬敞空間充足 裝潢擺設很有味道 服務生待人客氣溫柔 店狗自己來跟我家寶寶打招呼也很可愛 舒芙蕾好吃 餐點便宜 性價比高 強烈推薦～
1892,老闆超棒 下次一定要去吃水餃 地點清幽，食物精緻美味 環境優良
1893,休假去放鬆的好地方 大推手工甜點 用心做的甜點💕 讓人心花怒放 …
1894,飲料與巧克力很棒 甜點與飲品都很棒
1895,氣氛很讚！ 甜點很好吃！
1896,"吃過很多次
是值得回訪的店😋 … 咖啡平價好喝，巴斯克好吃😋 有插座可以用電腦，白天有陽光，晚上燈光也夠亮，氣氛好環境舒服，適合坐在這一整天！
ps店員人帥又nice🤩 …"
1897,超讚！！！ 棒棒
1898,"甜點好吃，價格算便宜，雖然空間小，但適合少人來吃甜點、喝下午茶放空的地方。
音響有挑過，看得出來店家很用心營造空間。會再訪。 氣氛優 態度親切！！好喝的咖啡，喝過幾款都好喝，甜點也好吃，值得推薦！！"
1899,放鬆的地方 輕鬆舒適
1900,"咖啡真好喝。是淺烘焙的，酸度很淡，口感清爽可口。看了評論，我還嚐了檸檬塔。台灣檸檬的香氣獨特，和咖啡完美融合，味道也很棒。

貓：偶爾會露面，不過它們都保持著一定的距離。 … 這家咖啡館給人一種溫馨的店內烘焙氛圍。它位於花蓮的主街上，很容易找到，但可惜的是，它的氛圍過於隨意。這是一款單一產地咖啡，我品嚐了一款口味偏淡的咖啡，這並非我所鍾愛的。當時我在咖啡館待得有點累，所以我特意點了一杯口味清淡的咖啡！雖然是中度烘焙，但口感清爽可口！"
1901,一家街角咖啡館，裡面有一隻很有特色的貓。店主熱情好客。遠離夜市，環境不錯。這裡只喝了卡布奇諾，味道還好。不過提拉米蘇不錯。 躲避酷暑，在這裡找到了一家還不錯的咖啡館。他們家的特色似乎是三明治、水果和華夫餅。環境輕鬆舒適，服務也很好。
1902,貓咪會主動走到你身邊，好像想跟你玩。我發現了很多關於設計和藝術的書籍，這裡看起來像個小型圖書館。是個閱讀和聽咖啡館音樂的好地方。價格比花蓮附近其他咖啡館略高。地方雖小但很溫馨。 地方雖小，卻很溫馨。您可以在街角安靜地喝酒、看書。
1903,一切都恰到好處！ 👍👍👍 … 充滿貓vibe的咖啡店。  已收藏到花蓮跑咖的口袋裡🐱 …
1904,風格獨特溫馨，甜點和手沖咖啡都非常棒。還有兩隻超可愛的小貓咪。 老闆很用心沖煮每一杯咖啡，由老闆娘手作的甜點更是用料認真、講究，非常好吃讓人難以忘記。店內有可愛的貓咪兩隻，空間非常舒適，適合放鬆、放空和聊天的地方。
1905,太棒了！我非常喜歡我的冰蜂蜜檸檬茶，起司蛋糕也很好吃。 咖啡品質很高，也是消磨幾個小時的好去處。
1906,"環境很舒服
甜點和咖啡都很不錯
甜點吃到的是無花果起司 吃起來很濃很香很好吃！ … 是一個非常漂亮非常舒服的地方
提供Wi-Fi 插座 不限時
店員也非常奈斯
放的音樂也非常放鬆 是一個可以久待的好地方"
1907,地方很漂亮，就是不懂為什麼蛋糕叫煎餅？不過我沒問。 那裡的咖啡很棒，室內裝潢簡約。咖啡師非常樂於助人！對我來說太棒了
1908,"潮界線很好喝！
咖啡酒搭配檸檬，香氣很特別 老闆人很好，咖啡非常好喝，很用心製作！ 好喝 好吃 好萌 好幸福❤️ 貓咪好可愛 餐點也好吃 💯🫶🏻 … 放鬆好去處 闆娘的冰滴咖啡很好喝
香味濃厚 店狗也很可愛 一踏進店內的氛圍感很讚！開心果巴斯克超級推～開心果味道超濃郁不膩！焦糖脆脆戚風～蛋糕體搭配脆脆氣味口感很棒！店員服務非常親切且介紹非常仔細～推推！！"
1909,"遇見舒服咖啡館的小驚喜
在時間緩慢的花蓮城區
木造老房子就要搭汗衫歐裡桑
咖啡花自成一格的小綻放 花蓮的咖啡館總是非常自我，一副「我就開在這，你自己來找」的態勢，有時經過外面連招牌都不易看到，今天又發現一間有趣小店，老房子院落座位安排在園裡樹下，是間只能晴天到訪的咖啡館，賣著自烘咖啡、幾許蛋糕與陶器，三杯手沖給了一桌子的分享杯 …"
1910,有小貓的咖啡店。 服務很熱情，日式甜點店也很可愛。蛋糕和飲料都很棒，復古的氛圍。 食物和咖啡都很棒。水果配起司真是太棒了。
1911,"是很好的夜晚放鬆點 好吃 司康太太太好吃
桂花烏龍蜜最讚
肉鬆起司出乎意料好吃 是可以好好享受一個人的地方
咖啡 貓 甜點 都有就是讚 花蓮市區內早上就營業的咖啡所還提供肉桂捲！ 吃過幾道 就屬蒙布朗深得我心😍 … 肉桂捲不錯吃 適合看書 好好吃的綿密布丁
提拉米蘇必點！ 感覺不能開車了～脆片超搭 甜點平價好吃 也沒有飲料低消 愛🤩 …"
1912,"漂亮的裝飾和可愛的貓咪！
花蓮必去的咖啡館之一！ 很酷的咖啡館！"
1913,氣氛很好 這家咖啡館很別緻，咖啡很好喝，氣氛也很棒。
1914,咖啡很好喝，老闆知識淵博 可愛的小咖啡館，檸檬塔很好吃，咖啡種類也很多。
1915,很棒的咖啡，很棒的服務，很酷的氛圍。 花蓮最好的咖啡。
1916,濃郁香醇；已成為來花蓮必喝的咖啡☕️ IG意外滑到，順道經過花蓮就來坐一下；巴西人真的很滑膩順口，榴槤巴斯克味道夠😁 …
1917,放鬆 蝦子很新鮮，每次來都點。煮魚是鱈魚，魚皮也很美味。
1918,這是我在花蓮體驗過的最精緻、擺盤最精美的菜餚。菜餚的呈現方式令人驚艷，味道也與整體體驗相得益彰。餐廳後院寬敞，有一個美麗的多肉植物花園，養著雞，還有很多可以坐下來休息的地方。餐廳內部的氛圍也同樣出色。強烈推薦！ 絕對是花蓮最吸引人的精品咖啡館之一。
1919,很好 超好喝 卡布超好喝 好喝
1920,七星潭咖啡廳，咖啡、沙拉有一定水準，甜點售完沒點到，中價位，室內座位不多，雖有冷氣、但因鐵皮屋還是有點熱。 波提娜麗精品咖啡，隱身在花蓮市區巷弄的質感咖啡小店，從店外到店內都用心佈置，環境舒適、文青風，座位不多，傢俱都是歐洲進口、用心維護別有特色，店內每個角落都用心佈置，適合拍照。老闆娘親切、專業、親力親為，詳細介紹與推薦適合咖啡，咖啡豆自家烘培，水準級以上的咖啡豆，咖啡豆亦提供網路販售，店裡除了咖啡與水外，不加糖、不加奶，沒有提供任何點心與餐點，價位屬中高價位，推薦給咖啡愛號者。營業時間為11:00～17:00，喝咖啡沒有時間限制，星期六店休。若有到花蓮旅行，不妨一試，一家不是以盈利為重的咖啡廳。
1921,"店內擺設、氣氛很好，發泡牛奶咖啡可以選擇濃度還不錯！檸檬塔好吃！ 挑剔的澳洲咖啡愛好者們——都覺得這咖啡太棒了。店內烘焙。而且他們也為所有不愛喝乳糖的人準備了燕麥奶！ 環境很有日式氛圍
餐點選擇不多"
1922,外帶專門店 專業好喝 東西一般般 價位便宜
1923,"風景美尤其是天氣好 臘腸推推、可麗露也推推！口感特別很好吃！飲料也都很好喝～闆娘也很溫柔！❤️ 環境很美，音樂很好，服務人員態度很好
店員也都帶著口罩很棒👍👍 …"
1924,"文藝氣息重的好店，重視食材，故價錢稍高 適合帶筆電去工作的咖啡廳，價錢中上 特定去找，結果因為招牌不明顯，晚上經過沒什麼客人，以為是剛裝潢好還沒營業的店。 反而是柱子的舊""漫畫書店""招牌還比較顯眼。
可惜晚上7點去，就已經只剩泡芙了。 沒吃到朋友照片中的栗子蛋糕。 很舒服的店"
1925,環境不錯，咖啡、輕食一般。 環境、咖啡都值得推薦，喜歡入夜的光影變化，能開的晚一點就太好了 咖啡不錯，不過因為是親戚大力推薦而來，其實有點失望。到櫃檯請老闆幫忙介紹咖啡時，也只是遞了一張豆單給我，然後人就走開了。如果您的目的是一杯好咖啡，也不介意幾分鐘的路程，其實有其他更好的選擇。
1926,咖啡很好喝，店內很放鬆 很舒服的店 店家很親切很好，比起很多咖啡店限制低消飲料一杯，半寓採不限制消費方式點起餐點更自由👍可以點更多自己喜歡的甜點 … 芒果奶酪很好吃，芒果醬加了野薑花下去熬製，好吃 體驗不一樣的咖啡，闆娘很樂於分享關於咖啡與收藏品的故事，有溫度的咖啡店。
1927,"令人感到舒服的巷弄咖啡館，鬆餅、咖啡令人感到驚喜。
鬆餅加上店家自製奶油，真的很好吃。
第一次喝到好看又有奇妙口味的冰檸咖啡，檸檬汁加上淡淡的咖啡味及鮮明的咖啡香氣，絕讚。 咖啡很好喝👍
千層蛋糕也好吃😋
完全居家氛圍的咖啡店，有些雜亂🥺 … 重視CP值嗎？絕贊推薦這家👍
7.5oz附濃湯，沙拉：369
鬆餅，鴨胸沙拉，兩杯咖啡 …"
1928,"氣氛不錯的咖啡廳
可惜客群太過吵雜 裝潢很棒
菜單豐富度不足尤其甜點
沒有抹茶類甜點有點失落
冰品似乎不錯 店內氣氛非常悠閒
來塊巧克力搭上杯茶
就是美好的花蓮午後 麻糬鬆餅很特別"
1929,巧克力超好吃的（驚艷）！ 還可以囉
1930,"抹茶拿鐵（熱）$140-微甜，抹茶味濃郁，但不會覺得苦。
拿鐵（熱）$140-喝起來順口，不會太苦，也沒有酸味，但相對覺得咖啡味不夠濃。
昭和之心$150-外殼酥脆，微硬，菜單寫的是培茶口味的卡士達內餡，我吃起來感覺像開心果😅內餡口味是不錯啦！但外殼口感個人覺得還好。
巴瑞金莎巧克力蛋糕$130-中層巧克力脆片增加口感，整體不錯吃，但是偏甜。 … 很好拍的地方 連石頭都有巧思
美中不足的是，人多的時候
可能連Wifii 都沒有訊號😅 … 在小巷子裡，附近停車不方便。
外帶一個檸檬糖霜肉桂捲嚐鮮。
最外層麵包本體偏乾，最中間才稍微濕潤些，肉桂味也才比較明顯，有點小失望。最上面的檸檬糖霜倒是蠻多的。"
1931,"終於找到機會來朝聖
還在走過來的途中看到建築物就很驚嘆
到進門前的門口氛圍再到進門後 … 位於花蓮七星潭旁
每個角落都美的無死角咖啡廳 龍宮 … 終於來朝聖，果不其然名店就是名店
進門沒多久整間店坐滿滿的時髦年輕男女 … 花蓮脆世界的甜點網紅 日勻甜點工作室
在中正路上，看到小招牌走進來巷內就看得到了 … 花蓮數一數二的咖啡店
氛圍，餐點，咖啡，甜點
全部都是主理人細膩之作
不服來辯"
1932,"/ 𝐎𝐫𝐝𝐞𝐫. /
▪️芝麻牛奶 $140
▪️焙茶牛奶 $140 … / 𝐎𝐫𝐝𝐞𝐫. /
🧃冰美式 $130
🧃檸檬冰美式 $180 … / 𝐎𝐫𝐝𝐞𝐫. /
🍨抹茶聖代 $220
🧃冰可可亞 $140 …"
1933,"喜歡裡面每個物件的故事 口味滑順、層次豐富、甜度也剛好，超級喜歡的！
本來以為紅豆泥會偏甜膩，結果不僅不會，還和其他配料搭配得很良好。特別喜歡底層的巧克力餅乾，又脆又好吃🥹🥹
店員非常專業友善，想再回訪～！
（註：只收現金 低消冰品或飲品 店內光線偏昏暗） … 有花蓮的單品豆子很特別，喜歡歐式設計復古的老件家具耐人尋味！！ 店內很漂亮，簡約文青風格，書架上陳列一些書，窗邊也擺設了綠色植物，整體明亮舒適。
肉桂捲好吃😋 … 闆娘對於咖啡品質的堅持，賦予了咖啡不同的生命力藝術，品嚐時層次感十足！店家設計感會讓你覺得這裡是通往魔法世界連結的錯覺！！ 很喜歡布朗尼加奶少一點的咖啡 有貓咪就是加分🐈
手沖好香☕️
店長人很好☺️ … 拿鐵好喝，老闆好年輕！"
1934,位在巷弄之間，店前面的路不好停車，冬天寒流來襲店內的溫度卻很暖和。一人一杯咖啡一份甜點也不便宜，每桌用餐時間90分鐘（如果人多才會限制），現金付款。甜點很好吃，金時蒙布朗的栗子🌰香氣溫和（連我不愛吃栗子都覺得好吃），昭和之心泡芙外皮酥脆，花漾橙柚塔有別於一般檸檬塔，柑橘類香氣大約檸檬香氣，大大降低檸檬酸度，昭和咖啡凍上面的香草冰淇淋好吃。值得隨心隨意的過去一趟。 … Google搜尋到很高分的咖啡廳就跑過來看看，進來才發現原來大部份是簡餐，但因為已經有吃過東西了，所以還是點了甜點跟咖啡，肉桂捲滿滿肉桂，蘋果派也有肉桂，邊邊的皮是酥脆的。店內很多鹿角蕨，門口植物也很豐富，栽種的非常漂亮。
1935,很舒心的地方，愛書人會喜歡，老闆與闆娘很溫情，笑咪咪的，讓人放鬆心情。 第二次來訪，甜點、氛圍、裝潢設計風格都好喜歡！有人說份量太小，但我覺得很適宜大小，甜點很有層次風味，要慢慢品嚐，對了！是從上菜就要先好好欣賞裝潢、燈飾、桌椅、音樂，最後眼睛觀賞復古歐風的器皿裝盛的職人用心製作的甜點。
1936,"更多IG美食分享: dearwillis_daily

❍ 單品手沖 $180 … 更多美食分享： dearwillis_daily

❍ 生吐司 $90 …"
1937,"以年份命名的店家總是能夠增加幾分人文色彩和歷史情懷。

主廚旅日學藝期間，特別鍾情於昭和時期的咖啡廳風格。便以自己出生年份""昭和58年""(民國72年)為自己的咖啡廳命名。 … 座落於花蓮市區緊鄰金三角商圈
及花蓮車站遺址享受咖啡之餘
也可一覽舊城區的人文景點 …"
1938,"/
鮮少咖啡廳裝潢是著重黑金色調
有種英式酒吧的感覺很有高級感 … /
到花蓮的第一站就安排來龍宮，
老宅的外觀在七星潭附近算是滿突兀的！ … /
去海邊才有度假的氛圍對吧⛱️
- … /
本來要去半寓咖啡的，但忘記訂位直接客滿😂
幸運的是隔壁的昭和58，順利卡位到一組不用等～ …"
1939,"細心提醒美式可調濃淡度，服務及餐點都很好 氣氛甜點都很讚，就是抹茶蘇打口味特殊了些，2023/08/26 再訪，海鹽奶油捲好吃，其他餐點一樣水準之上，歐伊系

2024/10/02 再訪昭和58，吃到了熱甜點檸檬蛋糕，一樣好好吃 一人小店出餐速度較慢，氣氛好，吐司美味，可以為了焦糖吐司再訪"
1940,"⭕️下雨天不開店，因為是戶外空間。通常星期三、四店休,有時會加休。營業時間有時3:00-6:00，有時2:00開始，隨著季節調整，總之，是一間很人(隨?任?)性的店。
天熱時蚊子滿多的，最好帶著自認為有效的防蚊液。店內也有提供。 … 在花蓮有這樣一間店，是一個很特別的存在。
裝潢非常用心，要來之前，最好事先預約。 … 老闆非常用心，""有要拍照嗎？如果沒有的話，我要操作囉~""
深諳我們觀光客來,就是要邊吃邊拍，待我拍完食物美照，
老闆就會很熱心的講解鬆餅怎麼吃，咖啡怎麼喝。 …"
1941,"咖啡廳環境非常棒,
整潔明亮又舒適,
點杯咖啡搭配甜點, … 店內氣氛很讓人放鬆~
有回到昭和時期的感覺,
推薦抹茶聖代! … 想吃司康時必來的店,
每一個口味都很好吃,
搭配抹醬更美味了!
特別推薦鹹起司司康😋 … 一個安靜舒適的咖啡角。 店裡只有闆娘一人作業要稍候,
還有隻可愛的店貓🐱
推薦開心果千層蛋糕~ …"
1942,"不管是裝潢 飲料 甜點 都非常棒
唯一的缺點就是隔壁桌大學生真的超級吵 整間都是他們六個的聲音 完全影響用餐體驗 補一個5/25晚上
還沒進門就被各種精美海報吸引
一進門就覺得噢天啊這以後就是我的家吧 …"
1943,"環境：很昏暗 沒有音樂 個人覺得有點壓迫感 沒有昭和感
服務：好像沒有收取服務費 所以無從評論 但是咖啡廳點完餐後桌邊結帳蠻 特別的
餐點：只能說可惜沒吃到蒙布朗跟另一個塔，不過蛋糕卷算是很軟綿，低空飛過
價格：就甜點飲品價位都是很合理，不會太貴，而且低消除了飲品也可以選擇冰品很不錯 這家司康很好吃！
兩年前就外帶過8顆回家
今年特地再來買當伴手禮（不用冰很方便～ …"
1944,特地來喝手沖咖啡的好地方，豆子選擇多老闆會問你喜歡哪種風味請你聞豆子選咖啡，真的很好喝很順口。喝到好喝的咖啡一整個下午心情很好。 充滿日式風格的外觀讓人忍不住走進去，是家復古的甜點店，連音樂都是日本老歌，真是太有趣了。蛋糕好吃但都偏小尺寸，吃得不過癮，焙茶很好喝可回沖，服務蠻好的。
1945,"充滿昭和時代的日式風情，門口播放著黑膠唱片，店內天花板以復古的遠程列車車廂做設計很有情調。
菜單以及出來的飲品、甜點都讓人覺得像到喫茶店，復古懷舊氛圍。
唯獨有個小缺點就是因為室內人多的時候會感到悶熱，如果空調沒開強一點會讓人昏沉沉的 司康很好吃，口感外酥內軟
口味多元，各口味的香氣都充足
可加購搭配果醬、自製乳酪、德文郡奶油 … 很有品質的咖啡工作室外帶店，焙茶拿鐵的茶苦味跟咖啡還有牛奶彼此調和的剛好。
連兩天來喝都享受到優良的咖啡品質，很推"
1946,"昭和58內充滿昭和年代風格的裝修令我慕名已久，抹茶聖代確實相當不錯，那個甜甜圈狀的甜點像鬍子爸爸的脆皮泡芙圓圈版，柚子版本的香檸塔在味道上也有創意，不過塔皮口感不足。 … 七星潭旁的龍宮，前往七星潭前補充熱量的小驛站。

肉桂捲老麵製成，本身偏乾，醬汁是酸的。 冰淇淋往下融化後，乾濕平衡的口感最好。 …"
1947,"布丁100$
手沖咖啡 瓜地馬拉120$ … 蜂蜜蘋果氣泡飲 80$
在定置漁場麵店的二樓，老闆十分健談活潑，店內也有不少學生讀書聚會，是個適合聚餐的咖啡小店！是間深夜咖啡店。 Blend 拿鐵 130$
布丁 120$ … 相當有風味裝潢的咖啡廳，燈光搭配舊式日本咖啡廳風格，燈光沒有很強。

可能因為地震後，所以沒什麼人。 … 299套餐 （烤吐司+200$以下飲品）

法式烤吐司： … 冰美式90$
布丁 80$
茶麻糬達克瓦茲 95$ … 1. 浮室咖啡 140$
2. 奶茶脆脆可頌 140$ …"
1948,"氣氛相當棒的一間咖啡廳
裡頭裝潢很用心
也有販售有些特別商品 … 司康非常好吃 趁熱熱剛烤好真的相當美味！
花蓮兩天都去光顧😀
店裡可愛狗狗感覺粉無聊😂 … 咖啡廳氣氛相當好
真的有那年代感覺 …"
1949,"有庭院的咖啡廳
建築有種fu
內部也是很有風格 … 放口袋名單一陣子
一來果然如想像的老宅文青感
安靜的空間 … 相當有感覺的日式喫茶店
吐司簡簡單單的好吃
加上最愛的有泡沫的單品咖啡 … 偶然找到的一家咖啡店
店內有好幾隻貓咪
空間舒適有沙發座椅 … 出乎飲料的餐食
通常這種很網美感的店
餐飲是沒法要求太多的 … 很有fu的咖啡店
觸感好的桌俱
店長很棒的解說店內的一切
可以放鬆心情一下午的好地方"
1950,"很喜歡裝潢氣氛，真的很適合穿著昭和時代的服裝來品嚐咖啡，腦海閃過看過的劇情～～
栗子蒙布朗不甜膩，爽口，真的好吃
焦糖阿法卡多的香草冰淇淋搭配義式濃縮，真心覺得讚，咖啡豆微酸口感和底層冰淇淋吃，搭配適宜啊
值得來光顧的咖啡店 喜歡店內明亮舒適感，老闆是親切溫暖的女子，在香榭大道旁，點杯咖啡、甜點，發呆、放空好地點
黑醋栗奶酪蛋糕不會甜膩，配上溫潤茶湯，搭配得宜。"
1951,"對不起來不及拍照就急著把鬆餅吃光光了
今天吃了鹹的鮪魚鬆餅老闆還擠了一點鮮奶油給我試吃
鮮奶油香甜滑順不油不膩 … 蘋果派好吃，空間很舒適，貓很療癒 樓上好像是背包客棧，遇到一個很健談很可愛的外國朋友，店裡的氛圍很輕鬆舒適，咖啡很香很喜歡 近期吃到最喜歡的檸檬塔

店裡的擺設跟空間都是用舊的木椅木窗木櫃跟木板凳等暖暖舊舊的素材 … 昭和58

昭和時期西洋化的日式喫茶咖啡洋果子鋪風格 …"
1952,"餐點好吃，尤其舒芙蕾真的非常推薦，在這裡可以跟35好友度過一個愜意的下午，服務非常的貼心親切，讓讓賓至如歸。很喜歡這家店。 甜點咖啡都很讚
服務也很親切
店貓超可愛的 令人放鬆的好地方 無敵海景 非常紓壓 餐點不錯 會想一來再來的所在 餐點現點現做好好吃
用餐環境好舒服
適合好友姐妹聚會的好地方 用餐環境很寬敞很舒服，餐點好吃又經濟，服務人員態度親切。很喜歡跟朋友和家人在此歡聚。"
1953,裝潢很有特色，偽出國感！甜點很美味，生吐司與飲品還好。只提供現場候位，2-4點人潮較多需耐心等候。 美麗的店，有很多鮮花貓貓很撒嬌，會主動跳到客人腳上或桌上。
1954,"喜歡這裡的卡布，檸檬蛋糕濕潤好吃。
冰淇淋也不錯，下午茶可以來體驗日式風格咖啡廳。 每次來花蓮玩一定要來喝一杯！
喜歡小白咖啡。 很舒服的空間，司康專賣店。"
1955,餐點不錯，後院有觀賞植物及動物！很大的空間適合帶大小朋友來消磨時間。 咖啡超級好吃😋甜點更棒，氣氛佳，老闆帥服務佳！花蓮市聊天最好的咖啡廳☕️ …
1956,"如果不喜歡帶狗的客人可以拒絕接待，而不是去了之後，還要遇到招待人員的態度不友善
別組客人也帶狗去了呀⋯⋯我們狗一直都攜著牽繩
狗互吠本來就正常，沒有必要直接說：如果有衝突就趕你們出去，誰叫就丟海裡 … 喜歡老闆講究的態度
說是全台最好吃鬆餅，真的名符其實❤️ 店裡內用的低消是一人一杯飲品或是冰品。這次點了昭和阿法卡朵、抹茶拿鐵、焙茶拿鐵、昭和之心、蒙布朗。整體來說口味都偏甜，價錢比較高。阿法卡朵上面附的餅乾不會甜、很脆，跟咖啡都有可以中和掉冰淇淋甜度的作用，很不錯吃。抹茶拿鐵、焙茶拿鐵都很好喝，很順口。昭和之心最外層很酥脆，味道比較像泡芙，但個人整個吃起來會覺得有一點太甜，內餡有卡士達跟焙茶抹醬，但是焙茶味不重。店裡非常的復古，氣氛很好。 店家小 但舒服❤️ 經朋友大力推薦水色咖啡的鬆餅！遊花蓮特來品嚐！
老闆很熱心的介紹第一次嚐鮮可以點招牌蜂蜜鮮奶油口味鬆餅！ 老闆還教我們 要先吃一口原味！再抹一點奶油 ！吃奶油口味！最後再淋一些蜂蜜 ！品嚐蜂蜜口味！ 個人覺得 鬆餅真的有驚豔到我！ 第一口咬下去 超酥！而且不會有那種有很厚麵粉的感覺！在胃裡真的一點都不會覺得很脹很佔空間的感覺！而且老闆還說 …"
1957,"這次點冰拿鐵☕️
順口好喝👍🏻 … 對甜點很挑的我
覺得超好吃的！
蛋糕捲奶油濃郁卻不膩口 … 甜點飲料不錯，店內氣氛也很好👍👍 … 有停車場，點了烘蛋加套餐，燕麥粥很喜歡，豬肋排兩根，沒什麼吃到肉有失望，熱水果茶沒有水果，杯子很燙只能用湯匙，哈哈哈
用餐環境舒適，疫情期間還是建議員工戴口罩！"
1958,"有貓可抱，有食物可吃。 完美 雖然小，但是陳設很有趣，質感與氣氛都及格，咖啡也可以，很適合一起聊天或者一個人混時間的地方 花蓮高檔點心店與下午茶店，無庸置疑，價格中上，低消150，點心真的好吃～裝潢也不錯。
讚讚(≧∇≦)b 偶然發現的小店，無法抵擋日式古宅（
店內是單點飲料附贈點心的形式在販售，價格在200～250左右
氣氛非常的好，店內的雜誌我很喜歡💕 … 小貴，但環境真的很不錯(´･ω･`)
拿鐵130+蛋糕90
有火車經過真的很酷欸….. 花蓮開設超過10年的老牌午餐+下午茶餐廳，在競爭激烈的花蓮更顯其特別的格調，也被列選為來花蓮必去的景點之一，誠摯推薦沒有去過的朋友們前往！"
1959,"建議提早來或預約，以免向隅！
不工作的下午，至【昭和58】坐坐，點上一杯熱咖啡和二品甜點，消磨時光的好方式。
木質的裝修，光天花板就夠看半天；再加上櫃檯的收銀機，饒富復古情懷！ 秋朝咖啡，不是喝咖啡的地方！
秋朝咖啡，是看建築，聞檜木香的地方；
喝咖啡是附加的服務。 …"
1960,處處可以感受到老闆的昭和喫茶美學，裝潢極美，連餐具也都是細節滿滿，飲品跟甜點也都很棒！ 甜點真的驚人的好吃，環境舒服，老闆很漂亮很有氣質，狗狗很可愛😍 …
1961,"鬆餅很大一個，一個人吃超飽，建議多人一起吃。鬆餅不算低消。貓很可愛，趁貓趴在吧台上時吸了好幾口///// 冰美式口感很順，有點小杯，喝不夠～
生吐司外表烤的酥脆裡面柔軟好吃
蒙布朗吃起來有蜂蜜香味，裡面包覆一整顆粟子，下層餅皮是脆的也填滿內餡，很精緻好吃"
1962,"卡布 （選擇中焙調配豆）

口感溫和到尾韻個人覺得有可可香氣 … 龍眼白蘭地磅蛋糕80
耶加雪菲140 …"
1963,"單品咖啡咖啡非常棒
老闆娘又親切又有氣質而且會很熱情的介紹各種咖啡
也會依照喜歡的口味來推薦豆子 … 栗子蒙布朗很好吃且很有層次 蜂蜜味很香 鮮奶油內餡很清爽卻又不失香濃
耶加雪菲咖啡味稍淡  但搭配蒙布朗卻非常恰到好處
裝潢很日式復古
冷氣很涼 夏天待在這裡很舒適"
1964,"蠻不賴的肉桂捲 不太甜 但可惜麵包體跟肉桂與焦糖稍顯分離 但味道卻很balance
推薦大家來試試唷！ 價位有點高的日式甜點店
網路上很有名
但作為老花蓮人 最愛的還是廟口紅茶的甜味"
1965,"一個很浪漫的小地方👍
價位就是跟觀光咖啡廳價格差不多~~
餐點飲品也還行~~~ … 環境乾淨整潔！！
氣氛很好，背景音樂還是黑膠唱片👍 …"
1966,空間寬敞，擁有乾淨漂亮的後花園，服務人員親切，餐點沒有特別的地方但是對食材是用心的調理 裝潢氣氛佳，燈光稍暗可惜音樂真的蠻吵雜的，加上店員在內場聊天的聲音蠻大聲的，內用限時90分鐘，低消1杯飲品或150元，拿鐵一般般，甜點順口，整體氣氛沒辦法讓人沉靜放鬆好好享受下午的時光
1967,環境美且舒適，餐具也很美。早午餐附的麵包好吃，但炸物部分有滿重的油耗味，實在吃不下去。低消為飲品一杯，Miaoko 旅客可以打八折。 裝潢氛圍非常好，有質感而不造作，服務也很好，包廂式座位讓人很放鬆，可以安心享受甜點、和朋友聊天。當天點的昭和之心和焙茶聖代，都很好吃，飲品的表現也相當有水準。大推！
1968,"李老師的功力真的非常強大。
也很親切，很認真的帶我們認識每一款不一樣的豆子和特性，以後也是來花蓮必來拜訪的店家！ 沒什麼好說的！
粗暴簡單的說~
去日本幹嘛？來這裡就可以吃到比日本好吃的日式甜點了！！！"
1969,"焦糖海鹽磅天」蛋糕熱熱的很好吃、必點
咖啡有有一定水準，很順口
位置不多也不大
卻讓人覺得悠閒 咖啡好喝，抹茶拿鐵不怎麼樣
甜點還可以，氣氛超棒很安靜
狗超可愛！ 好吃的日式甜點
滿足一下去不了日本的心
最喜歡花漾橙柚塔 …"
1970,"值得二訪的老屋咖啡廳，飲料跟甜點都有在水準之上，可惜店裡位置較少，假日可能要等比較久的時間。 花蓮日式懷舊咖啡廳，個人認為是花蓮的「星乃咖啡店」，喜歡星乃裝潢風格的朋友可以來體驗，店家用餐氛圍營造的很好，甜點的甜度適中，不會過甜，我會願意再度二訪的店。
今日餐點
#金時蒙布朗 …"
1971,"拿鐵不錯喝！甜點也很好吃，不會太甜也不膩！ 餐點不錯！環境也不錯！只是有時候有人點餐，就會煎東西，這時整間店都是煎東西的味道，衣服跟頭髮也就會殘留味道...... 甜點好吃😋價格也很合理！
店內環境乾淨，門口還有盆栽🪴很療癒
每個座位間隔不會太近，不會有壓迫感 …"
1972,"甜點真的都超好吃 但很小顆
整體氣氛慵懶很適合姊妹或情侶來的地方
位置比較少 洗手間男女共一間 … 咖啡好喝、文青質感路線
CP值 ❤❤❤❤
食物  ❤❤❤❤❤"
1973,"很好吃的昭和之心，黑糖拿鐵的味道很細緻。
環境真的是復古得很有感覺！ 不限時間的優閒空間。"
1974,"低消是150元或一份飲品，可以只點甜點很棒！甜點很好吃，尤其是草莓捲，比想像中大塊，蛋糕吃起來很綿密，草莓也包了不少顆，非常推薦！蒙布朗不會太甜也不會太膩，很好吃！裝潢很有復古味，加上美味的甜點，是間會令人想再訪的甜點店！ 90元的法式吐司相當好吃，水果優格是真的葡萄下去打的，真材實料
店裡還有來去自如的白貓，很悠閒的氣氛"
1975,"1.甜點口味中等，但份量較小，價格偏高
2.空間小，較不宜久坐(亦有限時)，當天去儘管下雨，翻桌率也頗高 老闆很帥，咖啡好喝，推！"
1976,牛排和酥皮濃湯很好吃，店內裝潢和擺設也很有特色，是很愉快的用餐環境 咖啡很有水準，每一道甜點都很有風味，來這裡一定要試試店主自行研發的特色甜點。
1977,相當可愛的一間小店，設計裝潢風格呈現舊時代氛圍完整，甜點也一樣細緻不失分，非常值得來花蓮玩拜訪的下午茶據點。 貓咪晤子極度親人可愛，店內空間較小但溫馨。
1978,"好吃又精緻 甜點香氣做好做滿
咖啡也十分濃郁 咖啡超水準！ 濃郁滑順卻不苦也不咬舌
一入口就滿滿咖啡香
提拉米蘇層次豐富值得一試"
1979,整體風格很棒，推薦金石蒙布朗 真的是全台最好吃的鬆餅！希望老闆的用心能被看到。
1980,不錯 環境挺有復古風味的 抹茶、草莓蛋糕、栗子蛋糕 都不錯 很舒服的空間～店員和客人都很親切，很溫馨！餐點也很棒！
1981,意外發現的可愛咖啡廳，環境非常的舒服餐點好吃，咖啡也非常的優秀 吐司跟甜點非常好吃😋，店員服務非常親切，推薦栗子蛋糕🍰 …
1982,很舒適的環境！布朗尼甜而不膩，比在巴黎吃到的還好吃👍 … 花蓮文青咖啡店首選。裝潢簡單有味道，手做甜點吃的出老闆的用心與溫暖，值得再訪！
1983,蒙布朗美味綿密好吃😋 榛果甜甜圈也不錯、手沖咖啡好順口好喝 … 鬆餅好吃😋狗狗可愛 …
1984,裝潢有特色。甜點好吃，飲料還好。 拿鐵有點淡，肉桂卷偏乾。
1985,很可愛的小店 奇妙的店 😂 … 昭和之心 不錯 咖啡跟甜點都不錯😋 … 布丁好吃，咖啡順口，很有氣氛的店 👍🏼 … 咖啡跟麵包都不錯，店舖環境舒服 ~
1986,"非常！喜歡龍宮的裝潢
價位在花蓮偏高
飲品還可以 推薦鹹食 咖啡好喝！
檸檬塔很清爽 冰凍感超棒！
板娘非常溫柔～
來花蓮 必來踏踏 蛋糕很吸引人且不太甜膩
整體給人的感覺很細緻
若喜歡日式感 粉推！"
1987,大推厚片 好似京都的靜香咖啡，許多小細節~彷彿回到昭和年代...。連消費明細都是日文打的【領取書】。可在花蓮回味昭和風情，很難得的愛店。
1988,"烤土司相當好吃 單品也推
空間寬敞舒適 還有貓貓🐱
週末人稍多餐點需要稍等～ … 環島路過！13:00營業 13:30就客滿 著實可惜
幸好可以外帶 點了耶加雪菲 相當好喝～
謝謝店員 辛苦了 點了一杯衣索比亞 西阿爾希 非常好喝
老屋+貓的組合非常溫馨
座位不多 適合靜下心品嚐好咖啡
門口的貓貓非常親人"
1989,"店內裝潢氣氛很好，甜點也都很好吃～
和朋友點一桌10分鐘就秒殺😂 … 老闆很專業，咖啡和甜點都很棒！
貓咪也超可愛😂
下次來花蓮一定會回訪😆 …"
1990,卡布喝起來是屬於深焙的風味，中規中矩。店內裝飾非常有個性，充滿海洋友善~ 氣氛懷舊，可以體驗大正時期的日式喫茶店風格
1991,"很有特色 原本期待可以去吃甜點
因為在IG上或評論都看到不錯的平價。 … 甜點都很讚：阿芙加朵、馬斯卡彭蜂蜜捲、昭和之心💛
裝潢偏廉價，昭和味到了廁所就打回原形 … 咖啡香醇好喝，造訪花蓮必品嚐之店 外帶了一杯冰咖啡，很用心很好喝～"
1992,"登記候位向店家確認是否是電話通知 店員說是打電話沒錯
登記完去七星潭走走晃晃兩個小時都沒有接到電話
想說回去看看前面還有幾組客人 … 昭和之心超好吃
焙茶卡士達加上泡芙殼 裡面還有加榛果 層次很夠
拿鐵是無糖的 很讚讚☕️"
1993,濃濃日本昭和時期風味，甜點精緻美味 放鬆的好地方🤩 …
1994,店內座位較少但空間很舒服，咖啡焦糖蛋糕超好吃!!! 蛋白霜檸檬塔上的炙燒蛋白霜很特別，像烤棉花糖一樣中和了檸檬餡的酸，蛋糕真的又美又好吃。店貓可愛又給摸，推薦給愛擼貓的人!! 裝潢講求復古所以燈光也偏昏黃，蛋糕精緻價格偏高，出餐需要耐心等候
1995,手工司康好吃，單品咖啡好喝 日式復古裝潢，甜點限量手作，很好吃😋 …
1996,"日式復古風，裝潢非常到位，餐點以及飲料沒有很好吃，但是氣氛跟跟服務很讚 氣氛明亮整潔，整體氣氛很舒適，安靜，悠閒，很適合一個人來 開車路過被裝潢還有店門口的植物吸引
舒服的環境瀰漫著咖啡香
平日的時間用餐喝咖啡的人還很多 …"
1997,"·拿鐵$150
·西西里黑咖啡$180
·V限定布丁$120 … 龍宮✨
·拿鐵$160
·黑糖奶茶$160 … 磅蛋糕滿分⋯！
是吃過的磅蛋糕裡最好吃的
不會過乾澀、香氣很夠會想念的那一種🥹 … 內用座位不多
約可容納8-10位就是極限了
闆娘姐姐人很漂亮🥹😍😍 … 二訪來是很可愛！
抹茶聖代濃郁！推👍🏻 … @oldcouple.coffee
-
old couple ✨ … 三隻喵超可愛
犒賞自己的辛勞
外帶了份檸檬塔 … 黑醋栗重乳酪蛋糕根本完美😍 … ·黑糖拿鐵$150
·巧克力派$80 … 是花蓮最愛的咖啡廳🥹
空間舒適每一個角落都很可愛
還有一種喵！ … ·梅子泡泡$180
·日式焦糖烤布丁佐香緹水果$170 … 整體中規中矩～
最喜歡的是拼盤裡的麵包！"
1998,店內環境整潔、舒適，沒有收服務費！甜點：昭和之心💯推！ … 店內環境舒適，很乾淨、溫度很涼很舒服，餐點好吃，草莓醬檸檬氣泡飲好喝，草莓醬有好幾顆完整的草莓！ 室內空間雖然略小但不會讓人覺得擁擠，反而給人溫馨的感覺，店內的擺設很有特色，餐點美味、服務佳！
1999,"大人的咖啡～ 非常有日本風味的一間咖啡館
連店員的制服都很有日本感"
2000,超有個性的店，說10點營業，10點半才讓進店，期間店員進出都不會打招呼。餐點主打素食，裝潢擺設用心，就考驗顧客耐性。 有蒙布朗就滿分，裝潢不用多說
2001,蒙布朗很好吃！氣氛也很棒 咖啡好喝，裡面的花竟然是中秋節主題的週花，超美！
2002,口味不錯！但用料的質稍嫌普通了點…雖然店內空氣稍微窒悶了點，但氛圍與擺設真的很讚哦 有貓有老物有健談的老闆更有好喝的飲品、咖啡！實在推薦所有人的來訪。
2003,裝潢很有特色，餐點也好吃 可以細細品嚐咖啡風味的好去處
2004,親切友善😊很適合放鬆用餐～ … 甜點做的很細緻🥰 …
2005,"第一眼看到屋頂招牌...日式厚鬆餅，
推門而入，手把方向不同，
店內各式漫威人物裝置很美式， … 咖啡濃醇順口，茶飲甘甜不苦澀，
色澤飽滿，口感溫潤好喝，
生菜沙拉佐醬濃郁， …"
2006,露天的環境，樹蔭下品味一晌咖啡香氣和悠閒。 甜點是最大的特色，尤其栗子蒙布朗更是令人驚豔！夏季刨冰也非常推薦！但印象最深刻的就是外觀復古又有「叮！」一聲的收銀機了～ Coffee&Cake 慵懶不設限 跟隨街貓的腳步不經意來到這裡。舒適的空間，令人放鬆的氛圍，短笛非常香醇，不知不覺就變得像二隻店貓一樣慵懶～ 鬧區的巷弄間意外發現的寧靜角落。舒適的空間，一杯咖啡，一顆巧克力，在這裡就可以待上一個下午。
2007,"我喜歡在這裡喝咖啡吃早餐,很舒服。 氛圍不錯！可能沒點到招牌的食物"
2008,"派塔上的水果新鮮
佐
手沖的日曬耶加雪菲 … 低消ㄧ杯飲品或聖代
很有昭和時代的氣息"
2009,山海之間，到龍宮喝咖啡，藏匿於七星潭的美感咖啡屋，除了可愛到不行的商品，咖啡也非常的好喝，有時間來七星潭，不要錯過 花蓮巷弄隱藏很多老屋好店，只能選一間咖啡廳的話，就是它了，濃濃的昭和時代感，完全是本格派，咖啡牛乳加一片烤奶油吐司，真的很像在日本
2010,黑糖拿鐵加可麗露好吃😋 … 值得二訪以上 記得早點來排隊，很值得👍🏻👍🏻👍🏻 …
2011,氣氛很舒適，期待有更多餐點 蒙布朗好吃！配著店內的復古音樂氣氛很閒逸，不過如果是剛吃飽的下午茶聽著聽著還真有點想睡哈哈哈哈
2012,老闆娘既親切又專業，每一杯咖啡甚至店裡每個角落都很用心，花蓮市區最喜愛的咖啡店。 甜點、裝潢都太棒了！真的有如回到昭和年代的時尚甜點店！在花蓮也能有這樣享受高雅甜點的美好空間真是太幸福夢幻了！非常值得！
2013,餐點多樣精緻好吃！尤其是咖啡令人驚艷，絕不是一般附餐咖啡，現場有咖啡師專業沖煮，更讓人期待點心午茶時光 甜點新鮮現做❤️好吃用心
2014,空間細膩舒服，檸檬塔一上桌就聞到檸檬的清香，讓我有點驚訝，過去一年吃過不少檸檬塔，這裡的檸檬塔絕對是在過往嘗過中的前三名，可惜沒吃到布丁🥲 … Affogato甜而不膩、焙茶溫潤爽口
2015,舒服空間，咖啡價格稍高。 親切仔細，好喝，美麗杯盤，戚風比較乾。 甜點滿好吃的而且價格合理，店裏裝潢很美麗精緻，而且乾淨，是會注意細節的店家。
2016,"▪️價位：飲品甜點200上下
▪️位子：轉角處，沒有大招牌不好搜尋
▪️空間舒適度：座位偏少，但空間不會很擁擠 … 日式復古咖啡廳
布丁好吃"
2017,店內空間舒適，貓貓超級可愛～ 復古氣氛的一間店
2018,有多種咖啡可供選擇，也有賣咖啡豆，適合坐著聊天、悠閒看書，但是店內座位不多，若有多人同行可能需要事先訂位唷～ 店內擺設美麗有格調，餐點物美價廉！來之前最好先訂位，之前撲了兩次空阿😂總之，是個約會聚餐的好地方😋 …
2019,實在讓我太難忘的地方，寸步都不想離開 很愛很愛這裏，這裏的每一顆咖啡豆都有如一個生命，假若喜歡單品那請你一定要來一趟，找回咖啡的單純喜樂。
2020,一個矮矮肉肉的女店員服務不夠專業，我們點完餐後，告知我們總金額，明顯店員有漏點餐，卻不也重複點餐內容，一臉這是你們的問題。 環境很讚，兔子跟公雞過的很愜意，還有插座，非常放鬆
2021,雖然價位偏高 但東西都還算好吃 裝潢很懷舊復古 廚房也明亮乾淨 會想找時間再去光顧 好吃欸！男老闆很客氣，服務不錯，離開時還會幫客人開門...，然後廁所又大又漂亮，還用Aesop的清潔乳，真香啊~ 天啊，超好吃欸，全都吃光了，可惜沒看到貓貓 就很普普通通的地方 座位不多，店裡好像只有夫妻兩人在弄？出餐要30～40分鐘以上，覺得等有點久，鬆餅很好吃，咖啡也還OK，整體評分4顆星 咖啡價位有點小貴 甜點都是硬的好難切 而且空間密閉太過安靜了 說話都要非常小聲 深怕被聽到 建議窗戶或門打開 讓一些環境聲進來 不過感覺的出 老闆已無心經營 雜物都隨意堆置 我應該是不會再去消費了 加油！
2022,甜點真的非常好吃，雖然說真的很難等，服務態度如果再好一點更好 品質超級差的
2023,"超級不ok 東西跟甜點不行
這個裝潢燈光我坐不久就想走了
花蓮沒競爭唉 過了兩年再去吃，，變難吃了 店裡有好多貓 空間很寬敞 想必電費一定很貴⋯
認真的一對年輕夫妻 經營咖啡店真的辛苦了"
2024,"疫情期間不能去日本的話來這裡解解癮
甜點沒話說的好吃
整體店家氛圍也是厲害之處 很舒服的氛圍，有別於業界文青咖啡店，獨特的裝潢選物，室內採光隨便拍隨便好看，器皿看得出有精心挑選，去七星潭前先在這喝咖啡緩個心好面對新的人生挑戰😭 …"
2025,"走日式復古的風格，燈光內裝很有氣氛，甜點很好吃推昭和之心 蜂蜜奶油鬆餅非常好吃，一定要原味吃一片，沾奶油吃一片，再沾蜂蜜吃一片，超級好吃。
餐點好吃，咖啡好喝，冰檸咖啡也好喝。價錢跟味道都很好 CP值超高 還有可愛貓貓 超推薦！"
2026,氣氛好 有在日本咖啡店的感覺 甜點也好吃 貓咪可愛 餐點好吃 但是座位不多 建議先訂位
2027,甜點好吃 有特色 蛋糕 咖啡甜而不膩 環境舒適 愜意
2028,餐點精緻，環境復古！ 親人的貓貓咖啡店，還有捏陶藝術
2029,臨時走進來的小店 東西很好吃 東西好吃 服務有誠意 裝潢跟音樂氣氛超好
2030,咖啡佳，值得來❤️ 氣氛輕鬆，單品咖啡好☺️ 服務佳，草莓蛋糕尚可，檸檬蛋糕佳，冰淇淋佳，適合嗜甜者。 適合放鬆的好地方。 咖啡好，氣氛佳：）
2031,裝潢很美喜歡拍照的可以去，不過餐點還好 店裡的人很親切，貓咪也都被照顧得好好的，咖啡好喝，很適合下午去看看書放鬆一下，舒服的地方
2032,用餐地點很棒，有許多書籍能閱讀，是個放鬆的地方 服務介紹餐點詳細，裝潢復古，環境是舒服的。
2033,味道好喝服務親切 裝潢好，店內氣氛優良。蒙布朗好吃
2034,價位真的不親民但東西好吃且有特色 環境舒適，早餐的份量與內容不多但價格偏高
2035,環境不錯，咖啡也很好喝。 幽靜的氣氛，香醇的咖啡，份外的驚艷是店家安放在架上的雜誌，都是些很好的讀物。 昭和之心是花蓮最好吃的甜品，沒有之一 員工熱情友善。我點了青檸冰咖啡，酸酸的口味非常適合夏天！
2036,"甜點還不錯
飲料不怎麼樣。 氣氛佳，聊天好去處👍 … 鬆餅口感很特別 飲料也好喝"
2037,"甜點覺得不錯、服務就⋯ 花蓮必訪咖啡店之一
自家烘豆的咖啡館
豆子很新鮮，店內的咖啡及甜點都在水準之上。"
2038,"浪花一朵朵 浪慢咖啡的美景盡收眼底
配上一杯咖啡茶浪漫時光總是特別美好
2025/3/25依然被海深深吸引，藍色的海有著最療癒的氣息，半日的悠閒愜意讓人忘卻煩惱 20231021週末午後時光，陪著爸媽來坐坐喝咖啡，輕柔的音樂舒適的空間給予我們放鬆的下午，充滿書香的氣息讓人沉靜愜意 懷舊建築 享用美味甜點 很愜意 2025小年夜的今天下午，我們來到咖啡木，好多的木製工藝看得真喜歡，喵咪店長很吸睛可愛，咖啡餐點好吃 可以好好放鬆一下喲"
2039,"大家都來吃，所以這個通緝犯也來吃 「員工」素質真好><
巧克力mix 莓莓蛋糕味道超性感
☆*:.｡. o(≧▽≦)o .｡.:*☆"
2040,"裝潢不錯，東西有點甜 空間非常舒服不擁擠，難得還沒有被網美瞎妹攻佔的寧靜咖啡廳，有淡淡的檜木香氣，裝潢佈置看得出來非常用心，後面還有一塊小後院別有洞天。
咖啡也非常好喝，那天隨餐附的小甜點是可頌，非常的有水準，老闆娘很親切，這家是我目前去過 花蓮最頂的咖啡廳。
不過週末沒有營業（只營業週三四五），對於週末回鄉的遊子沒有機會常常造訪，有點可惜。"
2041,接電話的女店員我話都還沒說完直接掛，是不缺客人的意思嗎？ 要去的話，要先訂位比較好～ 點了松露義大利麵跟松阪豬拼盤，兩個人吃了700$，餐點好吃！推薦～但餐點出餐要等一段時間，時間充裕的人再來，還是很值得來吃！用餐環境、氣氛佳 服務人員親切有禮，餐廳氛圍很棒！舒芙蕾入口即化♥️
2042,"咖啡館很漂亮，食物也不錯。咖啡品質還有待提升。

價格貴得離譜。 甜點好吃，飲料普通"
2043,"昭和之心真的好食到驚艷啊～ 坐的很舒服和安靜～ 甜品真的真的真的真的真的真的是超驚艷的好吃！！
可以呆著坐非常舒服的地方 ( ´▽` )ﾉ
貓咪也很搞笑。"
2044,拿鐵的牛奶與咖啡融合地恰到好處，很順口！ 復古風～好吃！ 老闆的卡布很專業，也樂於分享咖啡沖煮經驗，真是開心花蓮又有一家很棒的咖啡館了！大推～
2045,"驚奇鬆餅退步好多!!嚇到的差異
送上來吃起來都軟軟的(指外皮不是內陷麻糬)
感覺配方有改 飲料選擇很少 但可以續杯~~
炸魚好吃 來訪兩次才成功
第一次大熱天前面有兩組客人再等 等了30分鐘後放棄
這次終於成功來訪-----秘訣就是14:00開門馬上到 這樣可以成為店家第一組客人 … 有可愛的貓!!!!! 會在你身上睡覺
咖啡中等水準 甜點厲害
整體文青綠意盎然又平價
貓咪讓人舒壓 手沖平價好喝 檸檬蛋糕好吃
店家推薦的蛋糕 很Q軟好吃
布丁不推薦 … 客人滿滿滿!!!現在剛好有促銷活動 同品項第二杯半價
點了冰熱拿鐵(很好喝~比較濃)
店內很多小巧思 最可愛的非屬貓咪了(有燙傷過要順毛摸喔)!!
推一個 小巷弄裡的咖啡廳 坐位不多
感覺是可以躲起來的小地方 店狗狗可愛-寵物友善
咖啡好喝 環境舒適 試營運有打折 咖啡喝了馬上醒腦
桌子都可以升降很酷！
不錯喝但有點小杯 小貴 建國路巷弄咖啡廳~其實車停在中山路停車格走小巷進來很快到
整體裝潢很不錯-很適合網美來訪
冷氣夠冷 也很舒適 有一層區域要脫鞋 … 北昌國小對面的宸誼咖啡
一進去就感受到滿滿的親切感
裡面有很適合親子的閱讀共享區
咖啡平價 鬆餅好吃 推薦唷 店內座位不多 以外帶為主
內用低消是一杯飲料
司康有點乾 但還算不錯 早午餐$280看起來豐盛但吃不飽
沙拉新鮮 蛋好少 麵包還不錯 雞腿煎的普通
義大利麵的麵條偏台式$179
咖啡不錯 隨餐換可扣抵’$20‘ 香草鬆餅很香好吃
熱玫瑰茶不錯喝 乾淨 舒服 自在 咖啡超好喝
適合待一下午的咖啡廳
超級推薦自由配甜點套餐 大推鬆餅  鮮奶油非常好吃
義式1+1很好喝~"
2046,"捲餅有嚼勁，很好吃！鬆餅也不錯。環境佳，有可愛的英鬥招牌犬。 我不太喝咖啡，但這裡的茶類也很專業。
I don't like coffee. Tea's better for me, and the tea offered here is also great."
2047,點一杯咖啡，吵雜的心可以慢慢沉靜。 氣氛很好。
2048,店內收藏，令人十分驚奇～～ 咖啡好喝，奶萃咖啡也很特別，但希望以後加點品項後可以延長一下用餐時間！
2049,不錯 第一次到訪非常喜歡～咖啡好喝、甜點也不錯！店小小的但很舒服，音樂也好聽，讓人心情愉悅放鬆😎下次一定會再回訪～幫孩子點的太妃糖牛奶也很讚！ …
2050,"氣氛超棒，甜點也超讚。每次經過都一定要來這家店嚐嚐，絕對值得。

對了，這家店的昭和之心也絕對不能錯過。 咖啡和可麗露都很棒。這是我喝過最好喝的可麗露。"
2051,親店貓、觀龜背、賞多肉、品咖啡、好發呆 城裡最棒的日式甜點店，室內設計細節精美，帶有昭和時代的韻味。值得一去，享用一杯美味的下午茶/咖啡。
2052,豆子新鮮 非常好喝 冰淇淋很小，泡芙的味道就像超市買的一樣。太貴了！ ！ ！
2053,"甜點好吃 空間也很不錯，老闆服務很好也很客氣👍 … 巧克力入口後沒有化口性，就是非常一般的巧克力，但價位很便宜包裝也很可愛，還有附上保冷劑很貼心 店家真的非常用心和禮貌介紹商品，戚風蛋糕本來在去之前看到評價滿高的但可能期待太高了覺得沒有想像中滿分，但價格真的都不貴還是會再光顧的店家 甜點不錯，塔皮雖然不是我喜愛的風味但我還是要給塔皮的外型100分，完全零瑕疵的塔皮、厚薄度一致、裡面直角都出來了是我第一次看到如此美麗的塔皮，整體甜點很剛好，但抹茶霜淇林不夠濃鬱，飲品尚可，還是會想再去的店 七年前的評論：點了店家推薦的芋泥莫札鮮奶油塔.....感覺沒什麼芋頭味，吃到嘴裡完全沒有濃郁感就是一個字「水」很淡，抹茶紅豆也很普通的普通，會覺得這樣的價位不符合CP質
七年後的評論：東西有越來越好吃回來加星星✨ 無懈可擊的甜點 非常好吃"
2054,適合與朋友或家人（2-4人）聚餐聊天❤️ 文青 咖啡店 看海 香草卡布、焦糖牛奶、熱蛋糕😍 … 文青
2055,"小店門口很多植物，不注意看容易錯過。店內燈光是一種昏暗的暖色調，周遭被一些古物、書籍、乾燥花包圍，整體跟老闆的咖啡吧台融為一體，看似雜亂卻又無違和。咖啡很棒，不做評論，味道留給懂喝的人去品嚐！ 香醇的咖啡+綿密紮實的布丁
嗯……真的感覺良好！ 偷偷跟你說，當你散步在花蓮市，如果能找到這隻浣熊，就可以有一份好吃的肉桂捲！ 日出大道旁的小店，白色的內裝看起來明亮舒適，有很明顯感受到店員的熱情，是市區咖啡店少有的特色。
加了檸檬的招牌冰咖啡喝起來清爽，微熱的可頌有奶油的搭配不至於太乾，口感來說還不錯，但給的那把刀似乎不太好切。
改天選個平日再來二訪…… 好吃哦"
2056,"熱情友善的咖啡師，技藝精湛。我們點了滴濾咖啡、短笛拿鐵、冰馥芮白和熱巧克力——每款都製作精良。就連當天的甜點香蕉蛋糕也擺盤精美，美味可口。

店面低調內斂，一進門就彷彿置身於另一個世界。如果你在花蓮尋找真正的咖啡，這裡絕對值得一去！ 這裡有美味的白朗峰和其他甜點"
2057,烘焙得很好的咖啡豆。 Great coffee roaster 會專程去帶豆
2058,老闆人有夠讚 😊 … 值得等待
2059,很道味 親切友善，迷人木質空間。大推。
2060,超級喜歡下次會來回購！女店員很可愛服務態度很好～ 咖啡很好喝，手沖種類蠻多的，也不會很貴，老闆娘和員工人都很好，很適合讀書 ，巧克力布朗尼真的很好吃😍，吃了一次後每次去都想點 … 貓咪可愛 食物好吃！平日來真的很舒服🥹 … 超喜歡這家店，氣氛很溫馨舒適，很適合在此消磨一個下午。甜點檸檬塔酸甜細緻，塔皮香酥，非常好吃。立馬加點檸香柚子生乳酪，是鹹鹹甜甜的，塔皮充滿了核桃非常好吃。拿鐵奶泡很細緻好喝。店貓超可愛很療癒。 達克瓦茲很好吃！難得有賣的店！有時候很想吃就會跑來買，這裡也很適合讀書空間很舒服
2061,很棒的店 👍 … 無敵的吧 咖啡好+氣氛好，值得一來再來的精品咖啡館
2062,"打卡送飲料，氣氛不錯 龍宮最吸引人的地方莫過於木質調綠意盎然的環境，Greta就是衝著這個座位而來阿！實際到訪後，倒是沒有很驚豔，感覺不用特地前來。

布丁雖然有茶味，但口感不滑嫩；肉桂捲雖然有檸檬味，但麵包的口感偏乾硬。兩道甜點都沒有抓住Greta的胃，好像沒吃到也不會感到惋惜。"
2063,"晚上悠閒聊天的好去處
巴斯克很好吃，蜂蜜拿鐵味道也很不錯 舒適的空間，好喝的咖啡，而且還很貼心的準備分享杯，讓大家都可以品嚐不同風味的咖啡"
2064,店長很熱心 咖啡也很好喝！豆子的選項很多 有在自己泡咖啡的朋友可以來看看 也有濾掛可以考慮✨ 好喝的手沖！店內裝潢可以更好😂 … 品項種類豐富，價格很平價，東西很好吃～老闆和藹可親，店內空間大，很安靜，還有提供書本很放鬆，是會想一直回訪的店～ 以前看到老闆做的甜點就很想嘗試了！沒想到老闆真的開店，祝生意興隆賺大錢(*ˉ︶ˉ*)，希望老闆看照片可以認出我哈哈😂終於記得要來評論了👍🏻 …
2065,"是個方方面面都滿分的好地方，
大推❤️ 精挑細選的器皿很貼心、不計成本的食材肯給予、寬敞舒適的空間不吝惜，老闆娘美善的分享與愛心，在店裡頭的每個細節裡表露無遺。"
2066,店裡很漂亮！餐點也都不錯～涼拌的東西很好吃～ 用餐氣氛好
2067,咖啡  甜點氛圍都很棒 手沖很棒
2068,很喜歡這裡的氛圍，下班放鬆的好處去，無論是餐飲，環境及服務都是誠意滿滿。 心中第一間咖啡店☕️ 鬆餅超好吃
2069,"友善的用餐環境，
酥酥的少女（杏仁派）給滿分💯
店內擺飾也很用心，
有機會還會再來☺️☺️☺️ … 👍🏻👍🏻👍🏻 …"
2070,很乾淨很有氛圍的一家店，拿鐵很小杯，但是還蠻適合拍照的。 喜歡淺焙的拿鐵～～非常好喝！老闆人也很好，推薦草莓戀人的豆子，手沖實在是太有酒味太好喝了👍 …
2071,"到訪時剛好是陰天 好險沒下雨
從門口到餐廳內展示很多彩繪石頭🪨原來是老闆娘手繪 非常厲害👍
戶外區可以邊看海邊喝咖啡 很讚 … 民宿老闆推薦，店內是漂流木主題的溫暖風格
連菜單都是木製的翻蓋菜單，非常用心
店貓可愛🐈有貓就給讚 …"
2072,"剛到門口就看到炭吉和胖吉兩隻喵喵在迎接，進去前要在門口拖鞋，嚕了一下貓才進去。 … 從樓梯拾級而下，映入眼簾的就是美麗廣闊的太平洋，讓人心曠神怡。
室內、室外都有位子，但既然來到這裡，當然要在室外吹海風看海景啊！由於這裡不能預約，而且人多時，用餐時間仍然長達3小時，老闆真的太佛心了，所以建議一開門就來最好喔！還有門口的入店須知要看清楚喔！ …"
2073,"喜歡聊天的話，老闆樂於分享咖啡經，當然，咖啡本身好而且會回甘！ 一間景很好，座位間距寬敞，價格也合理，是個很Chill的咖啡店。
用餐規則很清楚，店員也很nice，給人舒適的感覺。"
2074,很可愛氣氛很好的小店，老闆們笑容可掬感覺親切，咖啡也很好喝！ 第二次來，環境景色都很棒，咖啡飲品和餐點都非常ok（烤雞翅真的必點）ㄧ般景觀餐廳的餐點都不好吃或普通，但這家不會！非常意外！有來花東都會想來這邊坐坐！大推👍 … 舒服的一家小店，有三隻貓咪，一直聽說較害羞沒看到，另外兩隻都很親人，尤是是店長Mini🤣椰子氣泡美式好喝！ …
2075,"服務親切、座位舒適、餐點美味
附設兒童遊戲區及手作教學，可以讓家長安心用餐，聽說玩具會不定期更換，真的好用心。
好像還能舉辦抓周活動，我只有看到佈景，有需要的家長可以向店家詢問看看 … 不是很容易到達，下樓後經過幾次轉彎才能達到，上下樓梯需要小心
座位不少，有抵消，但在這看著海悠閒的過一個午後，很愜意
到處都可以看到商家用心的佈置"
2076,咖啡非常滴好喝 風景很美👍狗狗很可愛 …
2077,"貓貓好可愛，店內氣氛也很舒服 真的是一個望海發呆的好去處（下午來沒啥太陽🌞，更優）

座位區有分內外區，戶外很棒也有蒼蠅、螞蟻作陪😁（出來放鬆，就不要計較太多。難道您家就沒有蒼蠅跟螞蟻嗎？） …"
2078,"導航導到福建街那一側，咖啡館是在巷子裡，還好有回頭找，差點就錯過了…
店內有二隻會看門的臘腸狗，很乖的，不用擔心。厠所很乾淨，有點芳香燭，
咖啡好喝，蛋糕也很好吃，推薦！ 第一次來花蓮騎公路車，路過來喝咖啡，價格偏高，好喝是重點，休閒的好地方！ 帶老婆跟女兒來欣賞風景。有無敵海景，草皮很漂亮，奶茶也很好喝。二個打卡點：站牌與盪秋千，令人感動的站牌！收東西時也好感動！ 有低消與時間限制，有可愛的貓貓，有心情留言本，有好喝的咖啡，有好吃的蛋糕，在火車站附近，準備返鄉的遊子，可以來哦。"
2079,"甜點真的很好吃！
咖啡的香味濃郁🥰
鬆餅綿密，真的超級好吃 … 店員人很NICE～不會因為這算是觀光地區就大眼瞪小眼的對待客人，離開時還會主動跟我們說再見，讓我們覺得很暖心😍
雖然去花蓮的時候是陰天，但是跟對的人在一起還有這麼棒的風景就是舒服～
水果茶很好喝！推👍🏻👍🏻👍🏻👍🏻👍🏻👍🏻👍🏻 …"
2080,門口不好找，容易錯過，用導航到該路段要放慢速度仔細看，停車穿過小徑別有洞天，愛拍美照的朋友一定要來，緊鄰太平洋觀海聽濤放空的好地方，剝皮辣椒水餃我很推 位於大馬路旁小巷子裡的甜點工作室，不好找，但巷子口有小招牌指示動線方向，飲品與甜點都是工作室現作，水準不錯，店面屬窄長的簡約文青風，相當舒適
2081,"來到花蓮壽豐鄉（浪.慢咖啡）
不起眼的店招牌
真的會不小心錯過 … 花蓮最喜歡的甜點店！٩(˃̶͈̀௰˂̶͈́)و
芝麻費南雪最驚艷！熱熱吃超讚 咖哇伊的貓貓
愛貓一定要來貓都乖爆
咖啡也好喝"
2082,很好拍照的一家咖啡廳，室外座位有提供陽傘遮蔽還不錯，但夏天比較不耐熱的不建議前來 店面裝潢風格高雅卻又不會讓人有壓力，很多貓咪可以陪喝，杯子吸管和杯墊組合起來堪稱天作之合
2083,"意外收穫的美景～外表不起眼，走進樓梯後看到的美景盡收眼底，太晚發現這裡了，飲品不錯喝，裡面有一隻店狗「肉肉」，老闆跟老闆娘人很客氣，會收進口袋名單的一家咖啡店☕️ 賞鯨船導覽員推薦的花蓮最好吃雞蛋糕咖啡店 店內環境很好，狗狗也是其一
司康好吃，不會膩也不會太乾，是數一數二的好吃，客人也多，期待下次再訪 可可那美是椰子水口味的，喝起來很特別
西西里咖啡酸甜適中還帶氣泡口感很好喝
紙杯跟可麗露包裝都非常有質感 …"
2084,"初訪浪漫咖啡 位於遠雄大飯店附近
這邊有幾間咖啡廳
浪漫咖啡感覺是最棒的 … 應朋友要求來喝咖啡，非常文青且好聞的咖啡館，滿屋的檜木香氣，顯見老闆娘的用心，假日來喝咖啡 人潮不多，但真的是個網美景點，看一下評論才知道老闆娘是醫生娘，感覺是作興趣，但無損咖啡風味與用心，進來聞聞檜木的木材香氣就很值得，非常推薦來喝杯咖啡，咖啡200起跳，有各產地的黑咖啡也有拿鐵、卡布奇諾等選擇，咖啡附一份麵包，通常是可頌，裏面蠻好拍照，跟一般商業咖啡館又是不同層級，總之頗為推薦！"
2085,"新開幕的咖啡店，裡面別有洞天，景色很美，還有太平洋為背景的盪鞦韆可以拍照☺️

餐點有炸物、厚片&水餃，飲品除了咖啡也有冰沙、歐蕾等，價格合理，來到花蓮放慢腳步，在這放鬆看海很舒服❤️ 鬆餅真的很美味，老闆沒有騙人"
2086,"很佛系的老闆！

第一次遇到咖啡是由客人自由樂捐的😂 … 禮拜六下午去需要候位，建議前往的人們要先打電話詢問～
店內腹地不大，但是海景第一排，景色很好，有營造一些拍照的場景，雖然沒有另外兩家有名的網美店那麼多有的沒的，但拍起來也是挺不錯的！
如果平日來可以舒服的坐一下午，美中不足的地方就是隔壁民宿的冷氣主機在旁邊，熱氣會直接吹到下樓的人🥲 … 喜歡二樓的感覺～咖啡也好喝！
巧克力也很好吃！
還有很多書可以借來看！
很適合渡過一個悠閒的午後！"
2087,"很輕鬆愜意的地方，餐點也還不錯，重點是有一片無敵海景，建議坐到第一排視野更棒喔！ 甜點美味
裝潢精緻用心
咖啡普通（個人感受） …"
2088,"IG：jason_foodiee
花蓮•浪漫咖啡
記錄生活的reels！ … IG：jason_foodiee
花蓮•舊抽屜咖啡
📌嫩煎海鹽雞腿拼盤 230 … 花蓮•單行道咖啡
📌貓和老鼠芝士 110
📌健康美味雞肉捲 230 …"
2089,設計精美，用餐環境舒適，但咖啡卻很普通。 環境很舒適，可以看著海放空，還有很多適合拍照的空間，但咖啡喝起來很像便宜咖啡機按出來的。 好咖啡 好咖啡
2090,"提拉米蘇跟布丁都好吃！推推 風景好 也好拍 很愜意 低消是每人一份餐點 店狗肉肉很可愛 單品跟榛果拿鐵不錯
提拉米蘇跟網路看到的介紹外觀不同 味道ok但偏濕
檸檬塔夠酸 好吃 咖啡香 檜木香
甜點小屋已經開幕了
紅豆餅讚  中間加的那一片金桔 絕配"
2091,很漂亮的一整片風景，餐廳老闆非常熱情， 基本收費便宜， 推薦大家來這邊看海景 可愛的兩隻臘腸店狗，年輕的男女老闆娘 沖泡的好喝咖啡， 仔細介紹每一種咖啡的口味跟風味， 是一家非常有溫度的店， 狗狗可以一起來玩
2092,"從佈置和環境中的文字提示，可以知道是一家很用心經營的咖啡館～
餐點好吃，景色和草地上的擺設（鞦韆、長椅）很適合拍照 環境：空間寬敞、座位很多、座椅非常舒適！
烘焙咖啡豆的工作室是全透明的，可以讓人觀察烘豆的過程～ 有室外空間，把室外花園整理得很好，今天的不會到太熱，坐外面也很ok
室內外都有書架，有讚雜誌、繪本，可以放鬆地在這裡閱讀，也有人帶筆電在這使用。 … 真的是超級好吃的鬆餅~跟其他地方賣的很不一樣！
老闆很用心介紹餐點並講解餐點的吃法！"
2093,"老闆很貼心，很會觀察客人的需要，很樂於幫助。而且很擅長聊天！
整體而言非常有格調的一家店，絕對不可錯過
花蓮唯一開到凌晨1 2點的咖啡店 一個舒服、可以喝飲料看海的咖啡廳，有一些可以拍照的小設施，蠻可愛的 桌子太小，不過環境挺好，價格合理 價位稍高，環境佳，店主友善 食物不怎麼樣，又貴 蠻有情調，但太小太暗... 老闆人很好"
2094,"員工都好親切又美麗
去的當天下午下了一場大雨
海景有點灰濛濛的 … 甜點超好吃！黑糖鮮奶推推！闆娘超美超親切
想要偶遇老闆下午去就對了！"
2095,"隨意臨時找的景點卻令人超級驚艷
景色真的美的一個極致
很有國外風情 … 拿鐵有點糟糕
咖啡味淡薄更不用說完全沒有層次或是甘醇味
水準不及超商精品拿鐵"
2096,"就算過了好幾個月，還是清楚記得這裡的美好然後寫下評論！

店員們的親切及無距離感的聊天。 … 店內外被大群觀葉植物包圍好不愜意😍
不過飲料部分自己是覺得還好
（包括現打果汁） … 舒服的空間，舒服的店員，舒服的兩喵，舒服的享受。
第一次看到這麼強的拉花！複雜度很高！
拿鐵咖啡是自己喜歡的帶一點點苦味和鮮乳交融的口感。 … 看到老闆回覆每則評論，就知道是真的很想要知道客人的感受以及任何指教去做改善。

因為今天天氣不好，所以看到的海景不是那種漂亮的亮藍色，而是帶點灰的顏色，覺得可惜，下次要挑個好天氣再來光顧。 … 一踏進門口以為是回到了80年代歐美地區的大飯店櫃檯，再往裡面走又是一陣驚嘆🫢，只能說老闆對於店內的設計下了很多用心。

豆油店狗也是很浮誇，還沒點餐的時候去找他玩他似乎不太想理我，等到餐點上桌他逕自的跑上脫鞋區來討吃⋯⋯🤷‍♂️ … 檸檬美式$110
應該就是西西里的意思吧？咖啡味道比重較高，偏愛檸檬酸味的我可能不適合，因為檸檬佔比比較少，不太有酸的風味。
外帶咖啡杯挺有質感的，杯蓋設計不錯。 …"
2097,"很放鬆的地方，咖啡跟炸物都很好吃
老闆、老闆娘都很親切，環境維護的很乾淨
還有一隻可愛的邊牧肉肉～～～ 簡白的外觀，一排玻璃窗與綠色植物點綴
很難不讓人走進一探究近
店內很難不發現她們的細心與小巧思 …"
2098,老闆人很親切，座位很舒適。氣氛非常輕鬆，是個可以舒服自在待上一個下午的地方。 很美的咖啡廳，可以看到漂亮的大海，環境也整理的很乾淨感受得到老闆的用心，服務員也都很親切☺️
2099,"首先被拉花完完全全驚艷到！
超級細緻的紋路，根本捨不得喝～
這次喝的是“熱蜂蜜肉桂拿鐵”， … 環境非常舒服，狗狗和小孩都可以活動
一直想找個可以慢慢看海慢慢享受的地方
非常幸運可以相遇 … 很舒服的空間，是老宅和自我風格的融合

只喜歡拿鐵的我都被檸檬美式收服了～ …"
2100,"聽海浪聲、吹海風很放鬆的地方❤️飲品都蠻好喝的！服務人員態度親切～可惜室內座位較少，如果室內座位增多一定更人滿為患～那算了😂坐在戶外比較有度假的fu，但不建議夏日正中午，秋天還會想來再訪😊😊 … 絕對會超過三訪的美店❤️❤️❤️
肉桂捲驚艷到了😍冰手沖咖啡也非常好喝！ …"
2101,"咖啡好喝，鬆餅好吃，服務人員態度超好，再忙也不會擺臭臉，不過頗貴 椒麻雞跟台客燒肉好吃
莓果果昔有點淡 環境不錯，餐點好普通，晚上離打烊時間還有一個多小時，冷氣就被關掉 離營業時間結束前2小時進去消費
進去時有三組客人。 …"
2102,"店員服務態度很好
視野好，也有露天和室內的位子可以選擇
甜點也好吃～ 去完七星潭剛好可以來龍宮吃個下午茶，店內環境非常舒服也不限時，可以來這放鬆逃離一下現實也挺不賴☺️"
2103,美景、美地、美食；舒服的服務，平日來絕對是放空、耍廢的好地方 很有感覺的店，很有深度的闆娘兼咖啡烘焙師，看的出來對小店的用心；小小的店，內含大大的咖啡領域，咖啡控可以來走走，絕不踩雷
2104,"環境舒服😌超適合坐著休息一整天
咖啡和甜品都很棒
多肉植物也有在販售 … 老闆幽默風趣
餐點雖然慢了一些
但老闆跟服務生的應對 … 非常不錯 貓咪寵物友善空間💕
貓咪都好可愛，很溫馴～空間很大，很舒適，還有大大的頭螢幕播放影集，甜點🍮很不錯，咖啡也很讚，價格也合理。
離火車站很近，要等車的夥伴們，也能在這邊休息片刻，再出發唷 👍 … 花蓮市必訪，冰滴咖啡非常厲害。不過要喝習慣咖啡不同風味的愛好者，比較可以感受到。 用餐環境很舒適，有榻榻米座位區，可以觀看窗外的火車行駛
很是愜意😌
蛋糕🍰還不錯👍咖啡選擇算多 …"
2105,服務好 餐點有水準 環境優雅 吃飯很舒服的地方 環境有特色  餐點好吃用心  是很值得在來的店家 樹人街的店面已很有味道了，但第一次來到成功街，沒想到這裡的ㄧ切我都好喜歡，加上好吃的點心及濃鬱的咖啡香，真的非常舒服放鬆的好地方 羊膝很推 羊奶吐司 好柔軟 飲料都很好喝 值得推推
2106,"貓咪陪玩小朋友很開心
咖啡好喝 鬆餅擺飾很可愛
店員親切 悠閑休息的好地方 可愛的一家咖啡廳，有很多可愛的石頭彩繪
店員親切 美式咖啡不錯👌
漂亮的海景 很放鬆❤️ …"
2107,"位置不太顯眼的咖啡店！
服務態度超級好、店內的造景設計很美
店家在座位擺設上可以說是十分的用心、不會為了賺錢擺滿桌椅、而是讓客人座位間都保持適當距離、彼此不會互相干擾且更容易取景拍照！消費合理餐點口味也不錯！ 感謝老闆替我們製造非常美好的用餐體驗，不但向我們介紹全臺灣最好吃鬆餅的正確吃法，還熱情地向我們示範如何正確的沖泡咖啡，提煉出咖啡不同段的香味.酸味.甜味，還用音樂家系列的咖啡豆（莫札特及巴哈），顛覆我們對咖啡的既定印象！ …"
2108,風景優美，飲料也不隨便，很適合情侶或者來海邊放空，裡面的服務人員都非常專業而去服務態度一極棒！絕對是五星！ 超級厲害的咖啡廳，本來以為店門外觀很普通，但一進來確是別有洞天！尤其是美麗的大後花園，真的讓人很驚艷於這裡的氣氛！
2109,"天氣很好，看海放鬆放空的好所在。 偶像路過，進來尋早午餐。
很舒服的咖啡廳❤年輕老闆很親切，店內氣氛很不錯，環境舒適，拍照燈光也好看。
店貓--米糕超級親人，很愛讓人幫拍屁屁~到處找人幫他拍拍！
餐點也很好吃，會讓我想再來的店！"
2110,"等車的空檔來到這間老英式咖啡廳，點了杯拿鐵☕️口感很滑順伴有很美很美的拉花，巴西人嚐起來很像提拉米蘇的味道，巴斯克蛋糕吃幾口下來也不會很膩，反而帶有一點淡淡的檸檬香； 也可以跟老闆聊聊天，老闆很健談風趣；是個美好的午後。 每個人低消是菜單任一餐點
老闆很熱情唷"
2111,位置不多，週六人潮超多！手沖咖啡很好喝，我們忍不住買了一包～蛋糕也一定要點，真的是開了一長段路後最幸福的下午茶套組 店面不大但咖啡濾掛跟咖啡豆擺設很可以，這邊咖啡只能外帶，但外帶杯很有質感！咖啡好喝～～～ 我是八月底去的，那時候好像才新開，在海線咖啡廳都滿爆的時候經過就來了，風景非常美，西西里咖啡非常好喝
2112,"2021.12.30到訪
老闆和老闆娘的態度親切
整個裝潢也很溫馨 … 很有氣氛的小店
老闆娘人親切手靈巧 …"
2113,"很漂亮！很舒服！ 浪慢奶茶好好喝，好喜歡！

整個環境都浪漫！"
2114,"一般在咖啡廳都只能吃到微波加熱食物，在這家餐廳能吃到好吃的現做餐點，飲料我們今天點了阿里山手沖，蜜香紅茶，現榨蘋果汁，都非常專業好喝，室內挑高的空間很舒適，有機會來花蓮一定會再來試看看它的早餐 適合放空
聽海的聲音很舒服😌
天氣好更棒了 …"
2115,"環境優雅舒適

餐點美味可口 大門有玄機

巧思創意佳 …"
2116,"漂亮又寬敞的店、好喝的咖啡、可愛的貓，菜單很特別 無敵海景，愜意悠閒的地方
闆娘非常親切"
2117,"風景漂亮，飲料還行
景觀咖啡廳的價錢
就當作耍廢放鬆看海的地方 徬徨在花蓮市區的好去處，環境清幽還有親人的貓咪，不說了先喝一杯熱咖啡暖暖胃～"
2118,吹著海風，聽著海浪聲，推薦大家來花蓮一定要來，服務好環境好，東西又好👍🏻 … 此次來花蓮的口袋名單，謝謝老闆娘讓我們提前入內等候，一進店內充滿香氣的味道，有種幸福的感覺，司康真的外皮酥脆內餡鬆軟，推薦芋頭口味😊意猶未盡吃完還要外帶回家吃，飲品也很用心製作👍🏻值得推薦大家來。 …
2119,"寵物友善店喔🥰
海景ㄧ級棒❤️❤️❤️ … 義大利麵很好吃😋 … 深夜的咖啡廳
手沖甜
完美的陽台，太愛了，個人很洗歡 …"
2120,餐點很好吃！店狗很可愛 每個口味都不錯👍🏻！！味道很搭很有層次，愛吃酸的強推檸檬派🍋～ … 推薦辣奶醬！！
2121,從路口走到店面需要走樓梯，對於腳程不方便的人比較不適合，店面室內座不多，戶外空間較大，座位數一樣不多，有人數總量管制，對於不常看海的人可以去走走 有特色的鬆餅，老闆會教大家吃，漸進式的刺激味蕾，獨特的單品豆咖啡，有蜜香紅茶口感的，也有喝起來像啤酒味的，只會讓你陶醉不會讓你酒醉
2122,"服務員態度非常好，食物平價且不難吃，景觀非常非常優秀，會考慮回訪 口味多樣，價格平實的司康專賣店。
外帶會提供小卡片提醒如何回家處理餐點，內用的環境也非常舒適，機率性遇到可愛柯基在店內治癒身心，非常適合有空時來坐坐。"
2123,"很喜歡這裡的氛圍，必定再訪。 直接愛上這家餐廳😍
必定推薦給我們家的房客🥰
然後我兩週已經去了三次了🥹 …"
2124,很放鬆的一個擼貓下午茶店，貓咪在你跟邊穿梭，摸他一下整個心情都放鬆了，鬆餅好吃又好拍。 放鬆看海勝地，除了有蚊子外，沒有其他不去的理由。
2125,"浪慢的西西里咖啡超好喝，很經典，喝西西里配海景頂級享受 謝謝你們，讓我在花蓮多個咖啡廳碰壁之後，找到了一個可以救贖的地方

空間設計質感好、服務細緻、友善，感謝你們❤️"
2126,寵物友善 店裡科基很可愛 鹹蛋黃司康好吃 寵物友善 很好拍 小狗很開心：）
2127,"看海放鬆喝咖啡的好地方😍 … 晚上氣氛悠閒

偏暗的燈光能讓人放鬆 …"
2128,"好喝耶～還有口愛的拉花 有來花蓮或是花蓮在地的朋友們～
一定要來這裡走一回~
一次就讓你愛上這裡的人事物！😆 …"
2129,"風景好美 咖啡好喝
23/01/31 東西便宜好吃，店裡空間很舒服，廁所很乾淨(真的很讚)，不限時還開到2點的咖啡廳哪裡找😍 …"
2130,"清涼的飲料配漂亮的海真的絕了！🥰 … 早上就能待在這麼棒的咖啡廳真幸福～
空間舒服 食物好吃 院子還有可愛的植物"
2131,享受花蓮人文氣息的地方，咖啡很好喝。 太太很喜歡在這裡工作休息的太平洋景觀咖啡屋，餐點不錯而且老闆娘待人非常好!
2132,"古味的日式建築咖啡廳，千層蛋糕很好吃，飲料也很好喝，老闆娘很用心經營，整個很放鬆，謝謝給我一個愉快的下午。 身為花蓮人經過了幾百次都沒進來過
這次是透過朋友鼎力推薦才慕名而來😍
店家的服務態度很親切！ … 有貓有加分👍👍👍
店貓不怕生，很好摸
飲料很大杯，炸物現炸～ … 全台灣最好吃的鬆餅 風景真的很美～😍
但服務態度要再加強😅 …"
2133,環境優美 氣氛舒適 餐點用心 老闆人超好 好吃好喝風景美
2134,"不是一般網美咖啡店
是從裝潢到餐飲再到服務
可以感受滿滿用心和誠意的“完美”💯☕️店 … 很chill的一間濱海咖啡店🏖
親切友善
飲料也不錯喝 …"
2135,餐點CP值高，用餐人潮較多，整體步調有點快速與緊張，有進步空間！ 東西特別，服務可以多一點溫度！
2136,"風景真的漂亮
吹海風 喝咖啡 真愜意 環境安靜又舒服，燈光對讀書的人讚，店內有貓偶爾會循場一下🤣咖啡好喝，提拉米蘇有濃厚的酒味，我是第一次吃到，驚艷到我的味覺！ 非常推薦喔👍 …"
2137,"三顆星星給風景，店內冰沙⋯ 店內舒適
適合聊天吃甜點
大人no布丁 添加蘭姆酒 …"
2138,"風景美，餐點不錯。😂 … 甜點好吃，茶也不錯！
大推布丁，不會很甜❤️"
2139,舒服放鬆的好地方～ 外帶拿鐵 好好喝 驚艷！
2140,餐點不錯，服務親切，唯室內有味道，應該可以改善的~ 店面小巧精緻，下午甜點超讚，服務周到，很棒的體驗，生意很好，記得先訂位～
2141,深深陶醉在湛藍太平洋。 美味與情境兼備的咖啡館
2142,休閒海風 不錯哦… 太棒了，有停車位 平價好吃
2143,非常適合在Instagram上分享的咖啡館，海景美極了！天氣好的時候來這裡逛逛再好不過了！ 我在花蓮玩的時候一直在找一家可以辦公的咖啡館，很高興偶然發現了這家。這家咖啡館非常適合數位遊民，有電源插頭，有無線網絡，桌子高度還可以調整！ ！這是我去過的第一家有可調式桌子的咖啡館💯 …
2144,鬆餅確實美味可口 美麗的海灘和美味的食物 溫馨又充滿藝術氣息
2145,氣氛食物不錯 餐點好吃。氣氛服務都不錯。值得推薦。
2146,"推檸檬塔!!!!!
這個酸度超剛好好喜歡!!!!
因為人多被帶往二樓(這才發現有二樓😂) … 很有氛圍的地方
鬆餅好吃♡ 鬆餅很好吃~
氣氛非常棒~
唯希望能多開發素食者能吃的餐點~"
2147,好的 布朗尼烤太焦 cp值很低 服務普通 把我的餐點送錯 說是最後一份 只能改點別的 中午去大部分的餐點都賣完了
2148,"並非安靜的環境，原以為是間安靜場所，點了食物與飲料內用，但來了一位中年婦女開始扯開嗓門向老闆炫耀自己女兒的男友是牙醫云云，沒打算停下來的大聊超過半小時，無法忍受噪音的我只好離開另闢安靜場所。 … 店名有台羅拼音有影使人感動
咖啡好啉，甜路嘛好食，佇遮食無限時，食飽䖙咧嘛誠四序。
佇花蓮的台派實在無簡單，後擺若來𨑨迌決定會來支持﻿ヽ(*´∀｀) …"
2149,"空間小小的～稍微擁擠了一點，但也不會因此吵雜

不曉得甜點是不是都不會擺放出來， … 老闆娘很漂亮😝餐點很好吃❤️ … 二樓空間很舒適、提供書本可以看 很開心在這邊看了一本書！

咖啡味道很順口、肉桂捲是這幾天在花蓮吃到最好吃的！希望有機會可以再訪！ 店內很安靜，配上些微的音樂聲，很適合獨處

第一次品嚐燕麥奶拿鐵，很順口 … 在北濱海邊，滿有味道的小店～
蛋糕和咖啡都不錯，店貓很可愛很親人🥰，很適合午後小憩😌 … 三明治很讚蔬菜很多雞腿很嫩👍
如果拿鐵可以熱一些就完美了 … 店員很帥暈了"
2150,"拿鐵好好喝～～～～～～❤️ 拿鐵好喝～肉桂捲心中第一名
提拉米蘇有酒味會更完美😬 … 冬瓜檸檬美式好喝！
手沖有水準 老闆還很搞剛削自己削冰塊👍
老闆說集滿1000個五顆心就要退休
只好先給四顆🌟保留一顆了🤣🤣 …"
2151,"堇色espresso($100)：是我喝過最濃郁的那種，有酒香與莓果酸味，第一口酸味非常衝擊舌頭，接著是濃郁的苦味與酒味，非常有特色，值得品嚐。
焦糖布丁($120)：蛋香濃郁，口感超級紮實，且焦糖帶有一絲炭燒的尾韻，整體甜但吃光光也不覺得膩口。
抹茶戚風($130)：抹茶戚風本身只有抹茶清香，微苦微甜，蛋糕口感柔軟舒適，搭配濃重酸味的柚子鮮奶油，我會認為主角是柚子而非抹茶。可是整體風味是清爽怡人的。 … 番茄口味的巴斯克，吃起來很有意思！

5/2三訪 … 已經很久沒有被店家驚艷到了！
因著同事推薦，來吃這家鬆餅。
一坐定位，老闆秉持自信與堅持很熱情的介紹自家咖啡，令人懾服，可惜本次只是為了鬆餅而來。 …"
2152,"拿鐵順口好喝
沙發位超舒服🥰🥰🥰 … 整體氛圍很讚的咖啡館
來朝聖一下花蓮民主聖地🤣
拿鐵好喝耶！ … 拿鐵好喝！肉桂捲讚！ 因為下雨意外找到的店，店員很親切，飲料超好喝，樓上2樓還有小朋友攝影作品可以欣賞，書都可以借閱，很用心的一間店"
2153,"這家咖啡廳看了很久，這次終於有時間進來好好享受，位置位於大馬路旁算非常好找，小小的店面卻充滿了海洋的氛圍，喜歡海洋的人這家咖啡廳確實是非常推薦。 … 因朋友推薦而來的一家咖啡廳，店門外被植物給包圍，進店內後只有一個想法是，這裡也太漂亮了吧！
老闆娘非常的熱情好客，是可以感受到對於「咖啡」是非常專研的，因為自己對咖啡不太熟悉，問了菜單幾樣咖啡，老闆娘都可以馬上分析這一款是什麼類型的咖啡，甚至可以把咖啡形容的好像是一位朋友，真的令人印象非常深刻，也打從心裡的佩服，是非常有趣而不會無聊的咖啡廳。 … 這家咖啡廳隱藏到如果沒有認真看還真的蠻容易錯過，店門外種植了許多植物，招牌被包圍著真的很美，老闆非常客氣也和藹可親，還借介紹了各種咖啡豆的香氣，後面才知道原來老闆是說日文的，這樣的氣質加上氛圍感多了一些特別的感覺。
因為第一次來加上當下氛圍的感覺，就點了老闆推薦有得名的「夕陽」咖啡，及日本直送的「熱蛋糕」，這兩樣搭配起來真的很讚，尤其是配上舒服的音樂，身心靈確定是舒服的。 … 這一家舊抽屜咖啡廳每次在騎車工作往返的時候都會經過，因為是在馬路旁邊綠意盎然，所以店面非常吸引人，外面也設置一個很像公車站牌的站牌被各種植物給包圍，確實是有一種進入叢林的放鬆感。 … 是從網路google評論找到的咖啡廳，這家咖啡廳位於二樓，需要走樓梯上去的咖啡廳，再進去門口之前，門外貼了很多貼紙，貼紙上面有非常多文字，一看到門口的畫面就迫不及待想要一探就近。 … 先從外觀來說，這家咖啡廳外在其實蠻吸引人的，除了大大的店名之外，色系用了簡單的黑、白兩色居多，在花蓮火車站附近算特別了。 …"
2154,Fantastic! 自己選豆子店家手沖，也可購買咖啡豆。最近多了一隻店貓。 咖啡好喝，價格平價，店員好聊，很多很棒的漫畫！不是海賊王、七龍珠主流的那種，是望月峯太郎、古谷實、松阪大洋等的這種！讚啦！
2155,"氣氛舒服放鬆，費南雪有杏仁茶的杏仁味，經詢問不是搞錯杏仁粉，是為了讓杏仁香氣比較明顯！雖然驚訝但基本上是好吃的甜點，外酥內軟，手沖蠻大一壺的，風味不錯。 撲空多次，終於遇到老闆開店，老闆人很nice，今天喝了淺焙拿鐵與谷吉冰手沖，香氣清楚甜感佳，兩杯都很棒！ 義式濃縮順口好喝，環境舒適
西班牙小拿鐵，酒香、葡萄乾與巧克力風味很棒 咖啡好大杯，風味也非常好，價位cp值很高，店裡還有很多好看的漫畫跟書籍"
2156,"寬敞舒適，有種莊園感，與現在常見的獨立咖啡廳氛圍大相逕庭，別有一番情調。

大力推薦鬆餅（+3球冰淇淋），鬆餅本身加點鹽，鬆軟有層次，冰淇淋也暗藏玄機，是份會讓人想回訪的下午茶點。 ✨肉桂捲（$80）：肉桂超濃，口感紮實，價格親民，過甜容易膩口仍瑕不掩瑜。

☕澳白（$130）：讓人會想回訪的咖啡，不澀口🥺 … 2024.12

還真的回來花蓮當研究生，超友善學生的收費與設備，市區大概找不到第二間了，大概每個月會來至少一次😍 …"
2157,"店裡面有三隻貓，有兩隻很親人~
很可愛的一家小店 價格友善老闆親切👍
很適合期末需要趕報告的菸酒生🥹
（店內還有隱藏的酒品可以問老闆) …"
2158,"「北非」是一家以我很愛的摩洛哥風格為主題的咖啡甜點店，所以特地來朝聖一下！
其中以高級食材延伸的車輪餅最讓人印象深刻，創意跟新鮮感都很吸引人，選了甜甜酸酸的肉桂蘋果卡士達口味，配了一杯有玫瑰香氣的手沖咖啡，彷彿真的到了那個充滿精油跟香料的國度！很令人嚮往的感官享受～ 花蓮難得的深夜咖啡館，很棒的二樓空間！老闆跟工作人員個性都很和善健談，整體氛圍舒服，如果住附近會想常來的好店！
而且老闆本身的烘豆專業，讓人喝起咖啡非常安心！"
2159,"花蓮手沖前三水準的店家。菜單參考就好，直接跟店員說偏好的風味，老闆自然會幫你挑選合適的豆子（跟調酒有點像）。第一次造訪印象極佳，店內無論裝潢氛圍都很舒適，甜點部分較少，但不影響評價（重點在咖啡），抹茶鬆餅不甜膩附有非營業用冰淇淋，價位也適中。願意一個月來個兩三次品嚐新豆，也希望能繼續維持高品質。 下午茶套餐相當划算，特別是飲品包含手沖著實令人驚訝一下。
本人偏好日曬豆，店家確實有沖煮出特有的酒香發酵味。友人挑選的豆子，花香味就沒這麼明顯，可能跟批次有點關聯，但不影響回訪意願。
店家環境及氛圍不差，只是當日不巧遇上家族出遊的客人，小孩東奔西跑喧嘩多少壞了興致，也不能歸責店家，只能摸摸鼻子早點離開，希望下次能好好享受午後的悠閒。 舒服明亮的空間
座位不多相對安靜
適合看看書度過悠閒時光 … 店員態度相當親切
單品咖啡有一定品質
甜點相較之下略為遜色
座位不多適合三倆好友聚會 因為肉桂捲而造訪，卻被店家咖啡驚豔到，很難想像青旅也能喝到不錯的美式及卡布。
原味肉桂捲沒有多餘焦糖或糖霜，單純肉桂味很清爽，但口感偏麵包多一些，與個人喜好不同。
店內的器皿相當有特色，連水杯都不馬虎，建議造訪前先確認有無座位，有機會再嘗試鹹食類餐點。 很居家的咖啡廳
今日甜點是檸檬蜂蜜蛋糕
檸檬的酸減低糖霜的甜膩感 … 這間算是花蓮咖啡廳始祖了吧
疫情期間外帶過沙拉覺得不錯
但店內用餐的感覺卻沒當初驚艷 … 二訪
咖啡中規中矩，甜點以塔類為主，份量精緻，可能因為柳橙偏酸，有加較多糖調味，抹茶冰淇淋意外好吃。
店內空間不大，有店貓可供玩耍。 義式單品表現平平，手沖味道有出來但稍淡，可能是粉水比上的差異。
提拉米蘇令人驚艷，很道地的作法，整體濕潤甜而不膩，讓人一口接一口停不下來，會想嘗試其他甜點。
另有添購兩包豆子，日曬耶加風味佳，現在購買還有折扣，非常超值喔 即使是義式咖啡一點也不馬虎
豆子都是精心挑選層次分明
會想回訪試試手沖 … 裝潢佈置音樂讓人放鬆
適合使用電腦或看書
手沖價格平易近人🥹 …"
2160,"整體來說價格偏高、座位很少、食物品項不算多
這次很幸運有位置也有停車位但就有點小失望！ … 老闆很親切（還請吃草莓🍓）
氣氛很安靜可以在這邊讀書
食物咖啡的cp值都超高！
營業時間很長，座位很舒服！ …"
2161,"檸檬美式，黑糖加爆
又酸又甜又咖啡
舒服 早班店員很北七
長髮怪人
老闆比較帥 …"
2162,"最愛西西里跟布丁，舒服的空間，長髮男幹話百分百，台派店家，一定是大拇指 餐點價格含一杯飲料，份量中等，蠻好吃，有wifi，蔬果汁很新鮮不會太甜，推使用紙吸管的店家。 草莓蛋糕很樸實，奶油不會太甜，整體吃起來很溫和，260的定價對我來說有點負擔，或許我下次該試試戚風蛋糕或布丁。

上飲品的時候老闆會在桌邊跟我說明使用咖啡的烘焙度以及品嚐咖啡後濃淡的程度他可以再調整；今天招待了我小杯的包種茶我非常喜歡。 … 希望這間店可以營運的很好，又希望每次自己來用餐的時候都可以包場。 特地為了美崙米老鼠貼紙前往XD 今天買了焦糖肉桂捲跟燕麥拿鐵，兩個品項都很好吃，抵達現場才發現有少數露天位置，氣氛很好，下次想來現場用餐～～ 好喝的咖啡，優質的音樂品味。我這個人很簡單，有貓我就。"
2163,"這間咖啡廳位在定置漁場的樓上
環境很乾淨 飲品也很不賴
然後甜點菜單上有菜燕 很特別(*¯︶¯*) … 甜點特別又好吃！闆娘人很好很熱情！今天天氣好適合坐在窗邊的位置🪟🤎 …"
2164,"很舒服的環境！
可以感受到老闆的用心！😆😊
晚上來喝一杯咖啡！舒服好喝👍🏻👌 … 今天點了衣索比亞-孔加-日曬
超級好喝呀～
香氣、酸質、舒服 真享受！ 花蓮超讚的好地方！
咖啡超讚😆😆😆
老闆很健談唷！ … 藏在巷子裡面😆👍🏻
幸好有被我找到，真的很舒服的環境😆👍🏻
偶爾還有火車經過，我感覺彷彿置身在日本😆👍🏻 …"
2165,"咖啡很好喝 加冬瓜那個非常順口飽滿
老闆很有趣
台派 髒髒好喝
老闆非常專業
貓咪薯餅很可愛"
2166,"推海鹽雞腿🍗超嫩超好吃！ … 大推手沖！！店員很帥咖啡又好喝
環境舒服的店～"
2167,"很舒服的空間！大大的落地窗，採光很好！陽台的也很好拍照！店員很會聊天XD ［夏季限定］芒果司康塔！
夏天吃非常清爽！！！內餡為新鮮芒果及鮮奶油，兩個口味司康（桂花烏龍蜜、抹茶麻糬），茶香味搭配上水果的清甜，味道都不會過於濃厚，而會在舌尖慢慢品嚐到司康、鮮奶油、芒果綜合的香甜滋味！ …"
2168,"我們等了快30分鐘，後來兩組人，但卻先給後來來的兩組人，詢問服務人員，回答卻是我不知道。如果有固定的候位區，卻沒有一開始就先說。而是在反應的時候才說。在等的過程也不斷的看到我們坐在旁邊等。餐廳規則說［很要求自己的態度，但如果不給好臉色，會把態度收回］我真的不知道，服務員的一句［我不知道欸］，是甚麼好態度？？
*事後應該是老闆看到評論，有過來解釋過程跟當下情況。除此之外環境跟商品都是不錯的 咖啡很好喝，整體裝潢很有氣氛 服務人員待人親切，餐點好吃加上美景根本絕配！絕對會在二訪的優質好店～ 麻糬鬆餅很好吃，吃得很飽，建議二到三個人吃一份"
2169,"氣氛跟環境都很棒很喜歡！
好店大推 是一間好讚ㄉ嘎逼廳😍😍😍 …"
2170,咖啡好喝 老闆是帥哥 老闆很用心及專業的介紹咖啡以及鬆餅，相信老闆就對了
2171,"氣氛好的咖啡店！
東西好吃又有可愛貓貓，推薦哦～ 才來一次就成為花蓮愛店
不僅咖啡好喝，環境氣氛都非常舒服
喜歡到不想跟人分享的好地方 店內有一隻可愛的柯基
11:00入內享用，都沒有人，老闆正在忙進忙出的烤司康，整間店都香香的，內用有低消一杯飲品或消費$150
司康平均價格都落在$60-$65之間，屬於中等價位 …"
2172,"來了半寓無數次，才想到原來還沒在google 評論過。
去年搬來花蓮長居後，一直有在花蓮市尋覓與嘗試不同的咖啡廳。但到頭來，最喜歡的依舊是半寓。 … 離開花蓮的最後一站。也是初逢花蓮的第一站。百感交集，，，感觸良多、、、感謝花蓮。感謝萬物。。。🙏 … 環境很舒適放鬆，點一杯飲品就附贈一塊手工餅乾。餅乾的芝麻香氣很濃郁，沒有過多的人工調味，很喜歡。
不管是門口的兩隻黑貓還是店內的兩隻貓貓都很可愛( ˊ̱˂˃ˋ̱ )"
2173,"專注工作的好地方！手沖咖啡超好喝，冰拿鐵會上癮，要常常回來解饞XD
喔！對了！咖啡師手藝好又帥 春節特別款咖頌超好吃！
咖啡就是好喝~三不五十翹班來chill一下"
2174,"氣氛好，咖啡從熱到冷都很順口美味
店員很有趣 舒服的氣氛，甜蜜的莫札特，美崙的好咖啡"
2175,有wifi，數量充足的插座，採光明亮的位置，對筆電族來說是不可多得的好地方。咖啡好喝，甜點美味，適合在這裡坐一個下午。 有插座、有wifi、座位夠多、開得夠晚，非常符合我個人的工作時間和形式。推薦飲料冬瓜拿鐵和冬瓜美式，非常好喝。
2176,老闆很細心很可愛，咖啡豆的風味很有層次耐人尋味，就是喜歡~ 咖啡和蛋糕好吃～店內空間舒服放鬆！
2177,"環境蠻喜歡的很舒適，氣氛很特別，店員很特別有別一般咖啡廳的店員， 環境很喜歡～
不過希望能增加甜點的選擇～
例如：小蛋糕或是吐司之類的 …"
2178,趕論文好地方，但還是希望大家不要趕論文⋯⋯，快樂的來這裡⋯ 對的人，對的咖啡，對的甜點，心情自然對了！
2179,"超讚！ 單品好喝！老闆很熱心
升降桌很讚適合上班"
2180,"給帥哥老闆五星好評
巴斯克真滴猛🆒 … 喜歡偏苦ㄉ提拉米蘇可以來！
我覺得蠻好吃的 氛圍也好讚～～
而且好多好可愛的小擺設！我超喜歡🤩 …"
2181,店員很親切，藍莓乳酪蛋糕很好吃 店員友善又幽默，半夜的好去處，水餃好吃🥟 …
2182,"中規中矩的咖啡店
但內有貓貓 花蓮少數開到凌晨的咖啡廳
這讓夜貓子的我非常開心
店內非常舒服 …"
2183,如果說一生只能選擇去一間咖啡廳的話，我會毫不猶豫的決定是坡上，在裝潢、氣氛還有餐點都是十分講究的，若是不趕時間的話，真的很值得坐下來細細品味，好好的留意周遭，去感受老闆對於這間店的堅持及用心，最後只能說認真的人最酷了。 炸魚很好吃，店裡養的兔子也很可愛，咖啡就不用贅述了十分好喝。 隱身在加油站氣氛很棒的咖啡店，老闆烘豆&手沖值得推薦
2184,"餐點環境都很讚，但老闆會在店裡開擴音講電話😅
是喔，男老闆那天打電話找副總
：副總在嗎？
剩下的忘記了 … 這裡你可以不喝但你一定要請你朋友喝 就問這頂不頂！氣氛好，老闆娘也好客好聊～
而且哪間咖啡廳有在拉天鵝的～
太用心❤️"
2185,麻雀雖小五臟俱全。裝潢是滿滿的海洋鯨魚風格，手網自家烘咖啡味道也是不錯。有插座，是旅人的好朋友～ 定置漁場的樓上，單品咖啡物美價廉，店內氣氛佳！！吃飽後值得上來喝一杯。
2186,檸檬塔有大、小之分，大的90元確實很好吃 可以多給幾顆★☆
2187,"外帶熱拿鐵還有漂亮的拉花～
喝起來很順很好喝！ 有水餃的咖啡廳就是讚👍🏻 …"
2188,"很喜歡的一家咖啡廳。
自由的人自由的靈魂。
自由的營業時間…….. … 專業的態度產出專業的咖啡 一直以來都是我們的愛店。從以前就很喜歡來這裡享受安靜的時光。

店裡獨特的風格、老闆與老闆娘熱情的招待都讓我們深深感受到「溫暖」。 …"
2189,"花蓮民主聖地～又非常難得的營業到半夜！
是各位夜貓ㄉ好去處👊 … 每次推出的甜點都超級好吃！
摩洛哥風情的裝潢很符合店名，咖啡也都頗有水準！
豆油超級可愛而且有禮貌！推薦給各位這巷弄裡的hidden gems🫶 …"
2190,"甜點好喝 咖啡好吃 空間舒適靜謐 這間店優格的擺盤真滴是漂亮到不行啊！！！
整間店給人一種古典的悠閒感，親切的老闆和店員、有質感的餐具、有特色又美觀的餐點，是很適合呆一個下午的咖啡廳
咖啡有超級多種，不懂咖啡的我們，點了最常見的黑咖啡和小白拿鐵，小白拿鐵會比一般拿鐵的咖啡味更重一些。 … 三明治好吃 素食友善👍🏻 … 蕃茄義大利麵好吃，小孩喜歡！
漢堡餐有附薯條，造福兒童。
酥皮濃湯正常。 … 餐點好吃！雞肉料理特別棒！"
2191,"抹茶牛奶真的不是普通的難喝
淡而無味完全沒有香氣
完全無法撐起店家的高訂價 … 麻吉鬆餅無敵好吃! 服務親切，環境舒適，還有可愛的店狗陪你玩 好多繪本玩具
小孩在這玩到不想走
媽媽只好默默的再點個點心陪他再玩一下😂 …"
2192,"美好的手沖咖啡及陽台 品質一流
感受出老闆滿滿的心意及專業
鬆餅口感鬆脆，與市售雞蛋糕口感不一樣 …"
2193,小貴但超好吃，有空會想再去 店內氣氛很棒~餐點好吃~店貓超可愛🥰 … 東西好吃，氣氛好，還有可愛的貓咪可以摸
2194,"替代役出沒的好地方 進去的時候感覺非常舒適
咖啡手沖香氣很棒好喝
可麗露真的是水準之上 …"
2195,"我覺得這是一間花蓮難得的 餐廳， 義大利麵套餐 都極有水準， 今天帶了老婆跟小孩子來用餐, 落地式沙發區， 很舒服， 餐點很好吃， 服務人員非常的客氣， 還會再來， 可惜的是今天怎麼沒有千層麵 餐點平平， 沙發都有狗抓過要過的痕跡， 感覺並不好"
2196,店員也太好笑 咖啡很好喝👍🏻👍🏻👍🏻👍🏻 …
2197,"好的都被人家講完了
反正我還會再來
讚啦 我愛老闆娘 店家在小巷裡頭，有一次在逛街的途中發現了這間小店
他的手沖咖啡與甜點都是老闆娘親自手作的(⁎⁍̴̛ᴗ⁍̴̛⁎)極推可麗露與肉桂捲
由於是寵物友善，店裡有兩隻臘腸狗勾任摸，自己也可以帶自己的毛小孩一起享受下午時光✨"
2198,"可以看電影、喝飲料吃甜點
氣氛很棒還有ㄧ隻可愛的店貓💗 … 氣氛很好很棒 餐點好吃😋 …"
2199,日日喝，超好喝！必點手沖喔 懂喝的人，還不來嗎
2200,鬆餅 鮮奶茶 木瓜牛奶 可可 黑糖拿鐵 烤馬鈴薯 還有可愛的老闆！❤️ 店員說：打店員很帥
2201,"兩百分的寶藏咖啡店

🍮好吃 貓咪可愛 書也很多 音樂很chill … 蜂蜜奇亞籽好喝😋
舒服放鬆的咖啡店
好吃的奶酪🫶🏻🫶🏻幸福 … 100的韭菜水餃🥟🥟🥟 …"
2202,"店裡裝潢頗有氣氛 環境衛生很重要，不會再訪 龍宮從此以後成為我跟老公的指標
意指貴又難吃的店
如：今天又吃到龍宮了～ … 很舒服的空間，適合休息放鬆 超特別的咖啡館！ 老闆娘一看就是個很會生活的人， 她的古董收藏都擺放在店裡，她會介紹它們的來源以及她家咖啡的獨特風味。 Happy是一隻特別幸福的小狗， 每天有老客人來餵零食, 太溫馨了！"
2203,"漂亮ㄉ老闆！
可愛ㄉ狗勾！
好吃ㄉ可麗露！ … 奶酥厚片灑上肉桂粉（🥹👍🏻） …"
2204,"有貓咪超級可愛！
點了抹茶拿鐵有附一個餅乾 熱熱的很好吃！ 整體環境、氣氛很棒！"
2205,簡約、幽靜的休閒場所，不錯的巧克力與飲料！ 2022慶祝感恩節的下午，第一次造訪，是美好的用餐休閒時光，印象深刻！
2206,"店員超帥 配方豆不錯喝，走一個較淺烘焙的路線，夜索比亞與坦尚尼亞好像還有哥倫比亞的組合，有種比較沉的柑橘調性跟一些堅果。
環境清幽，滿早開的，平日人少很適合來安靜的享受一杯咖啡跟甜點。
黑咖啡的淡是真的滿淡的喔，平常有在喝咖啡的話建議都往濃跟特濃去選擇！"
2207,花蓮民主聖地 貓咪好可愛😍 …
2208,"讚啦 咖啡很香~~甜點好吃！
老闆娘親切，如果想更瞭解咖啡豆豆的來源或風味，可以問老闆娘
店內有一隻貓咪🐈
嘎嘎讚，適合讀書、品咖啡 …"
2209,酷斃了 整家店很舒服 裝潢很好看 重點是 店裡兩位的服務非常好 不急 很溫柔 還會仔細介紹 會整理客人的鞋子 離開還會幫忙開門 鞠躬 店內生意很好 但對每組客人都這樣 真的很厲害  辛苦了
2210,"一間可愛溫馨的咖啡館，一隻友善的柴犬熱情地迎接每一位顧客。裝潢精美，座椅舒適。 … 不錯的咖啡拉花（僅限夜班員工），咖啡豆香氣濃鬱，營業至深夜。

在花蓮用筆記型電腦工作的最佳選擇！ …"
2211,"看起來很小其實空間蠻大又舒適，巧克力真心好吃 兩人的座位挺小的，建議事先定位
有店狗與店貓"
2212,"好喝的咖啡 民主的芬芳 ·價格偏高
價格不是絕對，只是可能剛好不合個人胃口吧！覺得跟蛋糕的期待有點落差，味道中規中矩 …"
2213,"第一次來就愛上了！這裡有兩種我最喜歡的飲料：威士忌和手沖咖啡！

很少有地方能提供到凌晨兩點的優質手沖咖啡，所以這家絕對是個寶藏！很快會再來，試試其他的飲品吧！ 真不敢相信我一週前才發現這個地方！今天終於去了，很高興颱風沒有阻止我。氣氛溫馨舒適，貓咪們的遊樂區相當寬敞，可愛的四條腿的工作人員（柴犬和一隻玩具貴賓犬）絕對是這次旅行的一大亮點。飲料很棒，木炭華夫餅也很棒。老闆和老闆娘都非常友善熱情。從他們使用的玻璃器皿（Bodum）就能看出他們為這家咖啡館的成功付出了很多努力 :) 很快還會再來的！ 優質咖啡，價格實惠！咖啡豆現場手工採摘和烘焙，保證新鮮！"
2214,非常棒的地方，咖啡和音樂都很棒。還有現成的康普茶！ 老闆態度不對 …
2215,"美味

藐視國會 可口的！"
2216,深夜好去處٩(˃̶͈̀௰˂̶͈́)و 好吃的鬆餅配電影害我都不想回家了 東西都很讚很好吃❤️服務態度、氣氛、裝飾品更棒
2217,很有氣氛的咖啡廳☺️☺️☺️ 鬆餅和餐點很好吃喔！服務人員態度親切，常常來吃
2218,"店狗豆油非常可愛，個性溫和，可以給摸摸。之前還主動叼娃娃給我，很親人!!
喜歡奶油海鹽焦糖吐司，吐司表層有焦糖殼脆脆的，下方鬆軟滲入奶油與焦糖的甜，雖然是熱量炸彈但很療癒。
（北非太陽蛋也好吃，有飽足感）
店員也很親切，I人友善，店裡氛圍很有異國感，每次去都滿放鬆～ 小巷裡的好喝咖啡
可麗露也非常好吃！！"
2219,很棒的咖啡廳 這樣的老咖啡廳 依舊是好喝的咖啡和甜點 還有 很棒的餐點 好吃 很棒的環境及服務人員 還有可口的餐點 工作人員熱情 店裡擺飾特別 環境乾淨 餐點好吃 價格不貴
2220,以漂流木元素營造溫潤氛圍，讓人感受花蓮在地自然生命力，咖啡與甜點水準穩定，還有療癒的店貓陪伴，充滿療癒感 距離花蓮火車站僅需步行7分鐘，交通便利，非常適合旅人中途小憩。空間採用現代歐式裝潢，環境明亮寬敞，氛圍舒適自在。最受好評的是專業的手沖單品咖啡，風味層次細緻、入口滑順回甘，獲得 Google 評論一致5星好評。此外，單行道咖啡還有4 隻可愛的店貓，牠們性格溫順、各具特色，常常成為客人最療癒的驚喜。
2221,花蓮的寶藏甜點店，大推開心果巴斯克蛋糕，草莓蛋糕好巨🤣 … 吉安慶豐一帶質感咖啡，有貓貓 雖然主打網美餐廳，但餐點口味比預期中有水準。 有三隻貓貓的咖啡店 喝了快十年了，有溫度的咖啡店。 花蓮市區巷內隱藏質感咖啡店 咖啡有1+1，拿鐵品項很豐富 火車站前有貓咪的咖啡店 很適合犒賞自己的地方。鮮奶油冰滴+熱熱的蘋果派♥️ 離花蓮火車站很近的咖啡店、花蓮很老牌的咖啡店，推冰淇淋濃縮，貓貓偶爾會在。
2222,小而美的咖啡店，沒有過多的紛擾只有好喝的手沖咖啡，老闆很親切可以按照客人喜歡的咖啡豆風味去沖泡，甜點也不錯❤️ 深夜喝咖啡散散心的好地方❤️ 臨近火車站的複合式咖啡店，每人低消是100元，有提供數位支付，店分為分美甲店跟咖啡區，座位大概20人，放著韓國流行音樂，空間明亮舒適，還有可愛的店貓陪玩～ 內用環境舒適優美，咖啡與甜點美味兼具的溫暖小店。闆娘的甜點都是現點現做，可以吃出她對食材與製作的品質要求❤️
2223,"花蓮食記#cabracoffee
#wenwen吃美食 … 花蓮食記#ONEWAYCOFFEE&BAR
#wenwen吃美食 …"
2224,環境佳 適合休息放鬆看書的地方～ 貓咪可愛
2225,"#花蓮最美的scone專賣店

日式清新的裝潢 … #咖啡師的顏值很高

開在單行道旁邊的咖啡廳 …"
2226,"舒服放鬆的空間，老闆服務很好。甜點咖啡都表現的很好。值得再訪的小店。（座位數不多容易客滿） 餐點口味都很不錯～咖啡好喝～很用心的小店。
美中不足的是客人講話很大聲⋯⋯就很吵！哈🤣 … 很舒服的現代英式簡約風格空間，很舒服！
手作甜點及義式咖啡水準之上，值得再來的咖啡店。"
2227,為了吃水色的鬆餅跟咖啡跑了不少趟去花蓮. 乾淨清爽的調高的空間，看著貓咪們優雅的在幾個腳落，喝杯咖啡好Chill~
2228,"獨特用心的店家
花生與牛肉完美組合
下次還會再來吃 鬆餅 很用心的一家店
餐點擺盤美  食材新鮮且美味
環境也很美 …"
2229,"甜點都很可口美味
會再訪的店
店裡有可愛的店貓 很喜歡這家的肉桂捲 老闆會快速的介紹產品
手沖精品咖啡 日曬 衣索比亞 花現牡丹花 $160
蜂蜜奶油鬆餅$120
香蒜麵包$80"
2230,"很適合放鬆的咖啡店☕🍰
鬆餅很脆，搭配季節水果口味清爽
夏季的時候偶有芒果，可先詢問店家
喵喵都很可愛呦 … 這是冰拿鐵
這是認真的咖啡店
自家有做烘豆，各款豆都可以試聞
店員也會細心解說 帶到溪邊吃剛好👌解凍 …"
2231,"很好吃的店😍 … 食物美味
店員親切
價位合理 …"
2232,我們第二次來，愛他們的蛋糕甜點手沖咖啡又有可愛貓咪相伴好幸福的好所在❤️❤️ 派好好吃，點杯 咖啡 蜜香紅茶 搭派，絕配👍👍下次還要再來找 貓貓 吃派派🤗🤗 …
2233,"環境明亮舒適
還有可愛貓貓做陪
咖啡順口好喝
可以讓人放鬆的好地方 舒適的用餐環境"
2234,"一切都很美好閑靜～ 風味十足的咖啡
悠閒的氣氛
可愛的貓咪 … 很久沒來了，一樣好好吃🤤 …"
2235,"中午好熱～初訪
有貓貓⋯摩卡 黑糖 白糖貴
點了拿鐵跟蔓越莓司康 … 咖啡飲品好喝、甜點好吃、音樂好聽、貓咪超極可愛❤️✨"
2236,平日去貴咖啡店久坐，竟然被後頭還有客人請走，人生的第一次就這麼獻給你們了，倍感榮幸。 一向年光有限身，等閒離別易銷魂，酒筵歌席莫辭頻，落花風雨更傷春，不如惜取眼前人。
2237,"貓咪超可愛
服務人員很好聊
咖啡與甜點很好吃 店家很客氣，貓咪很可愛"
2238,"店內有可愛貓貓可以摸，很舒服的咖啡廳 此店為咖啡及甜點外帶店（無內用），想悠閒享受需與大自然共存（心靜自然涼）☺️

PS：忘記拍櫃檯（下次補拍） …"
2239,空間寬敞、有貓貓！廁所很友善，有衛生棉可以使用！ 氣氛好、環境乾淨整潔、餐點好吃！抹茶拿鐵也很濃郁！
2240,"點了岩燒起司 口感卻像海綿蛋糕
完全沒有任何驚豔之處
覺得店家應該改這道餐點名稱 … 雖然內用空間不大，但佈置的很用心，氛圍很好 咖啡好喝，難得結合海洋的生態咖啡廳 景當然是沒話說的，但真的對餐點失望，貴沒關係但要有價值，大概只有小餅乾能吃 服務還不錯餐點有附餐飲料會更好 餐點好吃，用心的裝潢讓人耳目一新"
2241,"老闆人幽默風趣
是個下班後放鬆的地方
上班中難搞的任何人事物
來這裡一切都雲淡風輕！ 環境超好"
2242,"寬敞～一隻貓咪會熱情招待你
很特別！ 親海景的小巧店家，許多木製裝潢。
有可愛的店長貓咪～🐱
桌邊或附近有提供店員🔌
還會再來～ … 今天週六下午得一點空～大約三點半
有三組客人～還有約一半的座位
全數約20個座位上下～ …"
2243,"外面的白牆及佈置吸引人且好拍
一進去老闆娘非常親切的介紹，
浮室咖啡，類似西西里咖啡很推薦 … 環境舒服～咖啡甜點👍🏻
貓咪也好乖好可愛 …"
2244,"值得推薦的專業咖啡 花蓮
新的喝cafe好地方 喝咖啡的一個好地方 優質環境，推薦喝咖啡的好地方"
2245,"很享受的空間
餐點好吃
還有貓伴 寵物友善 有三隻店貓 蛋糕非常好吃，飲料也很好喝服務非常好，廁所也很乾淨五顆心每年都想回來 我的貓也可以出來非常的開心"
2246,"咖啡不錯，甜點也好吃

今天點的是布丁與費南雪 … 有貓100分！
不管是人類店員還是貓主子都很棒！態度100！
有插座也很棒，可以舒服地窩在沙發用電腦～
黑糖好親人好可愛❤️ 磅蛋糕好好吃，外皮酥酥的，蛋糕也不會很甜，非常棒！

Adffogato 也很好吃! … 肉桂卷很好吃👍👍👍

雖然已經非常多年沒有賣巧克力了，店家也早就轉型多年了，但仍舊吸引消費者從各地前來購買。 … 司康好吃！是鬆軟的司康。
買的是芋泥司康，不知道是不是因為芋泥的關係，吃起來不會乾，很意外。 …"
2247,甜點好吃不膩，空間寬敞舒適！ 芭樂美式清爽好喝，真的很適合熱熱的天氣！肉桂捲也出乎意外的好吃，甜味與肉桂的味道讓人喜愛，老闆也相當健談。
2248,"以巧克力專賣店的巧克力來說，調味獨特，但巧克力本身普普通通 價格便宜 東西也在水準之上
還有可愛貓貓  推推！"
2249,棒 很棒的氛圍，可以坐一整天
2250,"泡芙卡士達內餡很好吃，但草莓普通而且皮超級軟，買完十分鐘後吃就已經整顆外殼都軟掉，一顆不便宜吃完很失望😢 … 從用餐環境、餐點美味度、到店內裝潢、清潔度能看出店家的用心，是會想再訪的咖啡廳。許願有更多全素的選擇，祝福店家生意興隆 在花蓮的午後想喝杯咖啡，地圖搜尋到附近評價最高的咖啡廳，一走進來原本立馬想退出去，因為經營者是潮男美女，所以心裡不預期會有好的品質與服務，沒想到布朗尼一上來驚為天人！好吃程度超越內湖的Joker，接近中壢的拾事咖啡，沒想到花蓮的咖啡廳蛋糕居然成為我心中的第二名！立馬再外帶兩個蛋糕給家人嚐嚐，據家人說店家推薦我外帶的適合女孩口味蛋糕口味更佳！ … 超讚的咖啡廳，寬敞明亮又乾淨，老闆人超好，貓貓也超可愛😍沒想到家附近有這麼棒的店，下次會再帶朋友來 … 塔很好吃！ 甜點跟飲品非常好喝，肉桂捲超讚。店內的擺設也很用心，老闆很親切。唯一的缺點是廁所的味道很可怕，希望環境衛生能改善☺️ Pros: 服務態度佳，店裡乾淨，座位安排不壓迫，舒適安靜。店狗可愛，餐點口味ok，裝潢有特色

Cons:浴室水龍頭會亂噴水（我想每個客人應該都會中招）餐點價格偏高，出餐很慢 用甜點控訂了巧克力可可豆口味，用烤箱烤五分鐘，司康厚實加上微融化的可可豆，很不錯！"
2251,"花蓮網美咖啡廳👍🏻👍🏻
環境很好 咖啡好喝☺️ … 感謝親切的闆娘細心介紹，喝得到溫暖的咖啡和甜點，及充滿小細節和驚喜的空間;)"
2252,很有氣氛的咖啡店，需要經過一條小巷才抵達店門口，餐點主要分為中式和泰式，分量不小，口感也不錯。甜點的部分有舒芙蕾，但只有一種選擇，會搭配雪糕水果，好吃。 店家門口沒有明顯的招牌，但就在廟的旁邊，7-11的對面，還算是好找的地方。從外觀看應該是老屋重新裝潢，店內的氣氛舒適隨性，滿滿的文青感，另外還有開放的廚房，對於餐點製作的過程一目瞭然。菜單的部分簡潔明瞭分爲早午餐、飲料、甜點，早午餐的供應時段是0900-1400，只有三種選擇：巴薩米克醋炒菇、鹹豬肉溫沙拉、北非番茄甜椒燉蛋，餐點分量不大但非常的精緻可口。甜點的種類就比較多，但也只有5種左右，甜點算是很有特色，口感也非常好。整體來說，在七星潭附近非常值得一去的咖啡店。 非常有古色古香的老屋，裏面裝滿了老闆娘從世界各地搜羅到的各式古董，而且還會非常認真的介紹，另外這裏只賣咖啡只有星期一或二有甜點，咖啡的口味老闆娘會與你討論喜歡哪一類口感。 店内有貓也有狗，環境舒適輕鬆，餐點分量大，也蠻好吃的。
2253,環境優美，布朗尼鬆軟好吃！ 甜點飲料不貴但有一定品質~老闆娘很親切(還會分享單品咖啡）店貓很可愛！
2254,甜點、咖啡、氣氛都不錯，朋友聚會的好地方！ 手工巧克力有一些很特別口味，飲品也不錯，單價約百元，二樓氣氛很不錯非常悠閒舒適，也都有藝術品展覽，很棒！！
2255,"上火車前的片刻休息
剛好查到這家可愛的咖啡廳
老闆人非常的nice … 小小古宅的咖啡廳
提拉米蘇得酒味醇厚
酒香味濃厚 …"
2256,咖啡有多種口味好喝，甜點及手工餅乾都好吃 環境佈置雅緻，可愛小貓增添療癒氛圍，精心調製的飲料讓渴望滿足。
2257,"可愛的氛圍、友善的員工和熱情的服務、美味的飲料和食物，還有令人垂涎欲滴的巧克力派！ 🤤 … 老闆人很好，客人不多時也會來跟我們聊天，咖啡也好喝，豆子也都是自己烘的，值得再來！ 非常專業的咖啡 ，咖啡韻味十足，店內氛圍很棒😀 … 鬆餅好吃，桂花起司蛋糕很有特色 純天然鬆餅，奶油一口一匙入口即化，最後再淋蜂蜜🍯吃。
髒髒拿鐵沒有拍到因為太好喝，先喝了🤣
花蓮的朋友快來喔，老闆要去台北了！！！ …"
2258,老闆非常用心 好吃好喝貓咪可愛～
2259,"推薦拿鐵❤️
貓咪好療癒～～ 花蓮數一數二的咖啡廳~環境舒適寬敞，還有可愛的貓咪們的陪伴，食物又超級好吃❤CP 值很高，值得一來再來！！"
2260,"隱藏在巷弄的咖啡廳
環境清幽文靜 … 環境舒適，貓咪很可愛"
2261,環境乾淨整潔美觀的小小咖啡廳，雖然位子不多但不會擁擠。 … 貓很親人！讚👍 … 今天路過吃了個我喜歡的可麗露，一個60，算中一中矩。
2262,"愜意！！
牙痛的日子
還能有貼心小巧的可麗露 … 環境超美，超級舒適！還有可愛的貓貓
非常推薦真的很棒！😍😍😍 …"
2263,很專業，環境安靜，很喜歡 甜點跟咖啡都不太甜但好吃，很適合我這個想吃又怕負擔重的孕婦。
2264,店裡有百年孤寂精裝本 餐點優質，貓咪可愛親人🤩 想嚕貓一定要來 …
2265,"質感滿分的咖啡廳，還有可愛貓貓❤️ 買了好多次蛋糕的經驗
撇除蛋糕很完美也好吃
不管是店內的服務生、還有板娘的態度都很剛好 …"
2266,司康口味很多，每次去都有驚喜的感覺，店內裝潢很開闊清新，坐在裡面喝咖啡吃司康好放鬆👍 … 環境舒服，咖啡好喝👍甜點好吃😋貓咪可愛 …
2267,"佈置很精緻
貓可愛
但是一直放 country 音樂 😬 … 音樂好，不會太亮，氣氛不錯，老闆有個性"
2268,鬆餅和帕尼尼不錯吃，三貓和兩狗也很可愛，適合喜歡貓貓狗狗的人。 第1000份評論~~餐點種類多樣化，用餐氣氛舒適，值得再去的店。
2269,"單品咖啡好喝👍 … 手沖咖啡很好喝👍 … 紅茶布丁😋
手沖咖啡👍 … 手沖咖啡好喝👍
手工餅乾好吃😋 … 新開店沒幾天來嚐鮮
美式咖啡可選豆好喝
墨魚海鮮義大利麵口味不重美味
黑松露蘑菇湯也太好喝了吧！👍 …"
2270,平日造訪午餐時段也不需等候，羊奶、羊奶咖啡&羊奶奶昔的羊奶味道都很濃，不愛的人可能要想一下要不要嘗試，寵物牽繩可入內，店員會叮嚀牽繩收短和不上椅子，很謝謝有寵物友善空間。 … 餐點水準偏上，重點價格便宜，且寵物友善，推！！！
2271,布朗尼和鬆餅都好好吃，店員很親切，店貓好可愛，推推😍 … 司康好吃！！推推，價格合理，但飲品類就普普沒很推。
2272,貓咪親人，氣氛好，東西好吃。 甜點表現優秀 黑咖啡好喝
2273,貓咪可愛親人 飲料好喝 蛋糕好吃 好吃
2274,"▼(・ᴥ・)▼單品手沖、拿鐵都好喝，會數學的肉桂捲就是好看又好好吃，喜歡焦糖和香橙口味的肉桂捲 貓咪都健健康康胖胖圓圓潤潤的很可愛，帶狗狗來也蠻放心的，貓咪都很淡定🤣 店裡飲品選項超多，咖啡或鮮打果汁都很好喝，早午餐或下午茶都很棒，氛圍很放鬆愜意 … 很喜歡整家店的氛圍，點心和餐點都不錯吃，很適合和朋友小聚的店家 餐點好吃、選擇很多，輕食沙拉和義大利麵燉飯都很讚，寵物友善+100分🥰🐾🐕‍🦺✨
店員也都很親切，再忙都笑笑的～～～店內座位間距也夠寬敞，還有狗狗貓咪的小點心區可以買給嘴饞的寵物們🤣 … Latte很順口，很喜歡豆子的味道，可頌也好好吃，全家都在誇！老闆人很親切NICE ^^ 去了2次都很喜歡，推提拉米蘇~微凍的口感超讚！
還有親人的卯咪喵喵喵 肉桂捲好吃😋 拿鐵也是花蓮最好喝之一！ …"
2275,"餐點都好吃
最喜歡麻糬鬆餅❤️ 喜歡店內空間寬敞而且充滿歐風的設計
七嘴八舌聊天也絕對不會被人聽到
是完全可以大聊特聊的好去處 …"
2276,"非常好的環境~還有可愛的柯基！！
司康真的好吃的沒話說！
大推來嘗試！一試就會愛上那種！ 貓咪可愛，舒服的用餐環境~"
2277,非常棒的空間，好喝的咖啡 環境非常好，老闆介紹咖啡也非常詳細。
2278,用心在每一細節，不可錯過滿足味蕾跟心靈的好店🥰 … 咖啡好香郁，品質好，老闆親切，咖啡王子。
2279,"咖啡很好喝
店內氣氛輕鬆
空間跟裝飾都很認真 … 海鮮麵沒味道湯太淡，椒麻雞有硬到價錢又貴+兩杯飲料含服務費快1000。 吃兩口就後悔來這間店用餐了，最後真的吃不下去5分鐘後走人。 氛圍很好，放鬆 舒適的一家店～"
2280,"貓很可愛，咖啡好喝 老闆待人親切
貓咪很可愛☺️
有機會一定會再去的 他們家的司康口感：外部酥脆，內部鬆軟，帶有一點鬆散的層次感。還有可愛的柯基在店內，直接融化！😻（店內空間位置較為狹小，但人數少時，氛圍是慵懶且舒適的。）建議避開巔峰時間用餐，感受度會較為好些～ …"
2281,"在花蓮火車站前站附近安靜的巷子裡，店家也要求顧客要保持安靜（我是來到圖書館嗎？）咖啡機跟果汁機是店家允許店裡唯二的噪音。低消是飲料，讓只想點甜點的人很困擾。喔，水果茶蠻好喝的。 我和男友的約會首選地❤
東西好吃，氣氛佳，有可愛的狗🐶和貓🐱 …"
2282,來花蓮一定要吃的司康，評論有很多說很乾，我覺得不會，只要加熱前稍微噴一些水上去，口感很乾的問題就解決了👍非常推薦👍 … 五次回訪，認真好吃👍 …
2283,很舒服的一家店，咖啡很不錯 浮室咖啡好喝～
2284,"花蓮少有的專業咖啡店，還有用心的甜點 味道不錯
缺點是鬆餅比正餐還早上來"
2285,"很好吃，也很適合拍照 好吃放鬆的空間
二樓還有小畫展
推 來放鬆走走
偶爾有講座可以關注他們粉專👍 …"
